Year,Direction,Metric,Investor_Level,Country_Code,Country_Name,Region_Group,Unit,Value
2015,FDI in Switzerland (Inward),Capital stocks,Capital stocks by immediate investor,AU,Australia,All / Total,CHF Millions,
2015,FDI in Switzerland (Inward),Capital stocks,Capital stocks by immediate investor,AT,Austria,Europe,CHF Millions,60627.2
2015,FDI in Switzerland (Inward),Capital stocks,Capital stocks by immediate investor,BE,Belgium,Europe,CHF Millions,5659.0
2015,FDI in Switzerland (Inward),Capital stocks,Capital stocks by immediate investor,CA,Canada,North America,CHF Millions,-12.5
2015,FDI in Switzerland (Inward),Capital stocks,Capital stocks by immediate investor,CN,China,All / Total,CHF Millions,
2015,FDI in Switzerland (Inward),Capital stocks,Capital stocks by immediate investor,CY,Cyprus,Europe,CHF Millions,1297.6
2015,FDI in Switzerland (Inward),Capital stocks,Capital stocks by immediate investor,DK,Denmark,Europe,CHF Millions,3602.8
2015,FDI in Switzerland (Inward),Capital stocks,Capital stocks by immediate investor,B3,EU,Europe,CHF Millions,755830.5
2015,FDI in Switzerland (Inward),Capital stocks,Capital stocks by immediate investor,FR,France,Europe,CHF Millions,39546.6
2015,FDI in Switzerland (Inward),Capital stocks,Capital stocks by immediate investor,DE,Germany,Europe,CHF Millions,24255.2
2015,FDI in Switzerland (Inward),Capital stocks,Capital stocks by immediate investor,HU,Hungary,Europe,CHF Millions,16894.7
2015,FDI in Switzerland (Inward),Capital stocks,Capital stocks by immediate investor,IN,India,All / Total,CHF Millions,
2015,FDI in Switzerland (Inward),Capital stocks,Capital stocks by immediate investor,IE,Ireland,Europe,CHF Millions,34740.3
2015,FDI in Switzerland (Inward),Capital stocks,Capital stocks by immediate investor,IL,Israel,All / Total,CHF Millions,1130.5
2015,FDI in Switzerland (Inward),Capital stocks,Capital stocks by immediate investor,IT,Italy,Europe,CHF Millions,4130.8
2015,FDI in Switzerland (Inward),Capital stocks,Capital stocks by immediate investor,JP,Japan,All / Total,CHF Millions,5649.0
2015,FDI in Switzerland (Inward),Capital stocks,Capital stocks by immediate investor,LU,Luxembourg,Europe,CHF Millions,233233.6
2015,FDI in Switzerland (Inward),Capital stocks,Capital stocks by immediate investor,PMA,Memorandum item: All countries including real estate activities,All / Total,CHF Millions,974635.3
2015,FDI in Switzerland (Inward),Capital stocks,Capital stocks by immediate investor,PMG,Memorandum item: Real estate activities,All / Total,CHF Millions,37523.7
2015,FDI in Switzerland (Inward),Capital stocks,Capital stocks by immediate investor,MX,Mexico,Central and South America,CHF Millions,
2015,FDI in Switzerland (Inward),Capital stocks,Capital stocks by immediate investor,NL,Netherlands,Europe,CHF Millions,272363.3
2015,FDI in Switzerland (Inward),Capital stocks,Capital stocks by immediate investor,S19,Offshore financial centres,Central and South America,CHF Millions,67281.6
2015,FDI in Switzerland (Inward),Capital stocks,Capital stocks by immediate investor,SNBBS21,Offshore financial centres in Europe,Europe,CHF Millions,
2015,FDI in Switzerland (Inward),Capital stocks,Capital stocks by immediate investor,G9,Other European countries,Europe,CHF Millions,12408.0
2015,FDI in Switzerland (Inward),Capital stocks,Capital stocks by immediate investor,RU,Russia,Europe,CHF Millions,
2015,FDI in Switzerland (Inward),Capital stocks,Capital stocks by immediate investor,ES,Spain,Europe,CHF Millions,10228.8
2015,FDI in Switzerland (Inward),Capital stocks,Capital stocks by immediate investor,SE,Sweden,Europe,CHF Millions,9932.5
2015,FDI in Switzerland (Inward),Capital stocks,Capital stocks by immediate investor,T0,Total,All / Total,CHF Millions,937111.6
2015,FDI in Switzerland (Inward),Capital stocks,Capital stocks by immediate investor,T1,Total,Europe,CHF Millions,768238.6
2015,FDI in Switzerland (Inward),Capital stocks,Capital stocks by immediate investor,T2,Total,North America,CHF Millions,93679.8
2015,FDI in Switzerland (Inward),Capital stocks,Capital stocks by immediate investor,T3,Total,Central and South America,CHF Millions,65393.2
2015,FDI in Switzerland (Inward),Capital stocks,Capital stocks by immediate investor,T4,Total,All / Total,CHF Millions,9800.1
2015,FDI in Switzerland (Inward),Capital stocks,Capital stocks by immediate investor,AE,United Arab Emirates,All / Total,CHF Millions,
2015,FDI in Switzerland (Inward),Capital stocks,Capital stocks by immediate investor,GB,United Kingdom,Europe,CHF Millions,41412.5
2015,FDI in Switzerland (Inward),Capital stocks,Capital stocks by immediate investor,US,United States,North America,CHF Millions,93692.3
2015,FDI in Switzerland (Inward),Capital stocks,Capital stocks by ultimate beneficial owner,AU,Australia,All / Total,CHF Millions,3475.0
2015,FDI in Switzerland (Inward),Capital stocks,Capital stocks by ultimate beneficial owner,AT,Austria,Europe,CHF Millions,7694.2
2015,FDI in Switzerland (Inward),Capital stocks,Capital stocks by ultimate beneficial owner,BE,Belgium,Europe,CHF Millions,6998.0
2015,FDI in Switzerland (Inward),Capital stocks,Capital stocks by ultimate beneficial owner,CA,Canada,North America,CHF Millions,38211.1
2015,FDI in Switzerland (Inward),Capital stocks,Capital stocks by ultimate beneficial owner,CN,China,All / Total,CHF Millions,
2015,FDI in Switzerland (Inward),Capital stocks,Capital stocks by ultimate beneficial owner,CY,Cyprus,Europe,CHF Millions,
2015,FDI in Switzerland (Inward),Capital stocks,Capital stocks by ultimate beneficial owner,DK,Denmark,Europe,CHF Millions,3177.3
2015,FDI in Switzerland (Inward),Capital stocks,Capital stocks by ultimate beneficial owner,B3,EU,Europe,CHF Millions,355415.4
2015,FDI in Switzerland (Inward),Capital stocks,Capital stocks by ultimate beneficial owner,FR,France,Europe,CHF Millions,42820.5
2015,FDI in Switzerland (Inward),Capital stocks,Capital stocks by ultimate beneficial owner,DE,Germany,Europe,CHF Millions,32186.4
2015,FDI in Switzerland (Inward),Capital stocks,Capital stocks by ultimate beneficial owner,HU,Hungary,Europe,CHF Millions,
2015,FDI in Switzerland (Inward),Capital stocks,Capital stocks by ultimate beneficial owner,IN,India,All / Total,CHF Millions,1584.6
2015,FDI in Switzerland (Inward),Capital stocks,Capital stocks by ultimate beneficial owner,IE,Ireland,Europe,CHF Millions,107247.8
2015,FDI in Switzerland (Inward),Capital stocks,Capital stocks by ultimate beneficial owner,IL,Israel,All / Total,CHF Millions,1548.6
2015,FDI in Switzerland (Inward),Capital stocks,Capital stocks by ultimate beneficial owner,IT,Italy,Europe,CHF Millions,5965.6
2015,FDI in Switzerland (Inward),Capital stocks,Capital stocks by ultimate beneficial owner,JP,Japan,All / Total,CHF Millions,11025.8
2015,FDI in Switzerland (Inward),Capital stocks,Capital stocks by ultimate beneficial owner,LU,Luxembourg,Europe,CHF Millions,25735.6
2015,FDI in Switzerland (Inward),Capital stocks,Capital stocks by ultimate beneficial owner,PMA,Memorandum item: All countries including real estate activities,All / Total,CHF Millions,974635.3
2015,FDI in Switzerland (Inward),Capital stocks,Capital stocks by ultimate beneficial owner,PMG,Memorandum item: Real estate activities,All / Total,CHF Millions,37523.7
2015,FDI in Switzerland (Inward),Capital stocks,Capital stocks by ultimate beneficial owner,MX,Mexico,Central and South America,CHF Millions,12814.3
2015,FDI in Switzerland (Inward),Capital stocks,Capital stocks by ultimate beneficial owner,NL,Netherlands,Europe,CHF Millions,72424.1
2015,FDI in Switzerland (Inward),Capital stocks,Capital stocks by ultimate beneficial owner,S19,Offshore financial centres,Central and South America,CHF Millions,16514.0
2015,FDI in Switzerland (Inward),Capital stocks,Capital stocks by ultimate beneficial owner,SNBBS21,Offshore financial centres in Europe,Europe,CHF Millions,11200.5
2015,FDI in Switzerland (Inward),Capital stocks,Capital stocks by ultimate beneficial owner,G9,Other European countries,Europe,CHF Millions,47725.8
2015,FDI in Switzerland (Inward),Capital stocks,Capital stocks by ultimate beneficial owner,RU,Russia,Europe,CHF Millions,5442.7
2015,FDI in Switzerland (Inward),Capital stocks,Capital stocks by ultimate beneficial owner,ES,Spain,Europe,CHF Millions,6395.1
2015,FDI in Switzerland (Inward),Capital stocks,Capital stocks by ultimate beneficial owner,SE,Sweden,Europe,CHF Millions,10222.2
2015,FDI in Switzerland (Inward),Capital stocks,Capital stocks by ultimate beneficial owner,T0,Total,All / Total,CHF Millions,937111.6
2015,FDI in Switzerland (Inward),Capital stocks,Capital stocks by ultimate beneficial owner,T1,Total,Europe,CHF Millions,403141.2
2015,FDI in Switzerland (Inward),Capital stocks,Capital stocks by ultimate beneficial owner,T2,Total,North America,CHF Millions,449077.4
2015,FDI in Switzerland (Inward),Capital stocks,Capital stocks by ultimate beneficial owner,T3,Total,Central and South America,CHF Millions,63124.4
2015,FDI in Switzerland (Inward),Capital stocks,Capital stocks by ultimate beneficial owner,T4,Total,All / Total,CHF Millions,21768.7
2015,FDI in Switzerland (Inward),Capital stocks,Capital stocks by ultimate beneficial owner,AE,United Arab Emirates,All / Total,CHF Millions,1754.1
2015,FDI in Switzerland (Inward),Capital stocks,Capital stocks by ultimate beneficial owner,GB,United Kingdom,Europe,CHF Millions,33929.6
2015,FDI in Switzerland (Inward),Capital stocks,Capital stocks by ultimate beneficial owner,US,United States,North America,CHF Millions,410866.3
2015,FDI in Switzerland (Inward),Capital transactions (flows),Immediate investor,AT,Austria,Europe,CHF Millions,-75.7
2015,FDI in Switzerland (Inward),Capital transactions (flows),Immediate investor,BE,Belgium,Europe,CHF Millions,1599.2
2015,FDI in Switzerland (Inward),Capital transactions (flows),Immediate investor,CA,Canada,North America,CHF Millions,249.6
2015,FDI in Switzerland (Inward),Capital transactions (flows),Immediate investor,CY,Cyprus,Europe,CHF Millions,-1847.8
2015,FDI in Switzerland (Inward),Capital transactions (flows),Immediate investor,DK,Denmark,Europe,CHF Millions,-2760.1
2015,FDI in Switzerland (Inward),Capital transactions (flows),Immediate investor,B3,EU,Europe,CHF Millions,71673.4
2015,FDI in Switzerland (Inward),Capital transactions (flows),Immediate investor,FR,France,Europe,CHF Millions,115.9
2015,FDI in Switzerland (Inward),Capital transactions (flows),Immediate investor,DE,Germany,Europe,CHF Millions,856.2
2015,FDI in Switzerland (Inward),Capital transactions (flows),Immediate investor,HU,Hungary,Europe,CHF Millions,1905.8
2015,FDI in Switzerland (Inward),Capital transactions (flows),Immediate investor,IE,Ireland,Europe,CHF Millions,13370.0
2015,FDI in Switzerland (Inward),Capital transactions (flows),Immediate investor,IL,Israel,All / Total,CHF Millions,49.4
2015,FDI in Switzerland (Inward),Capital transactions (flows),Immediate investor,IT,Italy,Europe,CHF Millions,409.1
2015,FDI in Switzerland (Inward),Capital transactions (flows),Immediate investor,JP,Japan,All / Total,CHF Millions,522.6
2015,FDI in Switzerland (Inward),Capital transactions (flows),Immediate investor,LU,Luxembourg,Europe,CHF Millions,7069.5
2015,FDI in Switzerland (Inward),Capital transactions (flows),Immediate investor,PMA,Memorandum item: All countries including real estate activities,All / Total,CHF Millions,83099.3
2015,FDI in Switzerland (Inward),Capital transactions (flows),Immediate investor,PMG,Memorandum item: Real estate activities,All / Total,CHF Millions,438.7
2015,FDI in Switzerland (Inward),Capital transactions (flows),Immediate investor,NL,Netherlands,Europe,CHF Millions,35861.2
2015,FDI in Switzerland (Inward),Capital transactions (flows),Immediate investor,S19,Offshore financial centres,Central and South America,CHF Millions,20033.8
2015,FDI in Switzerland (Inward),Capital transactions (flows),Immediate investor,G9,Other European countries,Europe,CHF Millions,-4113.4
2015,FDI in Switzerland (Inward),Capital transactions (flows),Immediate investor,ES,Spain,Europe,CHF Millions,129.4
2015,FDI in Switzerland (Inward),Capital transactions (flows),Immediate investor,SE,Sweden,Europe,CHF Millions,2008.5
2015,FDI in Switzerland (Inward),Capital transactions (flows),Immediate investor,T0,Total,All / Total,CHF Millions,82660.7
2015,FDI in Switzerland (Inward),Capital transactions (flows),Immediate investor,T1,Total,Europe,CHF Millions,67560.0
2015,FDI in Switzerland (Inward),Capital transactions (flows),Immediate investor,T2,Total,North America,CHF Millions,-413.2
2015,FDI in Switzerland (Inward),Capital transactions (flows),Immediate investor,T3,Total,Central and South America,CHF Millions,19898.3
2015,FDI in Switzerland (Inward),Capital transactions (flows),Immediate investor,T4,Total,All / Total,CHF Millions,-4384.9
2015,FDI in Switzerland (Inward),Capital transactions (flows),Immediate investor,GB,United Kingdom,Europe,CHF Millions,13785.9
2015,FDI in Switzerland (Inward),Capital transactions (flows),Immediate investor,US,United States,North America,CHF Millions,-662.8
2015,FDI in Switzerland (Inward),Investment income,Investment income by immediate investor,AU,Australia,All / Total,CHF Millions,
2015,FDI in Switzerland (Inward),Investment income,Investment income by immediate investor,AT,Austria,Europe,CHF Millions,-1617.1
2015,FDI in Switzerland (Inward),Investment income,Investment income by immediate investor,BE,Belgium,Europe,CHF Millions,895.9
2015,FDI in Switzerland (Inward),Investment income,Investment income by immediate investor,CA,Canada,North America,CHF Millions,-4.4
2015,FDI in Switzerland (Inward),Investment income,Investment income by immediate investor,CN,China,All / Total,CHF Millions,
2015,FDI in Switzerland (Inward),Investment income,Investment income by immediate investor,CY,Cyprus,Europe,CHF Millions,-1227.4
2015,FDI in Switzerland (Inward),Investment income,Investment income by immediate investor,DK,Denmark,Europe,CHF Millions,1325.7
2015,FDI in Switzerland (Inward),Investment income,Investment income by immediate investor,B3,EU,Europe,CHF Millions,37985.0
2015,FDI in Switzerland (Inward),Investment income,Investment income by immediate investor,FR,France,Europe,CHF Millions,3212.6
2015,FDI in Switzerland (Inward),Investment income,Investment income by immediate investor,DE,Germany,Europe,CHF Millions,2653.1
2015,FDI in Switzerland (Inward),Investment income,Investment income by immediate investor,HU,Hungary,Europe,CHF Millions,1222.4
2015,FDI in Switzerland (Inward),Investment income,Investment income by immediate investor,IN,India,All / Total,CHF Millions,
2015,FDI in Switzerland (Inward),Investment income,Investment income by immediate investor,IE,Ireland,Europe,CHF Millions,-2248.4
2015,FDI in Switzerland (Inward),Investment income,Investment income by immediate investor,IL,Israel,All / Total,CHF Millions,32.6
2015,FDI in Switzerland (Inward),Investment income,Investment income by immediate investor,IT,Italy,Europe,CHF Millions,188.6
2015,FDI in Switzerland (Inward),Investment income,Investment income by immediate investor,JP,Japan,All / Total,CHF Millions,150.0
2015,FDI in Switzerland (Inward),Investment income,Investment income by immediate investor,LU,Luxembourg,Europe,CHF Millions,11823.7
2015,FDI in Switzerland (Inward),Investment income,Investment income by immediate investor,MX,Mexico,Central and South America,CHF Millions,
2015,FDI in Switzerland (Inward),Investment income,Investment income by immediate investor,NL,Netherlands,Europe,CHF Millions,17812.5
2015,FDI in Switzerland (Inward),Investment income,Investment income by immediate investor,S19,Offshore financial centres,Central and South America,CHF Millions,8906.8
2015,FDI in Switzerland (Inward),Investment income,Investment income by immediate investor,SNBBS21,Offshore financial centres in Europe,Europe,CHF Millions,
2015,FDI in Switzerland (Inward),Investment income,Investment income by immediate investor,G9,Other European countries,Europe,CHF Millions,-1734.2
2015,FDI in Switzerland (Inward),Investment income,Investment income by immediate investor,RU,Russia,Europe,CHF Millions,
2015,FDI in Switzerland (Inward),Investment income,Investment income by immediate investor,ES,Spain,Europe,CHF Millions,182.1
2015,FDI in Switzerland (Inward),Investment income,Investment income by immediate investor,SE,Sweden,Europe,CHF Millions,690.0
2015,FDI in Switzerland (Inward),Investment income,Investment income by immediate investor,T0,Total,All / Total,CHF Millions,60897.0
2015,FDI in Switzerland (Inward),Investment income,Investment income by immediate investor,T1,Total,Europe,CHF Millions,36250.8
2015,FDI in Switzerland (Inward),Investment income,Investment income by immediate investor,T2,Total,North America,CHF Millions,15710.5
2015,FDI in Switzerland (Inward),Investment income,Investment income by immediate investor,T3,Total,Central and South America,CHF Millions,8441.8
2015,FDI in Switzerland (Inward),Investment income,Investment income by immediate investor,T4,Total,All / Total,CHF Millions,494.4
2015,FDI in Switzerland (Inward),Investment income,Investment income by immediate investor,AE,United Arab Emirates,All / Total,CHF Millions,
2015,FDI in Switzerland (Inward),Investment income,Investment income by immediate investor,GB,United Kingdom,Europe,CHF Millions,2972.5
2015,FDI in Switzerland (Inward),Investment income,Investment income by immediate investor,US,United States,North America,CHF Millions,15714.8
2015,FDI in Switzerland (Inward),Investment income,Investment income by ultimate beneficial owner,AU,Australia,All / Total,CHF Millions,1826.7
2015,FDI in Switzerland (Inward),Investment income,Investment income by ultimate beneficial owner,AT,Austria,Europe,CHF Millions,324.8
2015,FDI in Switzerland (Inward),Investment income,Investment income by ultimate beneficial owner,BE,Belgium,Europe,CHF Millions,1135.4
2015,FDI in Switzerland (Inward),Investment income,Investment income by ultimate beneficial owner,CA,Canada,North America,CHF Millions,4138.8
2015,FDI in Switzerland (Inward),Investment income,Investment income by ultimate beneficial owner,CN,China,All / Total,CHF Millions,17.7
2015,FDI in Switzerland (Inward),Investment income,Investment income by ultimate beneficial owner,CY,Cyprus,Europe,CHF Millions,
2015,FDI in Switzerland (Inward),Investment income,Investment income by ultimate beneficial owner,DK,Denmark,Europe,CHF Millions,1305.8
2015,FDI in Switzerland (Inward),Investment income,Investment income by ultimate beneficial owner,B3,EU,Europe,CHF Millions,27110.8
2015,FDI in Switzerland (Inward),Investment income,Investment income by ultimate beneficial owner,FR,France,Europe,CHF Millions,4265.3
2015,FDI in Switzerland (Inward),Investment income,Investment income by ultimate beneficial owner,DE,Germany,Europe,CHF Millions,3677.1
2015,FDI in Switzerland (Inward),Investment income,Investment income by ultimate beneficial owner,HU,Hungary,Europe,CHF Millions,
2015,FDI in Switzerland (Inward),Investment income,Investment income by ultimate beneficial owner,IN,India,All / Total,CHF Millions,30.9
2015,FDI in Switzerland (Inward),Investment income,Investment income by ultimate beneficial owner,IE,Ireland,Europe,CHF Millions,7820.3
2015,FDI in Switzerland (Inward),Investment income,Investment income by ultimate beneficial owner,IL,Israel,All / Total,CHF Millions,82.0
2015,FDI in Switzerland (Inward),Investment income,Investment income by ultimate beneficial owner,IT,Italy,Europe,CHF Millions,188.5
2015,FDI in Switzerland (Inward),Investment income,Investment income by ultimate beneficial owner,JP,Japan,All / Total,CHF Millions,-9.3
2015,FDI in Switzerland (Inward),Investment income,Investment income by ultimate beneficial owner,LU,Luxembourg,Europe,CHF Millions,2128.4
2015,FDI in Switzerland (Inward),Investment income,Investment income by ultimate beneficial owner,MX,Mexico,Central and South America,CHF Millions,-83.3
2015,FDI in Switzerland (Inward),Investment income,Investment income by ultimate beneficial owner,NL,Netherlands,Europe,CHF Millions,4404.5
2015,FDI in Switzerland (Inward),Investment income,Investment income by ultimate beneficial owner,S19,Offshore financial centres,Central and South America,CHF Millions,956.6
2015,FDI in Switzerland (Inward),Investment income,Investment income by ultimate beneficial owner,SNBBS21,Offshore financial centres in Europe,Europe,CHF Millions,581.3
2015,FDI in Switzerland (Inward),Investment income,Investment income by ultimate beneficial owner,G9,Other European countries,Europe,CHF Millions,1448.6
2015,FDI in Switzerland (Inward),Investment income,Investment income by ultimate beneficial owner,RU,Russia,Europe,CHF Millions,-1689.4
2015,FDI in Switzerland (Inward),Investment income,Investment income by ultimate beneficial owner,ES,Spain,Europe,CHF Millions,501.3
2015,FDI in Switzerland (Inward),Investment income,Investment income by ultimate beneficial owner,SE,Sweden,Europe,CHF Millions,691.6
2015,FDI in Switzerland (Inward),Investment income,Investment income by ultimate beneficial owner,T0,Total,All / Total,CHF Millions,60897.0
2015,FDI in Switzerland (Inward),Investment income,Investment income by ultimate beneficial owner,T1,Total,Europe,CHF Millions,28559.3
2015,FDI in Switzerland (Inward),Investment income,Investment income by ultimate beneficial owner,T2,Total,North America,CHF Millions,34350.8
2015,FDI in Switzerland (Inward),Investment income,Investment income by ultimate beneficial owner,T3,Total,Central and South America,CHF Millions,-3622.8
2015,FDI in Switzerland (Inward),Investment income,Investment income by ultimate beneficial owner,T4,Total,All / Total,CHF Millions,1610.2
2015,FDI in Switzerland (Inward),Investment income,Investment income by ultimate beneficial owner,AE,United Arab Emirates,All / Total,CHF Millions,-158.3
2015,FDI in Switzerland (Inward),Investment income,Investment income by ultimate beneficial owner,GB,United Kingdom,Europe,CHF Millions,469.0
2015,FDI in Switzerland (Inward),Investment income,Investment income by ultimate beneficial owner,US,United States,North America,CHF Millions,30212.0
2015,Swiss FDI abroad (Outward),Capital stocks,Not applicable (Directional outward),AR,Argentina,Central and South America,CHF Millions,4674.0
2015,Swiss FDI abroad (Outward),Capital stocks,Not applicable (Directional outward),AU,Australia,Oceania,CHF Millions,17363.7
2015,Swiss FDI abroad (Outward),Capital stocks,Not applicable (Directional outward),AT,Austria,Europe,CHF Millions,7878.0
2015,Swiss FDI abroad (Outward),Capital stocks,Not applicable (Directional outward),BD,Bangladesh,Asia,CHF Millions,13.7
2015,Swiss FDI abroad (Outward),Capital stocks,Not applicable (Directional outward),BE,Belgium,Europe,CHF Millions,15787.4
2015,Swiss FDI abroad (Outward),Capital stocks,Not applicable (Directional outward),BO,Bolivia,Central and South America,CHF Millions,72.3
2015,Swiss FDI abroad (Outward),Capital stocks,Not applicable (Directional outward),BA,Bosnia and Herzegovina,Europe,CHF Millions,180.2
2015,Swiss FDI abroad (Outward),Capital stocks,Not applicable (Directional outward),BR,Brazil,Central and South America,CHF Millions,9013.7
2015,Swiss FDI abroad (Outward),Capital stocks,Not applicable (Directional outward),BG,Bulgaria,Europe,CHF Millions,310.4
2015,Swiss FDI abroad (Outward),Capital stocks,Not applicable (Directional outward),CM,Cameroon,Africa,CHF Millions,53.1
2015,Swiss FDI abroad (Outward),Capital stocks,Not applicable (Directional outward),CA,Canada,North America,CHF Millions,44179.2
2015,Swiss FDI abroad (Outward),Capital stocks,Not applicable (Directional outward),CL,Chile,Central and South America,CHF Millions,-1517.7
2015,Swiss FDI abroad (Outward),Capital stocks,Not applicable (Directional outward),CN,China,Asia,CHF Millions,19686.8
2015,Swiss FDI abroad (Outward),Capital stocks,Not applicable (Directional outward),CO,Colombia,Central and South America,CHF Millions,620.0
2015,Swiss FDI abroad (Outward),Capital stocks,Not applicable (Directional outward),CR,Costa Rica,Central and South America,CHF Millions,634.5
2015,Swiss FDI abroad (Outward),Capital stocks,Not applicable (Directional outward),HR,Croatia,Europe,CHF Millions,338.2
2015,Swiss FDI abroad (Outward),Capital stocks,Not applicable (Directional outward),CY,Cyprus,Europe,CHF Millions,2685.5
2015,Swiss FDI abroad (Outward),Capital stocks,Not applicable (Directional outward),CZ,Czechia,Europe,CHF Millions,3893.6
2015,Swiss FDI abroad (Outward),Capital stocks,Not applicable (Directional outward),CI,Côte d’Ivoire,Africa,CHF Millions,250.5
2015,Swiss FDI abroad (Outward),Capital stocks,Not applicable (Directional outward),DK,Denmark,Europe,CHF Millions,1700.3
2015,Swiss FDI abroad (Outward),Capital stocks,Not applicable (Directional outward),B3,EU,Europe,CHF Millions,550441.9
2015,Swiss FDI abroad (Outward),Capital stocks,Not applicable (Directional outward),EC,Ecuador,Central and South America,CHF Millions,252.4
2015,Swiss FDI abroad (Outward),Capital stocks,Not applicable (Directional outward),EG,Egypt,Africa,CHF Millions,1782.2
2015,Swiss FDI abroad (Outward),Capital stocks,Not applicable (Directional outward),EE,Estonia,Europe,CHF Millions,48.2
2015,Swiss FDI abroad (Outward),Capital stocks,Not applicable (Directional outward),FI,Finland,Europe,CHF Millions,570.7
2015,Swiss FDI abroad (Outward),Capital stocks,Not applicable (Directional outward),FR,France,Europe,CHF Millions,56450.8
2015,Swiss FDI abroad (Outward),Capital stocks,Not applicable (Directional outward),DE,Germany,Europe,CHF Millions,37102.2
2015,Swiss FDI abroad (Outward),Capital stocks,Not applicable (Directional outward),GR,Greece,Europe,CHF Millions,1481.2
2015,Swiss FDI abroad (Outward),Capital stocks,Not applicable (Directional outward),GT,Guatemala,Central and South America,CHF Millions,194.0
2015,Swiss FDI abroad (Outward),Capital stocks,Not applicable (Directional outward),HK,Hong Kong,Asia,CHF Millions,6150.1
2015,Swiss FDI abroad (Outward),Capital stocks,Not applicable (Directional outward),HU,Hungary,Europe,CHF Millions,1986.9
2015,Swiss FDI abroad (Outward),Capital stocks,Not applicable (Directional outward),IN,India,Asia,CHF Millions,4900.0
2015,Swiss FDI abroad (Outward),Capital stocks,Not applicable (Directional outward),ID,Indonesia,Asia,CHF Millions,1141.5
2015,Swiss FDI abroad (Outward),Capital stocks,Not applicable (Directional outward),IE,Ireland,Europe,CHF Millions,68789.0
2015,Swiss FDI abroad (Outward),Capital stocks,Not applicable (Directional outward),IL,Israel,Asia,CHF Millions,1162.6
2015,Swiss FDI abroad (Outward),Capital stocks,Not applicable (Directional outward),IT,Italy,Europe,CHF Millions,15628.4
2015,Swiss FDI abroad (Outward),Capital stocks,Not applicable (Directional outward),JP,Japan,Asia,CHF Millions,9203.7
2015,Swiss FDI abroad (Outward),Capital stocks,Not applicable (Directional outward),JO,Jordan,Asia,CHF Millions,225.7
2015,Swiss FDI abroad (Outward),Capital stocks,Not applicable (Directional outward),KE,Kenya,Africa,CHF Millions,282.0
2015,Swiss FDI abroad (Outward),Capital stocks,Not applicable (Directional outward),KR,"Korea, Republic of (South Korea)",Asia,CHF Millions,4323.6
2015,Swiss FDI abroad (Outward),Capital stocks,Not applicable (Directional outward),LV,Latvia,Europe,CHF Millions,33.5
2015,Swiss FDI abroad (Outward),Capital stocks,Not applicable (Directional outward),LB,Lebanon,Asia,CHF Millions,122.1
2015,Swiss FDI abroad (Outward),Capital stocks,Not applicable (Directional outward),LT,Lithuania,Europe,CHF Millions,293.3
2015,Swiss FDI abroad (Outward),Capital stocks,Not applicable (Directional outward),LU,Luxembourg,Europe,CHF Millions,154670.4
2015,Swiss FDI abroad (Outward),Capital stocks,Not applicable (Directional outward),MY,Malaysia,Asia,CHF Millions,3968.2
2015,Swiss FDI abroad (Outward),Capital stocks,Not applicable (Directional outward),MU,Mauritius,Africa,CHF Millions,3337.1
2015,Swiss FDI abroad (Outward),Capital stocks,Not applicable (Directional outward),PMT,Memorandum item: All countries including real estate activities,All / Total,CHF Millions,1133474.4
2015,Swiss FDI abroad (Outward),Capital stocks,Not applicable (Directional outward),PMG,Memorandum item: Real estate activities,All / Total,CHF Millions,2809.2
2015,Swiss FDI abroad (Outward),Capital stocks,Not applicable (Directional outward),MX,Mexico,Central and South America,CHF Millions,6301.6
2015,Swiss FDI abroad (Outward),Capital stocks,Not applicable (Directional outward),MA,Morocco,Africa,CHF Millions,609.0
2015,Swiss FDI abroad (Outward),Capital stocks,Not applicable (Directional outward),NL,Netherlands,Europe,CHF Millions,107704.1
2015,Swiss FDI abroad (Outward),Capital stocks,Not applicable (Directional outward),NZ,New Zealand,Oceania,CHF Millions,418.6
2015,Swiss FDI abroad (Outward),Capital stocks,Not applicable (Directional outward),NG,Nigeria,Africa,CHF Millions,597.9
2015,Swiss FDI abroad (Outward),Capital stocks,Not applicable (Directional outward),NO,Norway,Europe,CHF Millions,1784.2
2015,Swiss FDI abroad (Outward),Capital stocks,Not applicable (Directional outward),S19,Offshore financial centres in Central and South America,Central and South America,CHF Millions,138619.8
2015,Swiss FDI abroad (Outward),Capital stocks,Not applicable (Directional outward),S21,Offshore financial centres in Europe,Europe,CHF Millions,21094.5
2015,Swiss FDI abroad (Outward),Capital stocks,Not applicable (Directional outward),G9,Other European countries,Europe,CHF Millions,35092.8
2015,Swiss FDI abroad (Outward),Capital stocks,Not applicable (Directional outward),PK,Pakistan,Asia,CHF Millions,1134.7
2015,Swiss FDI abroad (Outward),Capital stocks,Not applicable (Directional outward),PA,Panama,Central and South America,CHF Millions,3012.2
2015,Swiss FDI abroad (Outward),Capital stocks,Not applicable (Directional outward),PE,Peru,Central and South America,CHF Millions,655.0
2015,Swiss FDI abroad (Outward),Capital stocks,Not applicable (Directional outward),PH,Philippines,Asia,CHF Millions,1403.2
2015,Swiss FDI abroad (Outward),Capital stocks,Not applicable (Directional outward),PL,Poland,Europe,CHF Millions,4943.9
2015,Swiss FDI abroad (Outward),Capital stocks,Not applicable (Directional outward),PT,Portugal,Europe,CHF Millions,1105.4
2015,Swiss FDI abroad (Outward),Capital stocks,Not applicable (Directional outward),QA,Qatar,Asia,CHF Millions,46.0
2015,Swiss FDI abroad (Outward),Capital stocks,Not applicable (Directional outward),RO,Romania,Europe,CHF Millions,2136.1
2015,Swiss FDI abroad (Outward),Capital stocks,Not applicable (Directional outward),RU,Russia,Europe,CHF Millions,8109.2
2015,Swiss FDI abroad (Outward),Capital stocks,Not applicable (Directional outward),SA,Saudi Arabia,Asia,CHF Millions,935.8
2015,Swiss FDI abroad (Outward),Capital stocks,Not applicable (Directional outward),RS,Serbia,Europe,CHF Millions,541.0
2015,Swiss FDI abroad (Outward),Capital stocks,Not applicable (Directional outward),SG,Singapore,Asia,CHF Millions,17635.7
2015,Swiss FDI abroad (Outward),Capital stocks,Not applicable (Directional outward),SK,Slovakia,Europe,CHF Millions,544.3
2015,Swiss FDI abroad (Outward),Capital stocks,Not applicable (Directional outward),ZA,South Africa,Africa,CHF Millions,2020.7
2015,Swiss FDI abroad (Outward),Capital stocks,Not applicable (Directional outward),ES,Spain,Europe,CHF Millions,8946.6
2015,Swiss FDI abroad (Outward),Capital stocks,Not applicable (Directional outward),LK,Sri Lanka,Asia,CHF Millions,62.4
2015,Swiss FDI abroad (Outward),Capital stocks,Not applicable (Directional outward),SE,Sweden,Europe,CHF Millions,7524.6
2015,Swiss FDI abroad (Outward),Capital stocks,Not applicable (Directional outward),TW,Taiwan,Asia,CHF Millions,1752.3
2015,Swiss FDI abroad (Outward),Capital stocks,Not applicable (Directional outward),TZ,Tanzania,Africa,CHF Millions,113.2
2015,Swiss FDI abroad (Outward),Capital stocks,Not applicable (Directional outward),TH,Thailand,Asia,CHF Millions,2483.5
2015,Swiss FDI abroad (Outward),Capital stocks,Not applicable (Directional outward),T0,Total,All / Total,CHF Millions,1130665.2
2015,Swiss FDI abroad (Outward),Capital stocks,Not applicable (Directional outward),T1,Total,Europe,CHF Millions,585534.6
2015,Swiss FDI abroad (Outward),Capital stocks,Not applicable (Directional outward),T2,Total,North America,CHF Millions,249483.7
2015,Swiss FDI abroad (Outward),Capital stocks,Not applicable (Directional outward),T3,Total,Central and South America,CHF Millions,163258.7
2015,Swiss FDI abroad (Outward),Capital stocks,Not applicable (Directional outward),T4,Total,Asia,CHF Millions,101382.8
2015,Swiss FDI abroad (Outward),Capital stocks,Not applicable (Directional outward),T5,Total,Africa,CHF Millions,13100.8
2015,Swiss FDI abroad (Outward),Capital stocks,Not applicable (Directional outward),T6,Total,Oceania,CHF Millions,17904.7
2015,Swiss FDI abroad (Outward),Capital stocks,Not applicable (Directional outward),TN,Tunisia,Africa,CHF Millions,44.1
2015,Swiss FDI abroad (Outward),Capital stocks,Not applicable (Directional outward),TR,Turkey,Europe,CHF Millions,2389.4
2015,Swiss FDI abroad (Outward),Capital stocks,Not applicable (Directional outward),UA,Ukraine,Europe,CHF Millions,403.9
2015,Swiss FDI abroad (Outward),Capital stocks,Not applicable (Directional outward),AE,United Arab Emirates,Asia,CHF Millions,20743.8
2015,Swiss FDI abroad (Outward),Capital stocks,Not applicable (Directional outward),GB,United Kingdom,Europe,CHF Millions,46308.9
2015,Swiss FDI abroad (Outward),Capital stocks,Not applicable (Directional outward),US,United States,North America,CHF Millions,205304.5
2015,Swiss FDI abroad (Outward),Capital stocks,Not applicable (Directional outward),UY,Uruguay,Central and South America,CHF Millions,1789.0
2015,Swiss FDI abroad (Outward),Capital stocks,Not applicable (Directional outward),VE,Venezuela,Central and South America,CHF Millions,1187.8
2015,Swiss FDI abroad (Outward),Capital stocks,Not applicable (Directional outward),VN,Viet Nam,Asia,CHF Millions,625.3
2015,Swiss FDI abroad (Outward),Capital transactions (flows),Not applicable (Directional outward),AR,Argentina,Central and South America,CHF Millions,32.8
2015,Swiss FDI abroad (Outward),Capital transactions (flows),Not applicable (Directional outward),AU,Australia,Oceania,CHF Millions,6716.7
2015,Swiss FDI abroad (Outward),Capital transactions (flows),Not applicable (Directional outward),AT,Austria,Europe,CHF Millions,74.0
2015,Swiss FDI abroad (Outward),Capital transactions (flows),Not applicable (Directional outward),BD,Bangladesh,Asia,CHF Millions,-5.3
2015,Swiss FDI abroad (Outward),Capital transactions (flows),Not applicable (Directional outward),BE,Belgium,Europe,CHF Millions,3086.5
2015,Swiss FDI abroad (Outward),Capital transactions (flows),Not applicable (Directional outward),BO,Bolivia,Central and South America,CHF Millions,2.5
2015,Swiss FDI abroad (Outward),Capital transactions (flows),Not applicable (Directional outward),BA,Bosnia and Herzegovina,Europe,CHF Millions,-8.0
2015,Swiss FDI abroad (Outward),Capital transactions (flows),Not applicable (Directional outward),BR,Brazil,Central and South America,CHF Millions,-1066.2
2015,Swiss FDI abroad (Outward),Capital transactions (flows),Not applicable (Directional outward),BG,Bulgaria,Europe,CHF Millions,21.6
2015,Swiss FDI abroad (Outward),Capital transactions (flows),Not applicable (Directional outward),CM,Cameroon,Africa,CHF Millions,6.4
2015,Swiss FDI abroad (Outward),Capital transactions (flows),Not applicable (Directional outward),CA,Canada,North America,CHF Millions,-2042.9
2015,Swiss FDI abroad (Outward),Capital transactions (flows),Not applicable (Directional outward),CL,Chile,Central and South America,CHF Millions,-3290.1
2015,Swiss FDI abroad (Outward),Capital transactions (flows),Not applicable (Directional outward),CN,China,Asia,CHF Millions,1482.7
2015,Swiss FDI abroad (Outward),Capital transactions (flows),Not applicable (Directional outward),CO,Colombia,Central and South America,CHF Millions,27.5
2015,Swiss FDI abroad (Outward),Capital transactions (flows),Not applicable (Directional outward),CR,Costa Rica,Central and South America,CHF Millions,89.7
2015,Swiss FDI abroad (Outward),Capital transactions (flows),Not applicable (Directional outward),HR,Croatia,Europe,CHF Millions,-3.1
2015,Swiss FDI abroad (Outward),Capital transactions (flows),Not applicable (Directional outward),CY,Cyprus,Europe,CHF Millions,-748.1
2015,Swiss FDI abroad (Outward),Capital transactions (flows),Not applicable (Directional outward),CZ,Czechia,Europe,CHF Millions,-588.6
2015,Swiss FDI abroad (Outward),Capital transactions (flows),Not applicable (Directional outward),CI,Côte d’Ivoire,Africa,CHF Millions,-23.5
2015,Swiss FDI abroad (Outward),Capital transactions (flows),Not applicable (Directional outward),DK,Denmark,Europe,CHF Millions,-267.2
2015,Swiss FDI abroad (Outward),Capital transactions (flows),Not applicable (Directional outward),B3,EU,Europe,CHF Millions,73331.0
2015,Swiss FDI abroad (Outward),Capital transactions (flows),Not applicable (Directional outward),EC,Ecuador,Central and South America,CHF Millions,32.6
2015,Swiss FDI abroad (Outward),Capital transactions (flows),Not applicable (Directional outward),EG,Egypt,Africa,CHF Millions,502.3
2015,Swiss FDI abroad (Outward),Capital transactions (flows),Not applicable (Directional outward),EE,Estonia,Europe,CHF Millions,-96.4
2015,Swiss FDI abroad (Outward),Capital transactions (flows),Not applicable (Directional outward),FI,Finland,Europe,CHF Millions,-36.6
2015,Swiss FDI abroad (Outward),Capital transactions (flows),Not applicable (Directional outward),FR,France,Europe,CHF Millions,22416.6
2015,Swiss FDI abroad (Outward),Capital transactions (flows),Not applicable (Directional outward),DE,Germany,Europe,CHF Millions,1914.7
2015,Swiss FDI abroad (Outward),Capital transactions (flows),Not applicable (Directional outward),GR,Greece,Europe,CHF Millions,5.5
2015,Swiss FDI abroad (Outward),Capital transactions (flows),Not applicable (Directional outward),GT,Guatemala,Central and South America,CHF Millions,2.8
2015,Swiss FDI abroad (Outward),Capital transactions (flows),Not applicable (Directional outward),HK,Hong Kong,Asia,CHF Millions,576.9
2015,Swiss FDI abroad (Outward),Capital transactions (flows),Not applicable (Directional outward),HU,Hungary,Europe,CHF Millions,314.7
2015,Swiss FDI abroad (Outward),Capital transactions (flows),Not applicable (Directional outward),IN,India,Asia,CHF Millions,775.4
2015,Swiss FDI abroad (Outward),Capital transactions (flows),Not applicable (Directional outward),ID,Indonesia,Asia,CHF Millions,103.7
2015,Swiss FDI abroad (Outward),Capital transactions (flows),Not applicable (Directional outward),IE,Ireland,Europe,CHF Millions,37928.5
2015,Swiss FDI abroad (Outward),Capital transactions (flows),Not applicable (Directional outward),IL,Israel,Asia,CHF Millions,157.5
2015,Swiss FDI abroad (Outward),Capital transactions (flows),Not applicable (Directional outward),IT,Italy,Europe,CHF Millions,-493.7
2015,Swiss FDI abroad (Outward),Capital transactions (flows),Not applicable (Directional outward),JP,Japan,Asia,CHF Millions,252.7
2015,Swiss FDI abroad (Outward),Capital transactions (flows),Not applicable (Directional outward),JO,Jordan,Asia,CHF Millions,-39.4
2015,Swiss FDI abroad (Outward),Capital transactions (flows),Not applicable (Directional outward),KE,Kenya,Africa,CHF Millions,-62.3
2015,Swiss FDI abroad (Outward),Capital transactions (flows),Not applicable (Directional outward),KR,"Korea, Republic of (South Korea)",Asia,CHF Millions,245.9
2015,Swiss FDI abroad (Outward),Capital transactions (flows),Not applicable (Directional outward),LV,Latvia,Europe,CHF Millions,0.7
2015,Swiss FDI abroad (Outward),Capital transactions (flows),Not applicable (Directional outward),LB,Lebanon,Asia,CHF Millions,3.5
2015,Swiss FDI abroad (Outward),Capital transactions (flows),Not applicable (Directional outward),LT,Lithuania,Europe,CHF Millions,-5.7
2015,Swiss FDI abroad (Outward),Capital transactions (flows),Not applicable (Directional outward),LU,Luxembourg,Europe,CHF Millions,9288.8
2015,Swiss FDI abroad (Outward),Capital transactions (flows),Not applicable (Directional outward),MY,Malaysia,Asia,CHF Millions,38.6
2015,Swiss FDI abroad (Outward),Capital transactions (flows),Not applicable (Directional outward),MU,Mauritius,Africa,CHF Millions,1670.8
2015,Swiss FDI abroad (Outward),Capital transactions (flows),Not applicable (Directional outward),PMA,Memorandum item: All countries including real estate activities,All / Total,CHF Millions,87537.1
2015,Swiss FDI abroad (Outward),Capital transactions (flows),Not applicable (Directional outward),PMG,Memorandum item: Real estate activities,All / Total,CHF Millions,-280.1
2015,Swiss FDI abroad (Outward),Capital transactions (flows),Not applicable (Directional outward),MX,Mexico,Central and South America,CHF Millions,139.5
2015,Swiss FDI abroad (Outward),Capital transactions (flows),Not applicable (Directional outward),MA,Morocco,Africa,CHF Millions,24.5
2015,Swiss FDI abroad (Outward),Capital transactions (flows),Not applicable (Directional outward),NL,Netherlands,Europe,CHF Millions,14310.1
2015,Swiss FDI abroad (Outward),Capital transactions (flows),Not applicable (Directional outward),NZ,New Zealand,Oceania,CHF Millions,27.2
2015,Swiss FDI abroad (Outward),Capital transactions (flows),Not applicable (Directional outward),NG,Nigeria,Africa,CHF Millions,235.4
2015,Swiss FDI abroad (Outward),Capital transactions (flows),Not applicable (Directional outward),NO,Norway,Europe,CHF Millions,-227.2
2015,Swiss FDI abroad (Outward),Capital transactions (flows),Not applicable (Directional outward),S21,Offshore financial centres in Europe,Europe,CHF Millions,-4230.7
2015,Swiss FDI abroad (Outward),Capital transactions (flows),Not applicable (Directional outward),G9,Other European countries,Europe,CHF Millions,-3738.0
2015,Swiss FDI abroad (Outward),Capital transactions (flows),Not applicable (Directional outward),PK,Pakistan,Asia,CHF Millions,51.5
2015,Swiss FDI abroad (Outward),Capital transactions (flows),Not applicable (Directional outward),PA,Panama,Central and South America,CHF Millions,-2079.0
2015,Swiss FDI abroad (Outward),Capital transactions (flows),Not applicable (Directional outward),PE,Peru,Central and South America,CHF Millions,104.9
2015,Swiss FDI abroad (Outward),Capital transactions (flows),Not applicable (Directional outward),PH,Philippines,Asia,CHF Millions,450.1
2015,Swiss FDI abroad (Outward),Capital transactions (flows),Not applicable (Directional outward),PL,Poland,Europe,CHF Millions,-379.7
2015,Swiss FDI abroad (Outward),Capital transactions (flows),Not applicable (Directional outward),PT,Portugal,Europe,CHF Millions,300.9
2015,Swiss FDI abroad (Outward),Capital transactions (flows),Not applicable (Directional outward),QA,Qatar,Asia,CHF Millions,5.5
2015,Swiss FDI abroad (Outward),Capital transactions (flows),Not applicable (Directional outward),RO,Romania,Europe,CHF Millions,-123.1
2015,Swiss FDI abroad (Outward),Capital transactions (flows),Not applicable (Directional outward),RU,Russia,Europe,CHF Millions,284.6
2015,Swiss FDI abroad (Outward),Capital transactions (flows),Not applicable (Directional outward),SA,Saudi Arabia,Asia,CHF Millions,-1.9
2015,Swiss FDI abroad (Outward),Capital transactions (flows),Not applicable (Directional outward),RS,Serbia,Europe,CHF Millions,93.9
2015,Swiss FDI abroad (Outward),Capital transactions (flows),Not applicable (Directional outward),SG,Singapore,Asia,CHF Millions,433.2
2015,Swiss FDI abroad (Outward),Capital transactions (flows),Not applicable (Directional outward),SK,Slovakia,Europe,CHF Millions,103.4
2015,Swiss FDI abroad (Outward),Capital transactions (flows),Not applicable (Directional outward),ZA,South Africa,Africa,CHF Millions,-207.7
2015,Swiss FDI abroad (Outward),Capital transactions (flows),Not applicable (Directional outward),ES,Spain,Europe,CHF Millions,-298.0
2015,Swiss FDI abroad (Outward),Capital transactions (flows),Not applicable (Directional outward),LK,Sri Lanka,Asia,CHF Millions,16.3
2015,Swiss FDI abroad (Outward),Capital transactions (flows),Not applicable (Directional outward),SE,Sweden,Europe,CHF Millions,-459.4
2015,Swiss FDI abroad (Outward),Capital transactions (flows),Not applicable (Directional outward),TW,Taiwan,Asia,CHF Millions,230.5
2015,Swiss FDI abroad (Outward),Capital transactions (flows),Not applicable (Directional outward),TZ,Tanzania,Africa,CHF Millions,17.3
2015,Swiss FDI abroad (Outward),Capital transactions (flows),Not applicable (Directional outward),TH,Thailand,Asia,CHF Millions,136.5
2015,Swiss FDI abroad (Outward),Capital transactions (flows),Not applicable (Directional outward),T0,Total,All / Total,CHF Millions,87817.2
2015,Swiss FDI abroad (Outward),Capital transactions (flows),Not applicable (Directional outward),T1,Total,Europe,CHF Millions,69592.9
2015,Swiss FDI abroad (Outward),Capital transactions (flows),Not applicable (Directional outward),S22,Total,Europe,CHF Millions,-101.4
2015,Swiss FDI abroad (Outward),Capital transactions (flows),Not applicable (Directional outward),T2,Total,North America,CHF Millions,14692.9
2015,Swiss FDI abroad (Outward),Capital transactions (flows),Not applicable (Directional outward),T3,Total,Central and South America,CHF Millions,-11001.5
2015,Swiss FDI abroad (Outward),Capital transactions (flows),Not applicable (Directional outward),S19,Total,Central and South America,CHF Millions,-6949.7
2015,Swiss FDI abroad (Outward),Capital transactions (flows),Not applicable (Directional outward),T4,Total,Asia,CHF Millions,4675.2
2015,Swiss FDI abroad (Outward),Capital transactions (flows),Not applicable (Directional outward),T5,Total,Africa,CHF Millions,3023.6
2015,Swiss FDI abroad (Outward),Capital transactions (flows),Not applicable (Directional outward),T6,Total,Oceania,CHF Millions,6834.0
2015,Swiss FDI abroad (Outward),Capital transactions (flows),Not applicable (Directional outward),TN,Tunisia,Africa,CHF Millions,-14.6
2015,Swiss FDI abroad (Outward),Capital transactions (flows),Not applicable (Directional outward),TR,Turkey,Europe,CHF Millions,405.2
2015,Swiss FDI abroad (Outward),Capital transactions (flows),Not applicable (Directional outward),UA,Ukraine,Europe,CHF Millions,-128.3
2015,Swiss FDI abroad (Outward),Capital transactions (flows),Not applicable (Directional outward),AE,United Arab Emirates,Asia,CHF Millions,43.1
2015,Swiss FDI abroad (Outward),Capital transactions (flows),Not applicable (Directional outward),GB,United Kingdom,Europe,CHF Millions,-12930.1
2015,Swiss FDI abroad (Outward),Capital transactions (flows),Not applicable (Directional outward),US,United States,North America,CHF Millions,16735.8
2015,Swiss FDI abroad (Outward),Capital transactions (flows),Not applicable (Directional outward),UY,Uruguay,Central and South America,CHF Millions,35.7
2015,Swiss FDI abroad (Outward),Capital transactions (flows),Not applicable (Directional outward),VE,Venezuela,Central and South America,CHF Millions,-210.9
2015,Swiss FDI abroad (Outward),Capital transactions (flows),Not applicable (Directional outward),VN,Viet Nam,Asia,CHF Millions,76.7
2015,Swiss FDI abroad (Outward),Investment income,Not applicable (Directional outward),AR,Argentina,Central and South America,CHF Millions,-300.5
2015,Swiss FDI abroad (Outward),Investment income,Not applicable (Directional outward),AU,Australia,Oceania,CHF Millions,-806.2
2015,Swiss FDI abroad (Outward),Investment income,Not applicable (Directional outward),AT,Austria,Europe,CHF Millions,1215.5
2015,Swiss FDI abroad (Outward),Investment income,Not applicable (Directional outward),BD,Bangladesh,Asia,CHF Millions,24.3
2015,Swiss FDI abroad (Outward),Investment income,Not applicable (Directional outward),BE,Belgium,Europe,CHF Millions,-957.0
2015,Swiss FDI abroad (Outward),Investment income,Not applicable (Directional outward),BO,Bolivia,Central and South America,CHF Millions,2.8
2015,Swiss FDI abroad (Outward),Investment income,Not applicable (Directional outward),BA,Bosnia and Herzegovina,Europe,CHF Millions,-6.0
2015,Swiss FDI abroad (Outward),Investment income,Not applicable (Directional outward),BR,Brazil,Central and South America,CHF Millions,-611.8
2015,Swiss FDI abroad (Outward),Investment income,Not applicable (Directional outward),BG,Bulgaria,Europe,CHF Millions,36.1
2015,Swiss FDI abroad (Outward),Investment income,Not applicable (Directional outward),CM,Cameroon,Africa,CHF Millions,5.6
2015,Swiss FDI abroad (Outward),Investment income,Not applicable (Directional outward),CA,Canada,North America,CHF Millions,-900.1
2015,Swiss FDI abroad (Outward),Investment income,Not applicable (Directional outward),CL,Chile,Central and South America,CHF Millions,159.3
2015,Swiss FDI abroad (Outward),Investment income,Not applicable (Directional outward),CN,China,Asia,CHF Millions,2459.0
2015,Swiss FDI abroad (Outward),Investment income,Not applicable (Directional outward),CO,Colombia,Central and South America,CHF Millions,66.7
2015,Swiss FDI abroad (Outward),Investment income,Not applicable (Directional outward),CR,Costa Rica,Central and South America,CHF Millions,85.7
2015,Swiss FDI abroad (Outward),Investment income,Not applicable (Directional outward),HR,Croatia,Europe,CHF Millions,21.1
2015,Swiss FDI abroad (Outward),Investment income,Not applicable (Directional outward),CY,Cyprus,Europe,CHF Millions,-1192.8
2015,Swiss FDI abroad (Outward),Investment income,Not applicable (Directional outward),CZ,Czechia,Europe,CHF Millions,386.4
2015,Swiss FDI abroad (Outward),Investment income,Not applicable (Directional outward),CI,Côte d’Ivoire,Africa,CHF Millions,14.6
2015,Swiss FDI abroad (Outward),Investment income,Not applicable (Directional outward),DK,Denmark,Europe,CHF Millions,113.3
2015,Swiss FDI abroad (Outward),Investment income,Not applicable (Directional outward),B3,EU,Europe,CHF Millions,32478.8
2015,Swiss FDI abroad (Outward),Investment income,Not applicable (Directional outward),EC,Ecuador,Central and South America,CHF Millions,48.2
2015,Swiss FDI abroad (Outward),Investment income,Not applicable (Directional outward),EG,Egypt,Africa,CHF Millions,154.8
2015,Swiss FDI abroad (Outward),Investment income,Not applicable (Directional outward),EE,Estonia,Europe,CHF Millions,1.5
2015,Swiss FDI abroad (Outward),Investment income,Not applicable (Directional outward),FI,Finland,Europe,CHF Millions,128.7
2015,Swiss FDI abroad (Outward),Investment income,Not applicable (Directional outward),FR,France,Europe,CHF Millions,4800.6
2015,Swiss FDI abroad (Outward),Investment income,Not applicable (Directional outward),DE,Germany,Europe,CHF Millions,4041.7
2015,Swiss FDI abroad (Outward),Investment income,Not applicable (Directional outward),GR,Greece,Europe,CHF Millions,104.1
2015,Swiss FDI abroad (Outward),Investment income,Not applicable (Directional outward),GT,Guatemala,Central and South America,CHF Millions,20.9
2015,Swiss FDI abroad (Outward),Investment income,Not applicable (Directional outward),HK,Hong Kong,Asia,CHF Millions,2174.3
2015,Swiss FDI abroad (Outward),Investment income,Not applicable (Directional outward),HU,Hungary,Europe,CHF Millions,251.5
2015,Swiss FDI abroad (Outward),Investment income,Not applicable (Directional outward),IN,India,Asia,CHF Millions,278.7
2015,Swiss FDI abroad (Outward),Investment income,Not applicable (Directional outward),ID,Indonesia,Asia,CHF Millions,99.2
2015,Swiss FDI abroad (Outward),Investment income,Not applicable (Directional outward),IE,Ireland,Europe,CHF Millions,1476.4
2015,Swiss FDI abroad (Outward),Investment income,Not applicable (Directional outward),IL,Israel,Asia,CHF Millions,133.5
2015,Swiss FDI abroad (Outward),Investment income,Not applicable (Directional outward),IT,Italy,Europe,CHF Millions,324.6
2015,Swiss FDI abroad (Outward),Investment income,Not applicable (Directional outward),JP,Japan,Asia,CHF Millions,1224.2
2015,Swiss FDI abroad (Outward),Investment income,Not applicable (Directional outward),JO,Jordan,Asia,CHF Millions,41.0
2015,Swiss FDI abroad (Outward),Investment income,Not applicable (Directional outward),KE,Kenya,Africa,CHF Millions,11.9
2015,Swiss FDI abroad (Outward),Investment income,Not applicable (Directional outward),KR,"Korea, Republic of (South Korea)",Asia,CHF Millions,545.2
2015,Swiss FDI abroad (Outward),Investment income,Not applicable (Directional outward),LV,Latvia,Europe,CHF Millions,5.3
2015,Swiss FDI abroad (Outward),Investment income,Not applicable (Directional outward),LB,Lebanon,Asia,CHF Millions,4.0
2015,Swiss FDI abroad (Outward),Investment income,Not applicable (Directional outward),LT,Lithuania,Europe,CHF Millions,11.0
2015,Swiss FDI abroad (Outward),Investment income,Not applicable (Directional outward),LU,Luxembourg,Europe,CHF Millions,5786.1
2015,Swiss FDI abroad (Outward),Investment income,Not applicable (Directional outward),MY,Malaysia,Asia,CHF Millions,422.5
2015,Swiss FDI abroad (Outward),Investment income,Not applicable (Directional outward),MU,Mauritius,Africa,CHF Millions,103.2
2015,Swiss FDI abroad (Outward),Investment income,Not applicable (Directional outward),MX,Mexico,Central and South America,CHF Millions,516.9
2015,Swiss FDI abroad (Outward),Investment income,Not applicable (Directional outward),MA,Morocco,Africa,CHF Millions,36.4
2015,Swiss FDI abroad (Outward),Investment income,Not applicable (Directional outward),NL,Netherlands,Europe,CHF Millions,10622.8
2015,Swiss FDI abroad (Outward),Investment income,Not applicable (Directional outward),NZ,New Zealand,Oceania,CHF Millions,64.8
2015,Swiss FDI abroad (Outward),Investment income,Not applicable (Directional outward),NG,Nigeria,Africa,CHF Millions,-4.5
2015,Swiss FDI abroad (Outward),Investment income,Not applicable (Directional outward),NO,Norway,Europe,CHF Millions,198.7
2015,Swiss FDI abroad (Outward),Investment income,Not applicable (Directional outward),S21,Offshore financial centres in Europe,Europe,CHF Millions,917.3
2015,Swiss FDI abroad (Outward),Investment income,Not applicable (Directional outward),G9,Other European countries,Europe,CHF Millions,1351.2
2015,Swiss FDI abroad (Outward),Investment income,Not applicable (Directional outward),PK,Pakistan,Asia,CHF Millions,240.4
2015,Swiss FDI abroad (Outward),Investment income,Not applicable (Directional outward),PA,Panama,Central and South America,CHF Millions,401.4
2015,Swiss FDI abroad (Outward),Investment income,Not applicable (Directional outward),PE,Peru,Central and South America,CHF Millions,106.1
2015,Swiss FDI abroad (Outward),Investment income,Not applicable (Directional outward),PH,Philippines,Asia,CHF Millions,416.5
2015,Swiss FDI abroad (Outward),Investment income,Not applicable (Directional outward),PL,Poland,Europe,CHF Millions,410.2
2015,Swiss FDI abroad (Outward),Investment income,Not applicable (Directional outward),PT,Portugal,Europe,CHF Millions,254.0
2015,Swiss FDI abroad (Outward),Investment income,Not applicable (Directional outward),QA,Qatar,Asia,CHF Millions,10.4
2015,Swiss FDI abroad (Outward),Investment income,Not applicable (Directional outward),RO,Romania,Europe,CHF Millions,59.9
2015,Swiss FDI abroad (Outward),Investment income,Not applicable (Directional outward),RU,Russia,Europe,CHF Millions,-5.8
2015,Swiss FDI abroad (Outward),Investment income,Not applicable (Directional outward),SA,Saudi Arabia,Asia,CHF Millions,-5.9
2015,Swiss FDI abroad (Outward),Investment income,Not applicable (Directional outward),RS,Serbia,Europe,CHF Millions,58.6
2015,Swiss FDI abroad (Outward),Investment income,Not applicable (Directional outward),SG,Singapore,Asia,CHF Millions,3609.4
2015,Swiss FDI abroad (Outward),Investment income,Not applicable (Directional outward),SK,Slovakia,Europe,CHF Millions,44.6
2015,Swiss FDI abroad (Outward),Investment income,Not applicable (Directional outward),ZA,South Africa,Africa,CHF Millions,-122.2
2015,Swiss FDI abroad (Outward),Investment income,Not applicable (Directional outward),ES,Spain,Europe,CHF Millions,878.3
2015,Swiss FDI abroad (Outward),Investment income,Not applicable (Directional outward),LK,Sri Lanka,Asia,CHF Millions,25.9
2015,Swiss FDI abroad (Outward),Investment income,Not applicable (Directional outward),SE,Sweden,Europe,CHF Millions,508.3
2015,Swiss FDI abroad (Outward),Investment income,Not applicable (Directional outward),TW,Taiwan,Asia,CHF Millions,460.1
2015,Swiss FDI abroad (Outward),Investment income,Not applicable (Directional outward),TZ,Tanzania,Africa,CHF Millions,19.1
2015,Swiss FDI abroad (Outward),Investment income,Not applicable (Directional outward),TH,Thailand,Asia,CHF Millions,459.1
2015,Swiss FDI abroad (Outward),Investment income,Not applicable (Directional outward),T0,Total,All / Total,CHF Millions,82693.6
2015,Swiss FDI abroad (Outward),Investment income,Not applicable (Directional outward),T1,Total,Europe,CHF Millions,33829.9
2015,Swiss FDI abroad (Outward),Investment income,Not applicable (Directional outward),S22,Total,Europe,CHF Millions,17.8
2015,Swiss FDI abroad (Outward),Investment income,Not applicable (Directional outward),T2,Total,North America,CHF Millions,18965.5
2015,Swiss FDI abroad (Outward),Investment income,Not applicable (Directional outward),T3,Total,Central and South America,CHF Millions,13688.2
2015,Swiss FDI abroad (Outward),Investment income,Not applicable (Directional outward),S19,Total,Central and South America,CHF Millions,13689.9
2015,Swiss FDI abroad (Outward),Investment income,Not applicable (Directional outward),T4,Total,Asia,CHF Millions,16571.4
2015,Swiss FDI abroad (Outward),Investment income,Not applicable (Directional outward),T5,Total,Africa,CHF Millions,369.8
2015,Swiss FDI abroad (Outward),Investment income,Not applicable (Directional outward),T6,Total,Oceania,CHF Millions,-731.3
2015,Swiss FDI abroad (Outward),Investment income,Not applicable (Directional outward),TN,Tunisia,Africa,CHF Millions,-1.4
2015,Swiss FDI abroad (Outward),Investment income,Not applicable (Directional outward),TR,Turkey,Europe,CHF Millions,276.6
2015,Swiss FDI abroad (Outward),Investment income,Not applicable (Directional outward),UA,Ukraine,Europe,CHF Millions,-114.4
2015,Swiss FDI abroad (Outward),Investment income,Not applicable (Directional outward),AE,United Arab Emirates,Asia,CHF Millions,3399.3
2015,Swiss FDI abroad (Outward),Investment income,Not applicable (Directional outward),GB,United Kingdom,Europe,CHF Millions,2973.4
2015,Swiss FDI abroad (Outward),Investment income,Not applicable (Directional outward),US,United States,North America,CHF Millions,19865.6
2015,Swiss FDI abroad (Outward),Investment income,Not applicable (Directional outward),UY,Uruguay,Central and South America,CHF Millions,326.1
2015,Swiss FDI abroad (Outward),Investment income,Not applicable (Directional outward),VE,Venezuela,Central and South America,CHF Millions,-480.4
2015,Swiss FDI abroad (Outward),Investment income,Not applicable (Directional outward),VN,Viet Nam,Asia,CHF Millions,115.9
2016,FDI in Switzerland (Inward),Capital stocks,Capital stocks by immediate investor,AU,Australia,All / Total,CHF Millions,
2016,FDI in Switzerland (Inward),Capital stocks,Capital stocks by immediate investor,AT,Austria,Europe,CHF Millions,68259.1
2016,FDI in Switzerland (Inward),Capital stocks,Capital stocks by immediate investor,BE,Belgium,Europe,CHF Millions,4441.5
2016,FDI in Switzerland (Inward),Capital stocks,Capital stocks by immediate investor,CA,Canada,North America,CHF Millions,-179.5
2016,FDI in Switzerland (Inward),Capital stocks,Capital stocks by immediate investor,CN,China,All / Total,CHF Millions,
2016,FDI in Switzerland (Inward),Capital stocks,Capital stocks by immediate investor,CY,Cyprus,Europe,CHF Millions,13710.5
2016,FDI in Switzerland (Inward),Capital stocks,Capital stocks by immediate investor,DK,Denmark,Europe,CHF Millions,16832.5
2016,FDI in Switzerland (Inward),Capital stocks,Capital stocks by immediate investor,B3,EU,Europe,CHF Millions,1029638.5
2016,FDI in Switzerland (Inward),Capital stocks,Capital stocks by immediate investor,FR,France,Europe,CHF Millions,37383.1
2016,FDI in Switzerland (Inward),Capital stocks,Capital stocks by immediate investor,DE,Germany,Europe,CHF Millions,25186.6
2016,FDI in Switzerland (Inward),Capital stocks,Capital stocks by immediate investor,HU,Hungary,Europe,CHF Millions,43888.3
2016,FDI in Switzerland (Inward),Capital stocks,Capital stocks by immediate investor,IN,India,All / Total,CHF Millions,
2016,FDI in Switzerland (Inward),Capital stocks,Capital stocks by immediate investor,IE,Ireland,Europe,CHF Millions,71929.5
2016,FDI in Switzerland (Inward),Capital stocks,Capital stocks by immediate investor,IL,Israel,All / Total,CHF Millions,973.7
2016,FDI in Switzerland (Inward),Capital stocks,Capital stocks by immediate investor,IT,Italy,Europe,CHF Millions,4742.8
2016,FDI in Switzerland (Inward),Capital stocks,Capital stocks by immediate investor,JP,Japan,All / Total,CHF Millions,5757.9
2016,FDI in Switzerland (Inward),Capital stocks,Capital stocks by immediate investor,LU,Luxembourg,Europe,CHF Millions,296137.2
2016,FDI in Switzerland (Inward),Capital stocks,Capital stocks by immediate investor,PMA,Memorandum item: All countries including real estate activities,All / Total,CHF Millions,1301692.5
2016,FDI in Switzerland (Inward),Capital stocks,Capital stocks by immediate investor,PMG,Memorandum item: Real estate activities,All / Total,CHF Millions,37679.2
2016,FDI in Switzerland (Inward),Capital stocks,Capital stocks by immediate investor,MX,Mexico,Central and South America,CHF Millions,
2016,FDI in Switzerland (Inward),Capital stocks,Capital stocks by immediate investor,NL,Netherlands,Europe,CHF Millions,378356.4
2016,FDI in Switzerland (Inward),Capital stocks,Capital stocks by immediate investor,S19,Offshore financial centres,Central and South America,CHF Millions,75491.8
2016,FDI in Switzerland (Inward),Capital stocks,Capital stocks by immediate investor,SNBBS21,Offshore financial centres in Europe,Europe,CHF Millions,
2016,FDI in Switzerland (Inward),Capital stocks,Capital stocks by immediate investor,G9,Other European countries,Europe,CHF Millions,17590.4
2016,FDI in Switzerland (Inward),Capital stocks,Capital stocks by immediate investor,RU,Russia,Europe,CHF Millions,
2016,FDI in Switzerland (Inward),Capital stocks,Capital stocks by immediate investor,ES,Spain,Europe,CHF Millions,9468.3
2016,FDI in Switzerland (Inward),Capital stocks,Capital stocks by immediate investor,SE,Sweden,Europe,CHF Millions,9949.9
2016,FDI in Switzerland (Inward),Capital stocks,Capital stocks by immediate investor,T0,Total,All / Total,CHF Millions,1264013.2
2016,FDI in Switzerland (Inward),Capital stocks,Capital stocks by immediate investor,T1,Total,Europe,CHF Millions,1047228.9
2016,FDI in Switzerland (Inward),Capital stocks,Capital stocks by immediate investor,T2,Total,North America,CHF Millions,136876.3
2016,FDI in Switzerland (Inward),Capital stocks,Capital stocks by immediate investor,T3,Total,Central and South America,CHF Millions,69432.7
2016,FDI in Switzerland (Inward),Capital stocks,Capital stocks by immediate investor,T4,Total,All / Total,CHF Millions,10475.3
2016,FDI in Switzerland (Inward),Capital stocks,Capital stocks by immediate investor,AE,United Arab Emirates,All / Total,CHF Millions,
2016,FDI in Switzerland (Inward),Capital stocks,Capital stocks by immediate investor,GB,United Kingdom,Europe,CHF Millions,49086.8
2016,FDI in Switzerland (Inward),Capital stocks,Capital stocks by immediate investor,US,United States,North America,CHF Millions,137055.8
2016,FDI in Switzerland (Inward),Capital stocks,Capital stocks by ultimate beneficial owner,AU,Australia,All / Total,CHF Millions,1975.0
2016,FDI in Switzerland (Inward),Capital stocks,Capital stocks by ultimate beneficial owner,AT,Austria,Europe,CHF Millions,7322.3
2016,FDI in Switzerland (Inward),Capital stocks,Capital stocks by ultimate beneficial owner,BE,Belgium,Europe,CHF Millions,5623.3
2016,FDI in Switzerland (Inward),Capital stocks,Capital stocks by ultimate beneficial owner,CA,Canada,North America,CHF Millions,35537.2
2016,FDI in Switzerland (Inward),Capital stocks,Capital stocks by ultimate beneficial owner,CN,China,All / Total,CHF Millions,7356.6
2016,FDI in Switzerland (Inward),Capital stocks,Capital stocks by ultimate beneficial owner,CY,Cyprus,Europe,CHF Millions,
2016,FDI in Switzerland (Inward),Capital stocks,Capital stocks by ultimate beneficial owner,DK,Denmark,Europe,CHF Millions,2490.9
2016,FDI in Switzerland (Inward),Capital stocks,Capital stocks by ultimate beneficial owner,B3,EU,Europe,CHF Millions,386893.1
2016,FDI in Switzerland (Inward),Capital stocks,Capital stocks by ultimate beneficial owner,FR,France,Europe,CHF Millions,39182.9
2016,FDI in Switzerland (Inward),Capital stocks,Capital stocks by ultimate beneficial owner,DE,Germany,Europe,CHF Millions,30557.1
2016,FDI in Switzerland (Inward),Capital stocks,Capital stocks by ultimate beneficial owner,HU,Hungary,Europe,CHF Millions,
2016,FDI in Switzerland (Inward),Capital stocks,Capital stocks by ultimate beneficial owner,IN,India,All / Total,CHF Millions,1915.3
2016,FDI in Switzerland (Inward),Capital stocks,Capital stocks by ultimate beneficial owner,IE,Ireland,Europe,CHF Millions,118484.5
2016,FDI in Switzerland (Inward),Capital stocks,Capital stocks by ultimate beneficial owner,IL,Israel,All / Total,CHF Millions,1945.9
2016,FDI in Switzerland (Inward),Capital stocks,Capital stocks by ultimate beneficial owner,IT,Italy,Europe,CHF Millions,6571.2
2016,FDI in Switzerland (Inward),Capital stocks,Capital stocks by ultimate beneficial owner,JP,Japan,All / Total,CHF Millions,24660.6
2016,FDI in Switzerland (Inward),Capital stocks,Capital stocks by ultimate beneficial owner,LU,Luxembourg,Europe,CHF Millions,26153.0
2016,FDI in Switzerland (Inward),Capital stocks,Capital stocks by ultimate beneficial owner,PMA,Memorandum item: All countries including real estate activities,All / Total,CHF Millions,1301692.5
2016,FDI in Switzerland (Inward),Capital stocks,Capital stocks by ultimate beneficial owner,PMG,Memorandum item: Real estate activities,All / Total,CHF Millions,37679.2
2016,FDI in Switzerland (Inward),Capital stocks,Capital stocks by ultimate beneficial owner,MX,Mexico,Central and South America,CHF Millions,13130.7
2016,FDI in Switzerland (Inward),Capital stocks,Capital stocks by ultimate beneficial owner,NL,Netherlands,Europe,CHF Millions,77482.0
2016,FDI in Switzerland (Inward),Capital stocks,Capital stocks by ultimate beneficial owner,S19,Offshore financial centres,Central and South America,CHF Millions,23164.6
2016,FDI in Switzerland (Inward),Capital stocks,Capital stocks by ultimate beneficial owner,SNBBS21,Offshore financial centres in Europe,Europe,CHF Millions,9598.0
2016,FDI in Switzerland (Inward),Capital stocks,Capital stocks by ultimate beneficial owner,G9,Other European countries,Europe,CHF Millions,85388.1
2016,FDI in Switzerland (Inward),Capital stocks,Capital stocks by ultimate beneficial owner,RU,Russia,Europe,CHF Millions,21390.9
2016,FDI in Switzerland (Inward),Capital stocks,Capital stocks by ultimate beneficial owner,ES,Spain,Europe,CHF Millions,6106.3
2016,FDI in Switzerland (Inward),Capital stocks,Capital stocks by ultimate beneficial owner,SE,Sweden,Europe,CHF Millions,10296.8
2016,FDI in Switzerland (Inward),Capital stocks,Capital stocks by ultimate beneficial owner,T0,Total,All / Total,CHF Millions,1264013.2
2016,FDI in Switzerland (Inward),Capital stocks,Capital stocks by ultimate beneficial owner,T1,Total,Europe,CHF Millions,472281.2
2016,FDI in Switzerland (Inward),Capital stocks,Capital stocks by ultimate beneficial owner,T2,Total,North America,CHF Millions,685284.1
2016,FDI in Switzerland (Inward),Capital stocks,Capital stocks by ultimate beneficial owner,T3,Total,Central and South America,CHF Millions,67831.1
2016,FDI in Switzerland (Inward),Capital stocks,Capital stocks by ultimate beneficial owner,T4,Total,All / Total,CHF Millions,38616.9
2016,FDI in Switzerland (Inward),Capital stocks,Capital stocks by ultimate beneficial owner,AE,United Arab Emirates,All / Total,CHF Millions,852.8
2016,FDI in Switzerland (Inward),Capital stocks,Capital stocks by ultimate beneficial owner,GB,United Kingdom,Europe,CHF Millions,53651.0
2016,FDI in Switzerland (Inward),Capital stocks,Capital stocks by ultimate beneficial owner,US,United States,North America,CHF Millions,649746.9
2016,FDI in Switzerland (Inward),Capital transactions (flows),Immediate investor,AT,Austria,Europe,CHF Millions,10078.6
2016,FDI in Switzerland (Inward),Capital transactions (flows),Immediate investor,BE,Belgium,Europe,CHF Millions,-1110.1
2016,FDI in Switzerland (Inward),Capital transactions (flows),Immediate investor,CA,Canada,North America,CHF Millions,-135.6
2016,FDI in Switzerland (Inward),Capital transactions (flows),Immediate investor,CY,Cyprus,Europe,CHF Millions,-480.6
2016,FDI in Switzerland (Inward),Capital transactions (flows),Immediate investor,DK,Denmark,Europe,CHF Millions,-366.0
2016,FDI in Switzerland (Inward),Capital transactions (flows),Immediate investor,B3,EU,Europe,CHF Millions,130669.5
2016,FDI in Switzerland (Inward),Capital transactions (flows),Immediate investor,FR,France,Europe,CHF Millions,-2889.8
2016,FDI in Switzerland (Inward),Capital transactions (flows),Immediate investor,DE,Germany,Europe,CHF Millions,2319.7
2016,FDI in Switzerland (Inward),Capital transactions (flows),Immediate investor,HU,Hungary,Europe,CHF Millions,4462.4
2016,FDI in Switzerland (Inward),Capital transactions (flows),Immediate investor,IE,Ireland,Europe,CHF Millions,25427.3
2016,FDI in Switzerland (Inward),Capital transactions (flows),Immediate investor,IL,Israel,All / Total,CHF Millions,-197.1
2016,FDI in Switzerland (Inward),Capital transactions (flows),Immediate investor,IT,Italy,Europe,CHF Millions,527.5
2016,FDI in Switzerland (Inward),Capital transactions (flows),Immediate investor,JP,Japan,All / Total,CHF Millions,-435.3
2016,FDI in Switzerland (Inward),Capital transactions (flows),Immediate investor,LU,Luxembourg,Europe,CHF Millions,33376.8
2016,FDI in Switzerland (Inward),Capital transactions (flows),Immediate investor,PMA,Memorandum item: All countries including real estate activities,All / Total,CHF Millions,152072.1
2016,FDI in Switzerland (Inward),Capital transactions (flows),Immediate investor,PMG,Memorandum item: Real estate activities,All / Total,CHF Millions,44.7
2016,FDI in Switzerland (Inward),Capital transactions (flows),Immediate investor,NL,Netherlands,Europe,CHF Millions,51038.0
2016,FDI in Switzerland (Inward),Capital transactions (flows),Immediate investor,S19,Offshore financial centres,Central and South America,CHF Millions,3448.3
2016,FDI in Switzerland (Inward),Capital transactions (flows),Immediate investor,G9,Other European countries,Europe,CHF Millions,2793.4
2016,FDI in Switzerland (Inward),Capital transactions (flows),Immediate investor,ES,Spain,Europe,CHF Millions,-555.1
2016,FDI in Switzerland (Inward),Capital transactions (flows),Immediate investor,SE,Sweden,Europe,CHF Millions,-102.2
2016,FDI in Switzerland (Inward),Capital transactions (flows),Immediate investor,T0,Total,All / Total,CHF Millions,152027.5
2016,FDI in Switzerland (Inward),Capital transactions (flows),Immediate investor,T1,Total,Europe,CHF Millions,133462.9
2016,FDI in Switzerland (Inward),Capital transactions (flows),Immediate investor,T2,Total,North America,CHF Millions,17758.5
2016,FDI in Switzerland (Inward),Capital transactions (flows),Immediate investor,T3,Total,Central and South America,CHF Millions,-26.8
2016,FDI in Switzerland (Inward),Capital transactions (flows),Immediate investor,T4,Total,All / Total,CHF Millions,832.9
2016,FDI in Switzerland (Inward),Capital transactions (flows),Immediate investor,GB,United Kingdom,Europe,CHF Millions,5973.7
2016,FDI in Switzerland (Inward),Capital transactions (flows),Immediate investor,US,United States,North America,CHF Millions,17894.1
2016,FDI in Switzerland (Inward),Investment income,Investment income by immediate investor,AU,Australia,All / Total,CHF Millions,
2016,FDI in Switzerland (Inward),Investment income,Investment income by immediate investor,AT,Austria,Europe,CHF Millions,1991.7
2016,FDI in Switzerland (Inward),Investment income,Investment income by immediate investor,BE,Belgium,Europe,CHF Millions,-21.6
2016,FDI in Switzerland (Inward),Investment income,Investment income by immediate investor,CA,Canada,North America,CHF Millions,-2.4
2016,FDI in Switzerland (Inward),Investment income,Investment income by immediate investor,CN,China,All / Total,CHF Millions,
2016,FDI in Switzerland (Inward),Investment income,Investment income by immediate investor,CY,Cyprus,Europe,CHF Millions,-20.7
2016,FDI in Switzerland (Inward),Investment income,Investment income by immediate investor,DK,Denmark,Europe,CHF Millions,1798.9
2016,FDI in Switzerland (Inward),Investment income,Investment income by immediate investor,B3,EU,Europe,CHF Millions,47866.8
2016,FDI in Switzerland (Inward),Investment income,Investment income by immediate investor,FR,France,Europe,CHF Millions,4279.9
2016,FDI in Switzerland (Inward),Investment income,Investment income by immediate investor,DE,Germany,Europe,CHF Millions,3102.9
2016,FDI in Switzerland (Inward),Investment income,Investment income by immediate investor,HU,Hungary,Europe,CHF Millions,1370.6
2016,FDI in Switzerland (Inward),Investment income,Investment income by immediate investor,IN,India,All / Total,CHF Millions,
2016,FDI in Switzerland (Inward),Investment income,Investment income by immediate investor,IE,Ireland,Europe,CHF Millions,-1728.8
2016,FDI in Switzerland (Inward),Investment income,Investment income by immediate investor,IL,Israel,All / Total,CHF Millions,-122.3
2016,FDI in Switzerland (Inward),Investment income,Investment income by immediate investor,IT,Italy,Europe,CHF Millions,207.5
2016,FDI in Switzerland (Inward),Investment income,Investment income by immediate investor,JP,Japan,All / Total,CHF Millions,111.9
2016,FDI in Switzerland (Inward),Investment income,Investment income by immediate investor,LU,Luxembourg,Europe,CHF Millions,6874.0
2016,FDI in Switzerland (Inward),Investment income,Investment income by immediate investor,MX,Mexico,Central and South America,CHF Millions,
2016,FDI in Switzerland (Inward),Investment income,Investment income by immediate investor,NL,Netherlands,Europe,CHF Millions,26419.9
2016,FDI in Switzerland (Inward),Investment income,Investment income by immediate investor,S19,Offshore financial centres,Central and South America,CHF Millions,13078.8
2016,FDI in Switzerland (Inward),Investment income,Investment income by immediate investor,SNBBS21,Offshore financial centres in Europe,Europe,CHF Millions,
2016,FDI in Switzerland (Inward),Investment income,Investment income by immediate investor,G9,Other European countries,Europe,CHF Millions,-1274.8
2016,FDI in Switzerland (Inward),Investment income,Investment income by immediate investor,RU,Russia,Europe,CHF Millions,
2016,FDI in Switzerland (Inward),Investment income,Investment income by immediate investor,ES,Spain,Europe,CHF Millions,29.8
2016,FDI in Switzerland (Inward),Investment income,Investment income by immediate investor,SE,Sweden,Europe,CHF Millions,712.2
2016,FDI in Switzerland (Inward),Investment income,Investment income by immediate investor,T0,Total,All / Total,CHF Millions,75581.8
2016,FDI in Switzerland (Inward),Investment income,Investment income by immediate investor,T1,Total,Europe,CHF Millions,46592.0
2016,FDI in Switzerland (Inward),Investment income,Investment income by immediate investor,T2,Total,North America,CHF Millions,16422.1
2016,FDI in Switzerland (Inward),Investment income,Investment income by immediate investor,T3,Total,Central and South America,CHF Millions,12631.3
2016,FDI in Switzerland (Inward),Investment income,Investment income by immediate investor,T4,Total,All / Total,CHF Millions,-63.6
2016,FDI in Switzerland (Inward),Investment income,Investment income by immediate investor,AE,United Arab Emirates,All / Total,CHF Millions,
2016,FDI in Switzerland (Inward),Investment income,Investment income by immediate investor,GB,United Kingdom,Europe,CHF Millions,2782.1
2016,FDI in Switzerland (Inward),Investment income,Investment income by immediate investor,US,United States,North America,CHF Millions,16424.5
2016,FDI in Switzerland (Inward),Investment income,Investment income by ultimate beneficial owner,AU,Australia,All / Total,CHF Millions,1405.0
2016,FDI in Switzerland (Inward),Investment income,Investment income by ultimate beneficial owner,AT,Austria,Europe,CHF Millions,400.2
2016,FDI in Switzerland (Inward),Investment income,Investment income by ultimate beneficial owner,BE,Belgium,Europe,CHF Millions,180.5
2016,FDI in Switzerland (Inward),Investment income,Investment income by ultimate beneficial owner,CA,Canada,North America,CHF Millions,3209.4
2016,FDI in Switzerland (Inward),Investment income,Investment income by ultimate beneficial owner,CN,China,All / Total,CHF Millions,-206.1
2016,FDI in Switzerland (Inward),Investment income,Investment income by ultimate beneficial owner,CY,Cyprus,Europe,CHF Millions,
2016,FDI in Switzerland (Inward),Investment income,Investment income by ultimate beneficial owner,DK,Denmark,Europe,CHF Millions,1769.3
2016,FDI in Switzerland (Inward),Investment income,Investment income by ultimate beneficial owner,B3,EU,Europe,CHF Millions,23170.6
2016,FDI in Switzerland (Inward),Investment income,Investment income by ultimate beneficial owner,FR,France,Europe,CHF Millions,5128.2
2016,FDI in Switzerland (Inward),Investment income,Investment income by ultimate beneficial owner,DE,Germany,Europe,CHF Millions,4849.1
2016,FDI in Switzerland (Inward),Investment income,Investment income by ultimate beneficial owner,HU,Hungary,Europe,CHF Millions,
2016,FDI in Switzerland (Inward),Investment income,Investment income by ultimate beneficial owner,IN,India,All / Total,CHF Millions,-29.9
2016,FDI in Switzerland (Inward),Investment income,Investment income by ultimate beneficial owner,IE,Ireland,Europe,CHF Millions,1924.1
2016,FDI in Switzerland (Inward),Investment income,Investment income by ultimate beneficial owner,IL,Israel,All / Total,CHF Millions,-566.7
2016,FDI in Switzerland (Inward),Investment income,Investment income by ultimate beneficial owner,IT,Italy,Europe,CHF Millions,204.3
2016,FDI in Switzerland (Inward),Investment income,Investment income by ultimate beneficial owner,JP,Japan,All / Total,CHF Millions,269.2
2016,FDI in Switzerland (Inward),Investment income,Investment income by ultimate beneficial owner,LU,Luxembourg,Europe,CHF Millions,869.0
2016,FDI in Switzerland (Inward),Investment income,Investment income by ultimate beneficial owner,MX,Mexico,Central and South America,CHF Millions,-22.0
2016,FDI in Switzerland (Inward),Investment income,Investment income by ultimate beneficial owner,NL,Netherlands,Europe,CHF Millions,3558.9
2016,FDI in Switzerland (Inward),Investment income,Investment income by ultimate beneficial owner,S19,Offshore financial centres,Central and South America,CHF Millions,1257.9
2016,FDI in Switzerland (Inward),Investment income,Investment income by ultimate beneficial owner,SNBBS21,Offshore financial centres in Europe,Europe,CHF Millions,-1913.8
2016,FDI in Switzerland (Inward),Investment income,Investment income by ultimate beneficial owner,G9,Other European countries,Europe,CHF Millions,6232.3
2016,FDI in Switzerland (Inward),Investment income,Investment income by ultimate beneficial owner,RU,Russia,Europe,CHF Millions,1079.6
2016,FDI in Switzerland (Inward),Investment income,Investment income by ultimate beneficial owner,ES,Spain,Europe,CHF Millions,8.4
2016,FDI in Switzerland (Inward),Investment income,Investment income by ultimate beneficial owner,SE,Sweden,Europe,CHF Millions,818.6
2016,FDI in Switzerland (Inward),Investment income,Investment income by ultimate beneficial owner,T0,Total,All / Total,CHF Millions,75581.8
2016,FDI in Switzerland (Inward),Investment income,Investment income by ultimate beneficial owner,T1,Total,Europe,CHF Millions,29402.9
2016,FDI in Switzerland (Inward),Investment income,Investment income by ultimate beneficial owner,T2,Total,North America,CHF Millions,42703.4
2016,FDI in Switzerland (Inward),Investment income,Investment income by ultimate beneficial owner,T3,Total,Central and South America,CHF Millions,2672.5
2016,FDI in Switzerland (Inward),Investment income,Investment income by ultimate beneficial owner,T4,Total,All / Total,CHF Millions,803.0
2016,FDI in Switzerland (Inward),Investment income,Investment income by ultimate beneficial owner,AE,United Arab Emirates,All / Total,CHF Millions,-111.8
2016,FDI in Switzerland (Inward),Investment income,Investment income by ultimate beneficial owner,GB,United Kingdom,Europe,CHF Millions,3089.5
2016,FDI in Switzerland (Inward),Investment income,Investment income by ultimate beneficial owner,US,United States,North America,CHF Millions,39494.1
2016,Swiss FDI abroad (Outward),Capital stocks,Not applicable (Directional outward),AR,Argentina,Central and South America,CHF Millions,4057.9
2016,Swiss FDI abroad (Outward),Capital stocks,Not applicable (Directional outward),AU,Australia,Oceania,CHF Millions,17035.2
2016,Swiss FDI abroad (Outward),Capital stocks,Not applicable (Directional outward),AT,Austria,Europe,CHF Millions,8935.7
2016,Swiss FDI abroad (Outward),Capital stocks,Not applicable (Directional outward),BD,Bangladesh,Asia,CHF Millions,14.2
2016,Swiss FDI abroad (Outward),Capital stocks,Not applicable (Directional outward),BE,Belgium,Europe,CHF Millions,16788.9
2016,Swiss FDI abroad (Outward),Capital stocks,Not applicable (Directional outward),BO,Bolivia,Central and South America,CHF Millions,59.1
2016,Swiss FDI abroad (Outward),Capital stocks,Not applicable (Directional outward),BA,Bosnia and Herzegovina,Europe,CHF Millions,179.6
2016,Swiss FDI abroad (Outward),Capital stocks,Not applicable (Directional outward),BR,Brazil,Central and South America,CHF Millions,10819.2
2016,Swiss FDI abroad (Outward),Capital stocks,Not applicable (Directional outward),BG,Bulgaria,Europe,CHF Millions,286.2
2016,Swiss FDI abroad (Outward),Capital stocks,Not applicable (Directional outward),CM,Cameroon,Africa,CHF Millions,112.2
2016,Swiss FDI abroad (Outward),Capital stocks,Not applicable (Directional outward),CA,Canada,North America,CHF Millions,44143.2
2016,Swiss FDI abroad (Outward),Capital stocks,Not applicable (Directional outward),CL,Chile,Central and South America,CHF Millions,-2093.3
2016,Swiss FDI abroad (Outward),Capital stocks,Not applicable (Directional outward),CN,China,Asia,CHF Millions,20019.0
2016,Swiss FDI abroad (Outward),Capital stocks,Not applicable (Directional outward),CO,Colombia,Central and South America,CHF Millions,674.7
2016,Swiss FDI abroad (Outward),Capital stocks,Not applicable (Directional outward),CR,Costa Rica,Central and South America,CHF Millions,784.1
2016,Swiss FDI abroad (Outward),Capital stocks,Not applicable (Directional outward),HR,Croatia,Europe,CHF Millions,369.9
2016,Swiss FDI abroad (Outward),Capital stocks,Not applicable (Directional outward),CY,Cyprus,Europe,CHF Millions,8674.5
2016,Swiss FDI abroad (Outward),Capital stocks,Not applicable (Directional outward),CZ,Czechia,Europe,CHF Millions,3000.2
2016,Swiss FDI abroad (Outward),Capital stocks,Not applicable (Directional outward),CI,Côte d’Ivoire,Africa,CHF Millions,309.9
2016,Swiss FDI abroad (Outward),Capital stocks,Not applicable (Directional outward),DK,Denmark,Europe,CHF Millions,1576.2
2016,Swiss FDI abroad (Outward),Capital stocks,Not applicable (Directional outward),B3,EU,Europe,CHF Millions,726017.4
2016,Swiss FDI abroad (Outward),Capital stocks,Not applicable (Directional outward),EC,Ecuador,Central and South America,CHF Millions,218.2
2016,Swiss FDI abroad (Outward),Capital stocks,Not applicable (Directional outward),EG,Egypt,Africa,CHF Millions,864.9
2016,Swiss FDI abroad (Outward),Capital stocks,Not applicable (Directional outward),EE,Estonia,Europe,CHF Millions,426.0
2016,Swiss FDI abroad (Outward),Capital stocks,Not applicable (Directional outward),FI,Finland,Europe,CHF Millions,789.9
2016,Swiss FDI abroad (Outward),Capital stocks,Not applicable (Directional outward),FR,France,Europe,CHF Millions,60023.0
2016,Swiss FDI abroad (Outward),Capital stocks,Not applicable (Directional outward),DE,Germany,Europe,CHF Millions,40788.8
2016,Swiss FDI abroad (Outward),Capital stocks,Not applicable (Directional outward),GR,Greece,Europe,CHF Millions,1144.3
2016,Swiss FDI abroad (Outward),Capital stocks,Not applicable (Directional outward),GT,Guatemala,Central and South America,CHF Millions,185.1
2016,Swiss FDI abroad (Outward),Capital stocks,Not applicable (Directional outward),HK,Hong Kong,Asia,CHF Millions,5967.0
2016,Swiss FDI abroad (Outward),Capital stocks,Not applicable (Directional outward),HU,Hungary,Europe,CHF Millions,5601.0
2016,Swiss FDI abroad (Outward),Capital stocks,Not applicable (Directional outward),IN,India,Asia,CHF Millions,4874.0
2016,Swiss FDI abroad (Outward),Capital stocks,Not applicable (Directional outward),ID,Indonesia,Asia,CHF Millions,1441.1
2016,Swiss FDI abroad (Outward),Capital stocks,Not applicable (Directional outward),IE,Ireland,Europe,CHF Millions,137109.7
2016,Swiss FDI abroad (Outward),Capital stocks,Not applicable (Directional outward),IL,Israel,Asia,CHF Millions,1531.7
2016,Swiss FDI abroad (Outward),Capital stocks,Not applicable (Directional outward),IT,Italy,Europe,CHF Millions,15965.3
2016,Swiss FDI abroad (Outward),Capital stocks,Not applicable (Directional outward),JP,Japan,Asia,CHF Millions,11585.8
2016,Swiss FDI abroad (Outward),Capital stocks,Not applicable (Directional outward),JO,Jordan,Asia,CHF Millions,245.2
2016,Swiss FDI abroad (Outward),Capital stocks,Not applicable (Directional outward),KE,Kenya,Africa,CHF Millions,331.3
2016,Swiss FDI abroad (Outward),Capital stocks,Not applicable (Directional outward),KR,"Korea, Republic of (South Korea)",Asia,CHF Millions,3366.9
2016,Swiss FDI abroad (Outward),Capital stocks,Not applicable (Directional outward),LV,Latvia,Europe,CHF Millions,39.9
2016,Swiss FDI abroad (Outward),Capital stocks,Not applicable (Directional outward),LB,Lebanon,Asia,CHF Millions,85.4
2016,Swiss FDI abroad (Outward),Capital stocks,Not applicable (Directional outward),LT,Lithuania,Europe,CHF Millions,399.6
2016,Swiss FDI abroad (Outward),Capital stocks,Not applicable (Directional outward),LU,Luxembourg,Europe,CHF Millions,197503.9
2016,Swiss FDI abroad (Outward),Capital stocks,Not applicable (Directional outward),MY,Malaysia,Asia,CHF Millions,6026.9
2016,Swiss FDI abroad (Outward),Capital stocks,Not applicable (Directional outward),MU,Mauritius,Africa,CHF Millions,3125.4
2016,Swiss FDI abroad (Outward),Capital stocks,Not applicable (Directional outward),PMT,Memorandum item: All countries including real estate activities,All / Total,CHF Millions,1365616.7
2016,Swiss FDI abroad (Outward),Capital stocks,Not applicable (Directional outward),PMG,Memorandum item: Real estate activities,All / Total,CHF Millions,3424.7
2016,Swiss FDI abroad (Outward),Capital stocks,Not applicable (Directional outward),MX,Mexico,Central and South America,CHF Millions,4590.4
2016,Swiss FDI abroad (Outward),Capital stocks,Not applicable (Directional outward),MA,Morocco,Africa,CHF Millions,412.9
2016,Swiss FDI abroad (Outward),Capital stocks,Not applicable (Directional outward),NL,Netherlands,Europe,CHF Millions,144210.2
2016,Swiss FDI abroad (Outward),Capital stocks,Not applicable (Directional outward),NZ,New Zealand,Oceania,CHF Millions,615.0
2016,Swiss FDI abroad (Outward),Capital stocks,Not applicable (Directional outward),NG,Nigeria,Africa,CHF Millions,487.0
2016,Swiss FDI abroad (Outward),Capital stocks,Not applicable (Directional outward),NO,Norway,Europe,CHF Millions,4916.8
2016,Swiss FDI abroad (Outward),Capital stocks,Not applicable (Directional outward),S19,Offshore financial centres in Central and South America,Central and South America,CHF Millions,114029.8
2016,Swiss FDI abroad (Outward),Capital stocks,Not applicable (Directional outward),S21,Offshore financial centres in Europe,Europe,CHF Millions,22215.1
2016,Swiss FDI abroad (Outward),Capital stocks,Not applicable (Directional outward),G9,Other European countries,Europe,CHF Millions,49367.2
2016,Swiss FDI abroad (Outward),Capital stocks,Not applicable (Directional outward),PK,Pakistan,Asia,CHF Millions,1123.4
2016,Swiss FDI abroad (Outward),Capital stocks,Not applicable (Directional outward),PA,Panama,Central and South America,CHF Millions,264.8
2016,Swiss FDI abroad (Outward),Capital stocks,Not applicable (Directional outward),PE,Peru,Central and South America,CHF Millions,667.2
2016,Swiss FDI abroad (Outward),Capital stocks,Not applicable (Directional outward),PH,Philippines,Asia,CHF Millions,1452.7
2016,Swiss FDI abroad (Outward),Capital stocks,Not applicable (Directional outward),PL,Poland,Europe,CHF Millions,5401.8
2016,Swiss FDI abroad (Outward),Capital stocks,Not applicable (Directional outward),PT,Portugal,Europe,CHF Millions,893.7
2016,Swiss FDI abroad (Outward),Capital stocks,Not applicable (Directional outward),QA,Qatar,Asia,CHF Millions,59.7
2016,Swiss FDI abroad (Outward),Capital stocks,Not applicable (Directional outward),RO,Romania,Europe,CHF Millions,2168.9
2016,Swiss FDI abroad (Outward),Capital stocks,Not applicable (Directional outward),RU,Russia,Europe,CHF Millions,17823.9
2016,Swiss FDI abroad (Outward),Capital stocks,Not applicable (Directional outward),SA,Saudi Arabia,Asia,CHF Millions,916.0
2016,Swiss FDI abroad (Outward),Capital stocks,Not applicable (Directional outward),RS,Serbia,Europe,CHF Millions,547.1
2016,Swiss FDI abroad (Outward),Capital stocks,Not applicable (Directional outward),SG,Singapore,Asia,CHF Millions,18657.6
2016,Swiss FDI abroad (Outward),Capital stocks,Not applicable (Directional outward),SK,Slovakia,Europe,CHF Millions,536.7
2016,Swiss FDI abroad (Outward),Capital stocks,Not applicable (Directional outward),ZA,South Africa,Africa,CHF Millions,2564.4
2016,Swiss FDI abroad (Outward),Capital stocks,Not applicable (Directional outward),ES,Spain,Europe,CHF Millions,9314.5
2016,Swiss FDI abroad (Outward),Capital stocks,Not applicable (Directional outward),LK,Sri Lanka,Asia,CHF Millions,61.0
2016,Swiss FDI abroad (Outward),Capital stocks,Not applicable (Directional outward),SE,Sweden,Europe,CHF Millions,6329.6
2016,Swiss FDI abroad (Outward),Capital stocks,Not applicable (Directional outward),TW,Taiwan,Asia,CHF Millions,1850.8
2016,Swiss FDI abroad (Outward),Capital stocks,Not applicable (Directional outward),TZ,Tanzania,Africa,CHF Millions,125.0
2016,Swiss FDI abroad (Outward),Capital stocks,Not applicable (Directional outward),TH,Thailand,Asia,CHF Millions,2509.6
2016,Swiss FDI abroad (Outward),Capital stocks,Not applicable (Directional outward),T0,Total,All / Total,CHF Millions,1362192.0
2016,Swiss FDI abroad (Outward),Capital stocks,Not applicable (Directional outward),T1,Total,Europe,CHF Millions,775384.6
2016,Swiss FDI abroad (Outward),Capital stocks,Not applicable (Directional outward),T2,Total,North America,CHF Millions,312238.4
2016,Swiss FDI abroad (Outward),Capital stocks,Not applicable (Directional outward),T3,Total,Central and South America,CHF Millions,137968.5
2016,Swiss FDI abroad (Outward),Capital stocks,Not applicable (Directional outward),T4,Total,Asia,CHF Millions,105262.6
2016,Swiss FDI abroad (Outward),Capital stocks,Not applicable (Directional outward),T5,Total,Africa,CHF Millions,13578.4
2016,Swiss FDI abroad (Outward),Capital stocks,Not applicable (Directional outward),T6,Total,Oceania,CHF Millions,17759.8
2016,Swiss FDI abroad (Outward),Capital stocks,Not applicable (Directional outward),TN,Tunisia,Africa,CHF Millions,35.3
2016,Swiss FDI abroad (Outward),Capital stocks,Not applicable (Directional outward),TR,Turkey,Europe,CHF Millions,2409.9
2016,Swiss FDI abroad (Outward),Capital stocks,Not applicable (Directional outward),UA,Ukraine,Europe,CHF Millions,600.2
2016,Swiss FDI abroad (Outward),Capital stocks,Not applicable (Directional outward),AE,United Arab Emirates,Asia,CHF Millions,18813.5
2016,Swiss FDI abroad (Outward),Capital stocks,Not applicable (Directional outward),GB,United Kingdom,Europe,CHF Millions,55992.1
2016,Swiss FDI abroad (Outward),Capital stocks,Not applicable (Directional outward),US,United States,North America,CHF Millions,268095.2
2016,Swiss FDI abroad (Outward),Capital stocks,Not applicable (Directional outward),UY,Uruguay,Central and South America,CHF Millions,2279.1
2016,Swiss FDI abroad (Outward),Capital stocks,Not applicable (Directional outward),VE,Venezuela,Central and South America,CHF Millions,871.6
2016,Swiss FDI abroad (Outward),Capital stocks,Not applicable (Directional outward),VN,Viet Nam,Asia,CHF Millions,660.8
2016,Swiss FDI abroad (Outward),Capital transactions (flows),Not applicable (Directional outward),AR,Argentina,Central and South America,CHF Millions,-506.9
2016,Swiss FDI abroad (Outward),Capital transactions (flows),Not applicable (Directional outward),AU,Australia,Oceania,CHF Millions,-481.8
2016,Swiss FDI abroad (Outward),Capital transactions (flows),Not applicable (Directional outward),AT,Austria,Europe,CHF Millions,245.0
2016,Swiss FDI abroad (Outward),Capital transactions (flows),Not applicable (Directional outward),BD,Bangladesh,Asia,CHF Millions,0.9
2016,Swiss FDI abroad (Outward),Capital transactions (flows),Not applicable (Directional outward),BE,Belgium,Europe,CHF Millions,-1623.2
2016,Swiss FDI abroad (Outward),Capital transactions (flows),Not applicable (Directional outward),BO,Bolivia,Central and South America,CHF Millions,-15.3
2016,Swiss FDI abroad (Outward),Capital transactions (flows),Not applicable (Directional outward),BA,Bosnia and Herzegovina,Europe,CHF Millions,0.5
2016,Swiss FDI abroad (Outward),Capital transactions (flows),Not applicable (Directional outward),BR,Brazil,Central and South America,CHF Millions,58.6
2016,Swiss FDI abroad (Outward),Capital transactions (flows),Not applicable (Directional outward),BG,Bulgaria,Europe,CHF Millions,-15.2
2016,Swiss FDI abroad (Outward),Capital transactions (flows),Not applicable (Directional outward),CM,Cameroon,Africa,CHF Millions,21.8
2016,Swiss FDI abroad (Outward),Capital transactions (flows),Not applicable (Directional outward),CA,Canada,North America,CHF Millions,-3284.8
2016,Swiss FDI abroad (Outward),Capital transactions (flows),Not applicable (Directional outward),CL,Chile,Central and South America,CHF Millions,-460.5
2016,Swiss FDI abroad (Outward),Capital transactions (flows),Not applicable (Directional outward),CN,China,Asia,CHF Millions,1482.7
2016,Swiss FDI abroad (Outward),Capital transactions (flows),Not applicable (Directional outward),CO,Colombia,Central and South America,CHF Millions,10.8
2016,Swiss FDI abroad (Outward),Capital transactions (flows),Not applicable (Directional outward),CR,Costa Rica,Central and South America,CHF Millions,77.8
2016,Swiss FDI abroad (Outward),Capital transactions (flows),Not applicable (Directional outward),HR,Croatia,Europe,CHF Millions,17.3
2016,Swiss FDI abroad (Outward),Capital transactions (flows),Not applicable (Directional outward),CY,Cyprus,Europe,CHF Millions,-1366.5
2016,Swiss FDI abroad (Outward),Capital transactions (flows),Not applicable (Directional outward),CZ,Czechia,Europe,CHF Millions,-828.1
2016,Swiss FDI abroad (Outward),Capital transactions (flows),Not applicable (Directional outward),CI,Côte d’Ivoire,Africa,CHF Millions,60.4
2016,Swiss FDI abroad (Outward),Capital transactions (flows),Not applicable (Directional outward),DK,Denmark,Europe,CHF Millions,-407.4
2016,Swiss FDI abroad (Outward),Capital transactions (flows),Not applicable (Directional outward),B3,EU,Europe,CHF Millions,122080.8
2016,Swiss FDI abroad (Outward),Capital transactions (flows),Not applicable (Directional outward),EC,Ecuador,Central and South America,CHF Millions,-14.9
2016,Swiss FDI abroad (Outward),Capital transactions (flows),Not applicable (Directional outward),EG,Egypt,Africa,CHF Millions,-409.3
2016,Swiss FDI abroad (Outward),Capital transactions (flows),Not applicable (Directional outward),EE,Estonia,Europe,CHF Millions,349.3
2016,Swiss FDI abroad (Outward),Capital transactions (flows),Not applicable (Directional outward),FI,Finland,Europe,CHF Millions,169.3
2016,Swiss FDI abroad (Outward),Capital transactions (flows),Not applicable (Directional outward),FR,France,Europe,CHF Millions,2889.0
2016,Swiss FDI abroad (Outward),Capital transactions (flows),Not applicable (Directional outward),DE,Germany,Europe,CHF Millions,7233.4
2016,Swiss FDI abroad (Outward),Capital transactions (flows),Not applicable (Directional outward),GR,Greece,Europe,CHF Millions,-377.0
2016,Swiss FDI abroad (Outward),Capital transactions (flows),Not applicable (Directional outward),GT,Guatemala,Central and South America,CHF Millions,17.3
2016,Swiss FDI abroad (Outward),Capital transactions (flows),Not applicable (Directional outward),HK,Hong Kong,Asia,CHF Millions,-482.5
2016,Swiss FDI abroad (Outward),Capital transactions (flows),Not applicable (Directional outward),HU,Hungary,Europe,CHF Millions,3988.0
2016,Swiss FDI abroad (Outward),Capital transactions (flows),Not applicable (Directional outward),IN,India,Asia,CHF Millions,162.1
2016,Swiss FDI abroad (Outward),Capital transactions (flows),Not applicable (Directional outward),ID,Indonesia,Asia,CHF Millions,273.6
2016,Swiss FDI abroad (Outward),Capital transactions (flows),Not applicable (Directional outward),IE,Ireland,Europe,CHF Millions,36165.1
2016,Swiss FDI abroad (Outward),Capital transactions (flows),Not applicable (Directional outward),IL,Israel,Asia,CHF Millions,904.0
2016,Swiss FDI abroad (Outward),Capital transactions (flows),Not applicable (Directional outward),IT,Italy,Europe,CHF Millions,807.6
2016,Swiss FDI abroad (Outward),Capital transactions (flows),Not applicable (Directional outward),JP,Japan,Asia,CHF Millions,2247.6
2016,Swiss FDI abroad (Outward),Capital transactions (flows),Not applicable (Directional outward),JO,Jordan,Asia,CHF Millions,25.0
2016,Swiss FDI abroad (Outward),Capital transactions (flows),Not applicable (Directional outward),KE,Kenya,Africa,CHF Millions,3.7
2016,Swiss FDI abroad (Outward),Capital transactions (flows),Not applicable (Directional outward),KR,"Korea, Republic of (South Korea)",Asia,CHF Millions,-822.8
2016,Swiss FDI abroad (Outward),Capital transactions (flows),Not applicable (Directional outward),LV,Latvia,Europe,CHF Millions,4.1
2016,Swiss FDI abroad (Outward),Capital transactions (flows),Not applicable (Directional outward),LB,Lebanon,Asia,CHF Millions,0.8
2016,Swiss FDI abroad (Outward),Capital transactions (flows),Not applicable (Directional outward),LT,Lithuania,Europe,CHF Millions,-0.4
2016,Swiss FDI abroad (Outward),Capital transactions (flows),Not applicable (Directional outward),LU,Luxembourg,Europe,CHF Millions,26372.9
2016,Swiss FDI abroad (Outward),Capital transactions (flows),Not applicable (Directional outward),MY,Malaysia,Asia,CHF Millions,160.0
2016,Swiss FDI abroad (Outward),Capital transactions (flows),Not applicable (Directional outward),MU,Mauritius,Africa,CHF Millions,-376.2
2016,Swiss FDI abroad (Outward),Capital transactions (flows),Not applicable (Directional outward),PMA,Memorandum item: All countries including real estate activities,All / Total,CHF Millions,165162.5
2016,Swiss FDI abroad (Outward),Capital transactions (flows),Not applicable (Directional outward),PMG,Memorandum item: Real estate activities,All / Total,CHF Millions,512.7
2016,Swiss FDI abroad (Outward),Capital transactions (flows),Not applicable (Directional outward),MX,Mexico,Central and South America,CHF Millions,605.0
2016,Swiss FDI abroad (Outward),Capital transactions (flows),Not applicable (Directional outward),MA,Morocco,Africa,CHF Millions,-328.5
2016,Swiss FDI abroad (Outward),Capital transactions (flows),Not applicable (Directional outward),NL,Netherlands,Europe,CHF Millions,35715.4
2016,Swiss FDI abroad (Outward),Capital transactions (flows),Not applicable (Directional outward),NZ,New Zealand,Oceania,CHF Millions,37.5
2016,Swiss FDI abroad (Outward),Capital transactions (flows),Not applicable (Directional outward),NG,Nigeria,Africa,CHF Millions,160.4
2016,Swiss FDI abroad (Outward),Capital transactions (flows),Not applicable (Directional outward),NO,Norway,Europe,CHF Millions,2322.3
2016,Swiss FDI abroad (Outward),Capital transactions (flows),Not applicable (Directional outward),S21,Offshore financial centres in Europe,Europe,CHF Millions,4041.2
2016,Swiss FDI abroad (Outward),Capital transactions (flows),Not applicable (Directional outward),G9,Other European countries,Europe,CHF Millions,8084.1
2016,Swiss FDI abroad (Outward),Capital transactions (flows),Not applicable (Directional outward),PK,Pakistan,Asia,CHF Millions,48.9
2016,Swiss FDI abroad (Outward),Capital transactions (flows),Not applicable (Directional outward),PA,Panama,Central and South America,CHF Millions,-3738.5
2016,Swiss FDI abroad (Outward),Capital transactions (flows),Not applicable (Directional outward),PE,Peru,Central and South America,CHF Millions,-1.3
2016,Swiss FDI abroad (Outward),Capital transactions (flows),Not applicable (Directional outward),PH,Philippines,Asia,CHF Millions,-17.8
2016,Swiss FDI abroad (Outward),Capital transactions (flows),Not applicable (Directional outward),PL,Poland,Europe,CHF Millions,351.5
2016,Swiss FDI abroad (Outward),Capital transactions (flows),Not applicable (Directional outward),PT,Portugal,Europe,CHF Millions,53.7
2016,Swiss FDI abroad (Outward),Capital transactions (flows),Not applicable (Directional outward),QA,Qatar,Asia,CHF Millions,-3.0
2016,Swiss FDI abroad (Outward),Capital transactions (flows),Not applicable (Directional outward),RO,Romania,Europe,CHF Millions,-55.3
2016,Swiss FDI abroad (Outward),Capital transactions (flows),Not applicable (Directional outward),RU,Russia,Europe,CHF Millions,1053.0
2016,Swiss FDI abroad (Outward),Capital transactions (flows),Not applicable (Directional outward),SA,Saudi Arabia,Asia,CHF Millions,92.5
2016,Swiss FDI abroad (Outward),Capital transactions (flows),Not applicable (Directional outward),RS,Serbia,Europe,CHF Millions,227.3
2016,Swiss FDI abroad (Outward),Capital transactions (flows),Not applicable (Directional outward),SG,Singapore,Asia,CHF Millions,-2480.0
2016,Swiss FDI abroad (Outward),Capital transactions (flows),Not applicable (Directional outward),SK,Slovakia,Europe,CHF Millions,68.5
2016,Swiss FDI abroad (Outward),Capital transactions (flows),Not applicable (Directional outward),ZA,South Africa,Africa,CHF Millions,848.9
2016,Swiss FDI abroad (Outward),Capital transactions (flows),Not applicable (Directional outward),ES,Spain,Europe,CHF Millions,-222.0
2016,Swiss FDI abroad (Outward),Capital transactions (flows),Not applicable (Directional outward),LK,Sri Lanka,Asia,CHF Millions,6.2
2016,Swiss FDI abroad (Outward),Capital transactions (flows),Not applicable (Directional outward),SE,Sweden,Europe,CHF Millions,-998.5
2016,Swiss FDI abroad (Outward),Capital transactions (flows),Not applicable (Directional outward),TW,Taiwan,Asia,CHF Millions,118.5
2016,Swiss FDI abroad (Outward),Capital transactions (flows),Not applicable (Directional outward),TZ,Tanzania,Africa,CHF Millions,4.8
2016,Swiss FDI abroad (Outward),Capital transactions (flows),Not applicable (Directional outward),TH,Thailand,Asia,CHF Millions,-37.6
2016,Swiss FDI abroad (Outward),Capital transactions (flows),Not applicable (Directional outward),T0,Total,All / Total,CHF Millions,164649.8
2016,Swiss FDI abroad (Outward),Capital transactions (flows),Not applicable (Directional outward),T1,Total,Europe,CHF Millions,130164.9
2016,Swiss FDI abroad (Outward),Capital transactions (flows),Not applicable (Directional outward),S22,Total,Europe,CHF Millions,352.9
2016,Swiss FDI abroad (Outward),Capital transactions (flows),Not applicable (Directional outward),T2,Total,North America,CHF Millions,59507.8
2016,Swiss FDI abroad (Outward),Capital transactions (flows),Not applicable (Directional outward),T3,Total,Central and South America,CHF Millions,-22069.2
2016,Swiss FDI abroad (Outward),Capital transactions (flows),Not applicable (Directional outward),S19,Total,Central and South America,CHF Millions,-22841.9
2016,Swiss FDI abroad (Outward),Capital transactions (flows),Not applicable (Directional outward),T4,Total,Asia,CHF Millions,-2884.1
2016,Swiss FDI abroad (Outward),Capital transactions (flows),Not applicable (Directional outward),T5,Total,Africa,CHF Millions,353.6
2016,Swiss FDI abroad (Outward),Capital transactions (flows),Not applicable (Directional outward),T6,Total,Oceania,CHF Millions,-423.0
2016,Swiss FDI abroad (Outward),Capital transactions (flows),Not applicable (Directional outward),TN,Tunisia,Africa,CHF Millions,2.4
2016,Swiss FDI abroad (Outward),Capital transactions (flows),Not applicable (Directional outward),TR,Turkey,Europe,CHF Millions,388.7
2016,Swiss FDI abroad (Outward),Capital transactions (flows),Not applicable (Directional outward),UA,Ukraine,Europe,CHF Millions,-37.6
2016,Swiss FDI abroad (Outward),Capital transactions (flows),Not applicable (Directional outward),AE,United Arab Emirates,Asia,CHF Millions,-3811.6
2016,Swiss FDI abroad (Outward),Capital transactions (flows),Not applicable (Directional outward),GB,United Kingdom,Europe,CHF Millions,13324.3
2016,Swiss FDI abroad (Outward),Capital transactions (flows),Not applicable (Directional outward),US,United States,North America,CHF Millions,62792.5
2016,Swiss FDI abroad (Outward),Capital transactions (flows),Not applicable (Directional outward),UY,Uruguay,Central and South America,CHF Millions,650.8
2016,Swiss FDI abroad (Outward),Capital transactions (flows),Not applicable (Directional outward),VE,Venezuela,Central and South America,CHF Millions,293.1
2016,Swiss FDI abroad (Outward),Capital transactions (flows),Not applicable (Directional outward),VN,Viet Nam,Asia,CHF Millions,82.7
2016,Swiss FDI abroad (Outward),Investment income,Not applicable (Directional outward),AR,Argentina,Central and South America,CHF Millions,173.0
2016,Swiss FDI abroad (Outward),Investment income,Not applicable (Directional outward),AU,Australia,Oceania,CHF Millions,544.0
2016,Swiss FDI abroad (Outward),Investment income,Not applicable (Directional outward),AT,Austria,Europe,CHF Millions,1248.9
2016,Swiss FDI abroad (Outward),Investment income,Not applicable (Directional outward),BD,Bangladesh,Asia,CHF Millions,22.2
2016,Swiss FDI abroad (Outward),Investment income,Not applicable (Directional outward),BE,Belgium,Europe,CHF Millions,-225.7
2016,Swiss FDI abroad (Outward),Investment income,Not applicable (Directional outward),BO,Bolivia,Central and South America,CHF Millions,4.9
2016,Swiss FDI abroad (Outward),Investment income,Not applicable (Directional outward),BA,Bosnia and Herzegovina,Europe,CHF Millions,3.6
2016,Swiss FDI abroad (Outward),Investment income,Not applicable (Directional outward),BR,Brazil,Central and South America,CHF Millions,275.9
2016,Swiss FDI abroad (Outward),Investment income,Not applicable (Directional outward),BG,Bulgaria,Europe,CHF Millions,58.8
2016,Swiss FDI abroad (Outward),Investment income,Not applicable (Directional outward),CM,Cameroon,Africa,CHF Millions,-0.1
2016,Swiss FDI abroad (Outward),Investment income,Not applicable (Directional outward),CA,Canada,North America,CHF Millions,-1623.8
2016,Swiss FDI abroad (Outward),Investment income,Not applicable (Directional outward),CL,Chile,Central and South America,CHF Millions,34.2
2016,Swiss FDI abroad (Outward),Investment income,Not applicable (Directional outward),CN,China,Asia,CHF Millions,2292.4
2016,Swiss FDI abroad (Outward),Investment income,Not applicable (Directional outward),CO,Colombia,Central and South America,CHF Millions,90.4
2016,Swiss FDI abroad (Outward),Investment income,Not applicable (Directional outward),CR,Costa Rica,Central and South America,CHF Millions,125.3
2016,Swiss FDI abroad (Outward),Investment income,Not applicable (Directional outward),HR,Croatia,Europe,CHF Millions,33.0
2016,Swiss FDI abroad (Outward),Investment income,Not applicable (Directional outward),CY,Cyprus,Europe,CHF Millions,133.5
2016,Swiss FDI abroad (Outward),Investment income,Not applicable (Directional outward),CZ,Czechia,Europe,CHF Millions,353.1
2016,Swiss FDI abroad (Outward),Investment income,Not applicable (Directional outward),CI,Côte d’Ivoire,Africa,CHF Millions,9.7
2016,Swiss FDI abroad (Outward),Investment income,Not applicable (Directional outward),DK,Denmark,Europe,CHF Millions,78.9
2016,Swiss FDI abroad (Outward),Investment income,Not applicable (Directional outward),B3,EU,Europe,CHF Millions,36909.8
2016,Swiss FDI abroad (Outward),Investment income,Not applicable (Directional outward),EC,Ecuador,Central and South America,CHF Millions,34.3
2016,Swiss FDI abroad (Outward),Investment income,Not applicable (Directional outward),EG,Egypt,Africa,CHF Millions,-150.6
2016,Swiss FDI abroad (Outward),Investment income,Not applicable (Directional outward),EE,Estonia,Europe,CHF Millions,4.1
2016,Swiss FDI abroad (Outward),Investment income,Not applicable (Directional outward),FI,Finland,Europe,CHF Millions,206.5
2016,Swiss FDI abroad (Outward),Investment income,Not applicable (Directional outward),FR,France,Europe,CHF Millions,3690.9
2016,Swiss FDI abroad (Outward),Investment income,Not applicable (Directional outward),DE,Germany,Europe,CHF Millions,6102.6
2016,Swiss FDI abroad (Outward),Investment income,Not applicable (Directional outward),GR,Greece,Europe,CHF Millions,-58.9
2016,Swiss FDI abroad (Outward),Investment income,Not applicable (Directional outward),GT,Guatemala,Central and South America,CHF Millions,10.2
2016,Swiss FDI abroad (Outward),Investment income,Not applicable (Directional outward),HK,Hong Kong,Asia,CHF Millions,1037.1
2016,Swiss FDI abroad (Outward),Investment income,Not applicable (Directional outward),HU,Hungary,Europe,CHF Millions,631.4
2016,Swiss FDI abroad (Outward),Investment income,Not applicable (Directional outward),IN,India,Asia,CHF Millions,354.1
2016,Swiss FDI abroad (Outward),Investment income,Not applicable (Directional outward),ID,Indonesia,Asia,CHF Millions,190.9
2016,Swiss FDI abroad (Outward),Investment income,Not applicable (Directional outward),IE,Ireland,Europe,CHF Millions,4103.7
2016,Swiss FDI abroad (Outward),Investment income,Not applicable (Directional outward),IL,Israel,Asia,CHF Millions,136.2
2016,Swiss FDI abroad (Outward),Investment income,Not applicable (Directional outward),IT,Italy,Europe,CHF Millions,934.8
2016,Swiss FDI abroad (Outward),Investment income,Not applicable (Directional outward),JP,Japan,Asia,CHF Millions,1595.6
2016,Swiss FDI abroad (Outward),Investment income,Not applicable (Directional outward),JO,Jordan,Asia,CHF Millions,42.7
2016,Swiss FDI abroad (Outward),Investment income,Not applicable (Directional outward),KE,Kenya,Africa,CHF Millions,32.3
2016,Swiss FDI abroad (Outward),Investment income,Not applicable (Directional outward),KR,"Korea, Republic of (South Korea)",Asia,CHF Millions,401.2
2016,Swiss FDI abroad (Outward),Investment income,Not applicable (Directional outward),LV,Latvia,Europe,CHF Millions,5.0
2016,Swiss FDI abroad (Outward),Investment income,Not applicable (Directional outward),LB,Lebanon,Asia,CHF Millions,-20.7
2016,Swiss FDI abroad (Outward),Investment income,Not applicable (Directional outward),LT,Lithuania,Europe,CHF Millions,12.8
2016,Swiss FDI abroad (Outward),Investment income,Not applicable (Directional outward),LU,Luxembourg,Europe,CHF Millions,4418.6
2016,Swiss FDI abroad (Outward),Investment income,Not applicable (Directional outward),MY,Malaysia,Asia,CHF Millions,428.7
2016,Swiss FDI abroad (Outward),Investment income,Not applicable (Directional outward),MU,Mauritius,Africa,CHF Millions,97.0
2016,Swiss FDI abroad (Outward),Investment income,Not applicable (Directional outward),MX,Mexico,Central and South America,CHF Millions,534.8
2016,Swiss FDI abroad (Outward),Investment income,Not applicable (Directional outward),MA,Morocco,Africa,CHF Millions,14.0
2016,Swiss FDI abroad (Outward),Investment income,Not applicable (Directional outward),NL,Netherlands,Europe,CHF Millions,11704.1
2016,Swiss FDI abroad (Outward),Investment income,Not applicable (Directional outward),NZ,New Zealand,Oceania,CHF Millions,63.8
2016,Swiss FDI abroad (Outward),Investment income,Not applicable (Directional outward),NG,Nigeria,Africa,CHF Millions,57.5
2016,Swiss FDI abroad (Outward),Investment income,Not applicable (Directional outward),NO,Norway,Europe,CHF Millions,35.8
2016,Swiss FDI abroad (Outward),Investment income,Not applicable (Directional outward),S21,Offshore financial centres in Europe,Europe,CHF Millions,3701.7
2016,Swiss FDI abroad (Outward),Investment income,Not applicable (Directional outward),G9,Other European countries,Europe,CHF Millions,4961.0
2016,Swiss FDI abroad (Outward),Investment income,Not applicable (Directional outward),PK,Pakistan,Asia,CHF Millions,260.3
2016,Swiss FDI abroad (Outward),Investment income,Not applicable (Directional outward),PA,Panama,Central and South America,CHF Millions,339.8
2016,Swiss FDI abroad (Outward),Investment income,Not applicable (Directional outward),PE,Peru,Central and South America,CHF Millions,81.9
2016,Swiss FDI abroad (Outward),Investment income,Not applicable (Directional outward),PH,Philippines,Asia,CHF Millions,491.9
2016,Swiss FDI abroad (Outward),Investment income,Not applicable (Directional outward),PL,Poland,Europe,CHF Millions,480.2
2016,Swiss FDI abroad (Outward),Investment income,Not applicable (Directional outward),PT,Portugal,Europe,CHF Millions,33.5
2016,Swiss FDI abroad (Outward),Investment income,Not applicable (Directional outward),QA,Qatar,Asia,CHF Millions,10.4
2016,Swiss FDI abroad (Outward),Investment income,Not applicable (Directional outward),RO,Romania,Europe,CHF Millions,70.9
2016,Swiss FDI abroad (Outward),Investment income,Not applicable (Directional outward),RU,Russia,Europe,CHF Millions,885.9
2016,Swiss FDI abroad (Outward),Investment income,Not applicable (Directional outward),SA,Saudi Arabia,Asia,CHF Millions,99.8
2016,Swiss FDI abroad (Outward),Investment income,Not applicable (Directional outward),RS,Serbia,Europe,CHF Millions,73.6
2016,Swiss FDI abroad (Outward),Investment income,Not applicable (Directional outward),SG,Singapore,Asia,CHF Millions,4341.5
2016,Swiss FDI abroad (Outward),Investment income,Not applicable (Directional outward),SK,Slovakia,Europe,CHF Millions,39.6
2016,Swiss FDI abroad (Outward),Investment income,Not applicable (Directional outward),ZA,South Africa,Africa,CHF Millions,-70.4
2016,Swiss FDI abroad (Outward),Investment income,Not applicable (Directional outward),ES,Spain,Europe,CHF Millions,1325.8
2016,Swiss FDI abroad (Outward),Investment income,Not applicable (Directional outward),LK,Sri Lanka,Asia,CHF Millions,31.4
2016,Swiss FDI abroad (Outward),Investment income,Not applicable (Directional outward),SE,Sweden,Europe,CHF Millions,441.5
2016,Swiss FDI abroad (Outward),Investment income,Not applicable (Directional outward),TW,Taiwan,Asia,CHF Millions,417.3
2016,Swiss FDI abroad (Outward),Investment income,Not applicable (Directional outward),TZ,Tanzania,Africa,CHF Millions,10.6
2016,Swiss FDI abroad (Outward),Investment income,Not applicable (Directional outward),TH,Thailand,Asia,CHF Millions,442.8
2016,Swiss FDI abroad (Outward),Investment income,Not applicable (Directional outward),T0,Total,All / Total,CHF Millions,85812.6
2016,Swiss FDI abroad (Outward),Investment income,Not applicable (Directional outward),T1,Total,Europe,CHF Millions,41870.8
2016,Swiss FDI abroad (Outward),Investment income,Not applicable (Directional outward),S22,Total,Europe,CHF Millions,21.9
2016,Swiss FDI abroad (Outward),Investment income,Not applicable (Directional outward),T2,Total,North America,CHF Millions,17177.4
2016,Swiss FDI abroad (Outward),Investment income,Not applicable (Directional outward),T3,Total,Central and South America,CHF Millions,10250.7
2016,Swiss FDI abroad (Outward),Investment income,Not applicable (Directional outward),S19,Total,Central and South America,CHF Millions,7956.0
2016,Swiss FDI abroad (Outward),Investment income,Not applicable (Directional outward),T4,Total,Asia,CHF Millions,15727.1
2016,Swiss FDI abroad (Outward),Investment income,Not applicable (Directional outward),T5,Total,Africa,CHF Millions,164.0
2016,Swiss FDI abroad (Outward),Investment income,Not applicable (Directional outward),T6,Total,Oceania,CHF Millions,622.5
2016,Swiss FDI abroad (Outward),Investment income,Not applicable (Directional outward),TN,Tunisia,Africa,CHF Millions,2.3
2016,Swiss FDI abroad (Outward),Investment income,Not applicable (Directional outward),TR,Turkey,Europe,CHF Millions,270.8
2016,Swiss FDI abroad (Outward),Investment income,Not applicable (Directional outward),UA,Ukraine,Europe,CHF Millions,-14.5
2016,Swiss FDI abroad (Outward),Investment income,Not applicable (Directional outward),AE,United Arab Emirates,Asia,CHF Millions,2634.9
2016,Swiss FDI abroad (Outward),Investment income,Not applicable (Directional outward),GB,United Kingdom,Europe,CHF Millions,953.1
2016,Swiss FDI abroad (Outward),Investment income,Not applicable (Directional outward),US,United States,North America,CHF Millions,18801.2
2016,Swiss FDI abroad (Outward),Investment income,Not applicable (Directional outward),UY,Uruguay,Central and South America,CHF Millions,471.2
2016,Swiss FDI abroad (Outward),Investment income,Not applicable (Directional outward),VE,Venezuela,Central and South America,CHF Millions,487.0
2016,Swiss FDI abroad (Outward),Investment income,Not applicable (Directional outward),VN,Viet Nam,Asia,CHF Millions,163.5
2017,FDI in Switzerland (Inward),Capital stocks,Capital stocks by immediate investor,AU,Australia,All / Total,CHF Millions,
2017,FDI in Switzerland (Inward),Capital stocks,Capital stocks by immediate investor,AT,Austria,Europe,CHF Millions,63233.9
2017,FDI in Switzerland (Inward),Capital stocks,Capital stocks by immediate investor,BE,Belgium,Europe,CHF Millions,4696.3
2017,FDI in Switzerland (Inward),Capital stocks,Capital stocks by immediate investor,CA,Canada,North America,CHF Millions,3001.4
2017,FDI in Switzerland (Inward),Capital stocks,Capital stocks by immediate investor,CN,China,All / Total,CHF Millions,
2017,FDI in Switzerland (Inward),Capital stocks,Capital stocks by immediate investor,CY,Cyprus,Europe,CHF Millions,15120.2
2017,FDI in Switzerland (Inward),Capital stocks,Capital stocks by immediate investor,DK,Denmark,Europe,CHF Millions,19334.9
2017,FDI in Switzerland (Inward),Capital stocks,Capital stocks by immediate investor,B3,EU,Europe,CHF Millions,1100511.9
2017,FDI in Switzerland (Inward),Capital stocks,Capital stocks by immediate investor,FR,France,Europe,CHF Millions,39128.3
2017,FDI in Switzerland (Inward),Capital stocks,Capital stocks by immediate investor,DE,Germany,Europe,CHF Millions,27632.9
2017,FDI in Switzerland (Inward),Capital stocks,Capital stocks by immediate investor,HU,Hungary,Europe,CHF Millions,46537.4
2017,FDI in Switzerland (Inward),Capital stocks,Capital stocks by immediate investor,IN,India,All / Total,CHF Millions,
2017,FDI in Switzerland (Inward),Capital stocks,Capital stocks by immediate investor,IE,Ireland,Europe,CHF Millions,82478.3
2017,FDI in Switzerland (Inward),Capital stocks,Capital stocks by immediate investor,IL,Israel,All / Total,CHF Millions,885.1
2017,FDI in Switzerland (Inward),Capital stocks,Capital stocks by immediate investor,IT,Italy,Europe,CHF Millions,4457.3
2017,FDI in Switzerland (Inward),Capital stocks,Capital stocks by immediate investor,JP,Japan,All / Total,CHF Millions,4394.0
2017,FDI in Switzerland (Inward),Capital stocks,Capital stocks by immediate investor,LU,Luxembourg,Europe,CHF Millions,363862.8
2017,FDI in Switzerland (Inward),Capital stocks,Capital stocks by immediate investor,PMA,Memorandum item: All countries including real estate activities,All / Total,CHF Millions,1385713.8
2017,FDI in Switzerland (Inward),Capital stocks,Capital stocks by immediate investor,PMG,Memorandum item: Real estate activities,All / Total,CHF Millions,37893.6
2017,FDI in Switzerland (Inward),Capital stocks,Capital stocks by immediate investor,MX,Mexico,Central and South America,CHF Millions,
2017,FDI in Switzerland (Inward),Capital stocks,Capital stocks by immediate investor,NL,Netherlands,Europe,CHF Millions,368077.0
2017,FDI in Switzerland (Inward),Capital stocks,Capital stocks by immediate investor,S19,Offshore financial centres,Central and South America,CHF Millions,109256.1
2017,FDI in Switzerland (Inward),Capital stocks,Capital stocks by immediate investor,SNBBS21,Offshore financial centres in Europe,Europe,CHF Millions,
2017,FDI in Switzerland (Inward),Capital stocks,Capital stocks by immediate investor,G9,Other European countries,Europe,CHF Millions,28800.1
2017,FDI in Switzerland (Inward),Capital stocks,Capital stocks by immediate investor,RU,Russia,Europe,CHF Millions,
2017,FDI in Switzerland (Inward),Capital stocks,Capital stocks by immediate investor,ES,Spain,Europe,CHF Millions,9420.3
2017,FDI in Switzerland (Inward),Capital stocks,Capital stocks by immediate investor,SE,Sweden,Europe,CHF Millions,11575.9
2017,FDI in Switzerland (Inward),Capital stocks,Capital stocks by immediate investor,T0,Total,All / Total,CHF Millions,1347820.2
2017,FDI in Switzerland (Inward),Capital stocks,Capital stocks by immediate investor,T1,Total,Europe,CHF Millions,1129312.0
2017,FDI in Switzerland (Inward),Capital stocks,Capital stocks by immediate investor,T2,Total,North America,CHF Millions,100854.8
2017,FDI in Switzerland (Inward),Capital stocks,Capital stocks by immediate investor,T3,Total,Central and South America,CHF Millions,105869.1
2017,FDI in Switzerland (Inward),Capital stocks,Capital stocks by immediate investor,T4,Total,All / Total,CHF Millions,11784.4
2017,FDI in Switzerland (Inward),Capital stocks,Capital stocks by immediate investor,AE,United Arab Emirates,All / Total,CHF Millions,
2017,FDI in Switzerland (Inward),Capital stocks,Capital stocks by immediate investor,GB,United Kingdom,Europe,CHF Millions,42129.8
2017,FDI in Switzerland (Inward),Capital stocks,Capital stocks by immediate investor,US,United States,North America,CHF Millions,97853.6
2017,FDI in Switzerland (Inward),Capital stocks,Capital stocks by ultimate beneficial owner,AU,Australia,All / Total,CHF Millions,2028.2
2017,FDI in Switzerland (Inward),Capital stocks,Capital stocks by ultimate beneficial owner,AT,Austria,Europe,CHF Millions,8261.3
2017,FDI in Switzerland (Inward),Capital stocks,Capital stocks by ultimate beneficial owner,BE,Belgium,Europe,CHF Millions,4799.9
2017,FDI in Switzerland (Inward),Capital stocks,Capital stocks by ultimate beneficial owner,CA,Canada,North America,CHF Millions,37030.6
2017,FDI in Switzerland (Inward),Capital stocks,Capital stocks by ultimate beneficial owner,CN,China,All / Total,CHF Millions,16928.8
2017,FDI in Switzerland (Inward),Capital stocks,Capital stocks by ultimate beneficial owner,CY,Cyprus,Europe,CHF Millions,
2017,FDI in Switzerland (Inward),Capital stocks,Capital stocks by ultimate beneficial owner,DK,Denmark,Europe,CHF Millions,4143.6
2017,FDI in Switzerland (Inward),Capital stocks,Capital stocks by ultimate beneficial owner,B3,EU,Europe,CHF Millions,407989.0
2017,FDI in Switzerland (Inward),Capital stocks,Capital stocks by ultimate beneficial owner,FR,France,Europe,CHF Millions,43093.6
2017,FDI in Switzerland (Inward),Capital stocks,Capital stocks by ultimate beneficial owner,DE,Germany,Europe,CHF Millions,39533.1
2017,FDI in Switzerland (Inward),Capital stocks,Capital stocks by ultimate beneficial owner,HU,Hungary,Europe,CHF Millions,
2017,FDI in Switzerland (Inward),Capital stocks,Capital stocks by ultimate beneficial owner,IN,India,All / Total,CHF Millions,1810.3
2017,FDI in Switzerland (Inward),Capital stocks,Capital stocks by ultimate beneficial owner,IE,Ireland,Europe,CHF Millions,115777.7
2017,FDI in Switzerland (Inward),Capital stocks,Capital stocks by ultimate beneficial owner,IL,Israel,All / Total,CHF Millions,1588.0
2017,FDI in Switzerland (Inward),Capital stocks,Capital stocks by ultimate beneficial owner,IT,Italy,Europe,CHF Millions,6403.7
2017,FDI in Switzerland (Inward),Capital stocks,Capital stocks by ultimate beneficial owner,JP,Japan,All / Total,CHF Millions,25520.5
2017,FDI in Switzerland (Inward),Capital stocks,Capital stocks by ultimate beneficial owner,LU,Luxembourg,Europe,CHF Millions,22341.9
2017,FDI in Switzerland (Inward),Capital stocks,Capital stocks by ultimate beneficial owner,PMA,Memorandum item: All countries including real estate activities,All / Total,CHF Millions,1385713.8
2017,FDI in Switzerland (Inward),Capital stocks,Capital stocks by ultimate beneficial owner,PMG,Memorandum item: Real estate activities,All / Total,CHF Millions,37893.6
2017,FDI in Switzerland (Inward),Capital stocks,Capital stocks by ultimate beneficial owner,MX,Mexico,Central and South America,CHF Millions,12320.0
2017,FDI in Switzerland (Inward),Capital stocks,Capital stocks by ultimate beneficial owner,NL,Netherlands,Europe,CHF Millions,69293.0
2017,FDI in Switzerland (Inward),Capital stocks,Capital stocks by ultimate beneficial owner,S19,Offshore financial centres,Central and South America,CHF Millions,47695.1
2017,FDI in Switzerland (Inward),Capital stocks,Capital stocks by ultimate beneficial owner,SNBBS21,Offshore financial centres in Europe,Europe,CHF Millions,14235.9
2017,FDI in Switzerland (Inward),Capital stocks,Capital stocks by ultimate beneficial owner,G9,Other European countries,Europe,CHF Millions,83261.7
2017,FDI in Switzerland (Inward),Capital stocks,Capital stocks by ultimate beneficial owner,RU,Russia,Europe,CHF Millions,27692.8
2017,FDI in Switzerland (Inward),Capital stocks,Capital stocks by ultimate beneficial owner,ES,Spain,Europe,CHF Millions,6547.1
2017,FDI in Switzerland (Inward),Capital stocks,Capital stocks by ultimate beneficial owner,SE,Sweden,Europe,CHF Millions,11929.2
2017,FDI in Switzerland (Inward),Capital stocks,Capital stocks by ultimate beneficial owner,T0,Total,All / Total,CHF Millions,1347820.2
2017,FDI in Switzerland (Inward),Capital stocks,Capital stocks by ultimate beneficial owner,T1,Total,Europe,CHF Millions,491250.8
2017,FDI in Switzerland (Inward),Capital stocks,Capital stocks by ultimate beneficial owner,T2,Total,North America,CHF Millions,722062.0
2017,FDI in Switzerland (Inward),Capital stocks,Capital stocks by ultimate beneficial owner,T3,Total,Central and South America,CHF Millions,82967.5
2017,FDI in Switzerland (Inward),Capital stocks,Capital stocks by ultimate beneficial owner,T4,Total,All / Total,CHF Millions,51539.9
2017,FDI in Switzerland (Inward),Capital stocks,Capital stocks by ultimate beneficial owner,AE,United Arab Emirates,All / Total,CHF Millions,774.2
2017,FDI in Switzerland (Inward),Capital stocks,Capital stocks by ultimate beneficial owner,GB,United Kingdom,Europe,CHF Millions,69109.6
2017,FDI in Switzerland (Inward),Capital stocks,Capital stocks by ultimate beneficial owner,US,United States,North America,CHF Millions,685031.6
2017,FDI in Switzerland (Inward),Capital transactions (flows),Immediate investor,AT,Austria,Europe,CHF Millions,-1106.9
2017,FDI in Switzerland (Inward),Capital transactions (flows),Immediate investor,BE,Belgium,Europe,CHF Millions,-1150.7
2017,FDI in Switzerland (Inward),Capital transactions (flows),Immediate investor,CA,Canada,North America,CHF Millions,2944.0
2017,FDI in Switzerland (Inward),Capital transactions (flows),Immediate investor,CY,Cyprus,Europe,CHF Millions,1278.7
2017,FDI in Switzerland (Inward),Capital transactions (flows),Immediate investor,DK,Denmark,Europe,CHF Millions,1502.3
2017,FDI in Switzerland (Inward),Capital transactions (flows),Immediate investor,B3,EU,Europe,CHF Millions,77320.9
2017,FDI in Switzerland (Inward),Capital transactions (flows),Immediate investor,FR,France,Europe,CHF Millions,522.9
2017,FDI in Switzerland (Inward),Capital transactions (flows),Immediate investor,DE,Germany,Europe,CHF Millions,1347.7
2017,FDI in Switzerland (Inward),Capital transactions (flows),Immediate investor,HU,Hungary,Europe,CHF Millions,2514.1
2017,FDI in Switzerland (Inward),Capital transactions (flows),Immediate investor,IE,Ireland,Europe,CHF Millions,10863.7
2017,FDI in Switzerland (Inward),Capital transactions (flows),Immediate investor,IL,Israel,All / Total,CHF Millions,-174.6
2017,FDI in Switzerland (Inward),Capital transactions (flows),Immediate investor,IT,Italy,Europe,CHF Millions,25.3
2017,FDI in Switzerland (Inward),Capital transactions (flows),Immediate investor,JP,Japan,All / Total,CHF Millions,-1906.3
2017,FDI in Switzerland (Inward),Capital transactions (flows),Immediate investor,LU,Luxembourg,Europe,CHF Millions,42162.6
2017,FDI in Switzerland (Inward),Capital transactions (flows),Immediate investor,PMA,Memorandum item: All countries including real estate activities,All / Total,CHF Millions,112931.6
2017,FDI in Switzerland (Inward),Capital transactions (flows),Immediate investor,PMG,Memorandum item: Real estate activities,All / Total,CHF Millions,154.3
2017,FDI in Switzerland (Inward),Capital transactions (flows),Immediate investor,NL,Netherlands,Europe,CHF Millions,46734.8
2017,FDI in Switzerland (Inward),Capital transactions (flows),Immediate investor,S19,Offshore financial centres,Central and South America,CHF Millions,34806.3
2017,FDI in Switzerland (Inward),Capital transactions (flows),Immediate investor,G9,Other European countries,Europe,CHF Millions,8897.0
2017,FDI in Switzerland (Inward),Capital transactions (flows),Immediate investor,ES,Spain,Europe,CHF Millions,-52.2
2017,FDI in Switzerland (Inward),Capital transactions (flows),Immediate investor,SE,Sweden,Europe,CHF Millions,788.3
2017,FDI in Switzerland (Inward),Capital transactions (flows),Immediate investor,T0,Total,All / Total,CHF Millions,112777.3
2017,FDI in Switzerland (Inward),Capital transactions (flows),Immediate investor,T1,Total,Europe,CHF Millions,86218.0
2017,FDI in Switzerland (Inward),Capital transactions (flows),Immediate investor,T2,Total,North America,CHF Millions,-10212.1
2017,FDI in Switzerland (Inward),Capital transactions (flows),Immediate investor,T3,Total,Central and South America,CHF Millions,36749.6
2017,FDI in Switzerland (Inward),Capital transactions (flows),Immediate investor,T4,Total,All / Total,CHF Millions,21.8
2017,FDI in Switzerland (Inward),Capital transactions (flows),Immediate investor,GB,United Kingdom,Europe,CHF Millions,-25999.8
2017,FDI in Switzerland (Inward),Capital transactions (flows),Immediate investor,US,United States,North America,CHF Millions,-13156.2
2017,FDI in Switzerland (Inward),Investment income,Investment income by immediate investor,AU,Australia,All / Total,CHF Millions,
2017,FDI in Switzerland (Inward),Investment income,Investment income by immediate investor,AT,Austria,Europe,CHF Millions,-2673.2
2017,FDI in Switzerland (Inward),Investment income,Investment income by immediate investor,BE,Belgium,Europe,CHF Millions,53.9
2017,FDI in Switzerland (Inward),Investment income,Investment income by immediate investor,CA,Canada,North America,CHF Millions,-21.3
2017,FDI in Switzerland (Inward),Investment income,Investment income by immediate investor,CN,China,All / Total,CHF Millions,
2017,FDI in Switzerland (Inward),Investment income,Investment income by immediate investor,CY,Cyprus,Europe,CHF Millions,304.4
2017,FDI in Switzerland (Inward),Investment income,Investment income by immediate investor,DK,Denmark,Europe,CHF Millions,1612.8
2017,FDI in Switzerland (Inward),Investment income,Investment income by immediate investor,B3,EU,Europe,CHF Millions,81229.8
2017,FDI in Switzerland (Inward),Investment income,Investment income by immediate investor,FR,France,Europe,CHF Millions,5186.9
2017,FDI in Switzerland (Inward),Investment income,Investment income by immediate investor,DE,Germany,Europe,CHF Millions,3452.3
2017,FDI in Switzerland (Inward),Investment income,Investment income by immediate investor,HU,Hungary,Europe,CHF Millions,1336.3
2017,FDI in Switzerland (Inward),Investment income,Investment income by immediate investor,IN,India,All / Total,CHF Millions,
2017,FDI in Switzerland (Inward),Investment income,Investment income by immediate investor,IE,Ireland,Europe,CHF Millions,-2295.8
2017,FDI in Switzerland (Inward),Investment income,Investment income by immediate investor,IL,Israel,All / Total,CHF Millions,-171.1
2017,FDI in Switzerland (Inward),Investment income,Investment income by immediate investor,IT,Italy,Europe,CHF Millions,38.6
2017,FDI in Switzerland (Inward),Investment income,Investment income by immediate investor,JP,Japan,All / Total,CHF Millions,-191.8
2017,FDI in Switzerland (Inward),Investment income,Investment income by immediate investor,LU,Luxembourg,Europe,CHF Millions,31811.8
2017,FDI in Switzerland (Inward),Investment income,Investment income by immediate investor,MX,Mexico,Central and South America,CHF Millions,
2017,FDI in Switzerland (Inward),Investment income,Investment income by immediate investor,NL,Netherlands,Europe,CHF Millions,37928.4
2017,FDI in Switzerland (Inward),Investment income,Investment income by immediate investor,S19,Offshore financial centres,Central and South America,CHF Millions,12037.1
2017,FDI in Switzerland (Inward),Investment income,Investment income by immediate investor,SNBBS21,Offshore financial centres in Europe,Europe,CHF Millions,
2017,FDI in Switzerland (Inward),Investment income,Investment income by immediate investor,G9,Other European countries,Europe,CHF Millions,4396.4
2017,FDI in Switzerland (Inward),Investment income,Investment income by immediate investor,RU,Russia,Europe,CHF Millions,
2017,FDI in Switzerland (Inward),Investment income,Investment income by immediate investor,ES,Spain,Europe,CHF Millions,-157.1
2017,FDI in Switzerland (Inward),Investment income,Investment income by immediate investor,SE,Sweden,Europe,CHF Millions,1346.4
2017,FDI in Switzerland (Inward),Investment income,Investment income by immediate investor,T0,Total,All / Total,CHF Millions,98446.6
2017,FDI in Switzerland (Inward),Investment income,Investment income by immediate investor,T1,Total,Europe,CHF Millions,85626.2
2017,FDI in Switzerland (Inward),Investment income,Investment income by immediate investor,T2,Total,North America,CHF Millions,1882.8
2017,FDI in Switzerland (Inward),Investment income,Investment income by immediate investor,T3,Total,Central and South America,CHF Millions,10982.6
2017,FDI in Switzerland (Inward),Investment income,Investment income by immediate investor,T4,Total,All / Total,CHF Millions,-44.9
2017,FDI in Switzerland (Inward),Investment income,Investment income by immediate investor,AE,United Arab Emirates,All / Total,CHF Millions,
2017,FDI in Switzerland (Inward),Investment income,Investment income by immediate investor,GB,United Kingdom,Europe,CHF Millions,3188.5
2017,FDI in Switzerland (Inward),Investment income,Investment income by immediate investor,US,United States,North America,CHF Millions,1904.1
2017,FDI in Switzerland (Inward),Investment income,Investment income by ultimate beneficial owner,AU,Australia,All / Total,CHF Millions,1653.3
2017,FDI in Switzerland (Inward),Investment income,Investment income by ultimate beneficial owner,AT,Austria,Europe,CHF Millions,331.4
2017,FDI in Switzerland (Inward),Investment income,Investment income by ultimate beneficial owner,BE,Belgium,Europe,CHF Millions,227.7
2017,FDI in Switzerland (Inward),Investment income,Investment income by ultimate beneficial owner,CA,Canada,North America,CHF Millions,4069.1
2017,FDI in Switzerland (Inward),Investment income,Investment income by ultimate beneficial owner,CN,China,All / Total,CHF Millions,294.0
2017,FDI in Switzerland (Inward),Investment income,Investment income by ultimate beneficial owner,CY,Cyprus,Europe,CHF Millions,
2017,FDI in Switzerland (Inward),Investment income,Investment income by ultimate beneficial owner,DK,Denmark,Europe,CHF Millions,1701.4
2017,FDI in Switzerland (Inward),Investment income,Investment income by ultimate beneficial owner,B3,EU,Europe,CHF Millions,33869.8
2017,FDI in Switzerland (Inward),Investment income,Investment income by ultimate beneficial owner,FR,France,Europe,CHF Millions,6810.7
2017,FDI in Switzerland (Inward),Investment income,Investment income by ultimate beneficial owner,DE,Germany,Europe,CHF Millions,4030.2
2017,FDI in Switzerland (Inward),Investment income,Investment income by ultimate beneficial owner,HU,Hungary,Europe,CHF Millions,
2017,FDI in Switzerland (Inward),Investment income,Investment income by ultimate beneficial owner,IN,India,All / Total,CHF Millions,-3.5
2017,FDI in Switzerland (Inward),Investment income,Investment income by ultimate beneficial owner,IE,Ireland,Europe,CHF Millions,5186.6
2017,FDI in Switzerland (Inward),Investment income,Investment income by ultimate beneficial owner,IL,Israel,All / Total,CHF Millions,-411.7
2017,FDI in Switzerland (Inward),Investment income,Investment income by ultimate beneficial owner,IT,Italy,Europe,CHF Millions,132.1
2017,FDI in Switzerland (Inward),Investment income,Investment income by ultimate beneficial owner,JP,Japan,All / Total,CHF Millions,-141.8
2017,FDI in Switzerland (Inward),Investment income,Investment income by ultimate beneficial owner,LU,Luxembourg,Europe,CHF Millions,70.7
2017,FDI in Switzerland (Inward),Investment income,Investment income by ultimate beneficial owner,MX,Mexico,Central and South America,CHF Millions,-199.4
2017,FDI in Switzerland (Inward),Investment income,Investment income by ultimate beneficial owner,NL,Netherlands,Europe,CHF Millions,5618.4
2017,FDI in Switzerland (Inward),Investment income,Investment income by ultimate beneficial owner,S19,Offshore financial centres,Central and South America,CHF Millions,1673.3
2017,FDI in Switzerland (Inward),Investment income,Investment income by ultimate beneficial owner,SNBBS21,Offshore financial centres in Europe,Europe,CHF Millions,2615.6
2017,FDI in Switzerland (Inward),Investment income,Investment income by ultimate beneficial owner,G9,Other European countries,Europe,CHF Millions,8783.7
2017,FDI in Switzerland (Inward),Investment income,Investment income by ultimate beneficial owner,RU,Russia,Europe,CHF Millions,1020.5
2017,FDI in Switzerland (Inward),Investment income,Investment income by ultimate beneficial owner,ES,Spain,Europe,CHF Millions,45.4
2017,FDI in Switzerland (Inward),Investment income,Investment income by ultimate beneficial owner,SE,Sweden,Europe,CHF Millions,1512.1
2017,FDI in Switzerland (Inward),Investment income,Investment income by ultimate beneficial owner,T0,Total,All / Total,CHF Millions,98446.6
2017,FDI in Switzerland (Inward),Investment income,Investment income by ultimate beneficial owner,T1,Total,Europe,CHF Millions,42653.4
2017,FDI in Switzerland (Inward),Investment income,Investment income by ultimate beneficial owner,T2,Total,North America,CHF Millions,56735.1
2017,FDI in Switzerland (Inward),Investment income,Investment income by ultimate beneficial owner,T3,Total,Central and South America,CHF Millions,-2329.0
2017,FDI in Switzerland (Inward),Investment income,Investment income by ultimate beneficial owner,T4,Total,All / Total,CHF Millions,1387.0
2017,FDI in Switzerland (Inward),Investment income,Investment income by ultimate beneficial owner,AE,United Arab Emirates,All / Total,CHF Millions,-44.9
2017,FDI in Switzerland (Inward),Investment income,Investment income by ultimate beneficial owner,GB,United Kingdom,Europe,CHF Millions,7541.6
2017,FDI in Switzerland (Inward),Investment income,Investment income by ultimate beneficial owner,US,United States,North America,CHF Millions,52666.0
2017,Swiss FDI abroad (Outward),Capital stocks,Not applicable (Directional outward),AR,Argentina,Central and South America,CHF Millions,3852.1
2017,Swiss FDI abroad (Outward),Capital stocks,Not applicable (Directional outward),AU,Australia,Oceania,CHF Millions,15221.3
2017,Swiss FDI abroad (Outward),Capital stocks,Not applicable (Directional outward),AT,Austria,Europe,CHF Millions,9953.2
2017,Swiss FDI abroad (Outward),Capital stocks,Not applicable (Directional outward),BD,Bangladesh,Asia,CHF Millions,13.1
2017,Swiss FDI abroad (Outward),Capital stocks,Not applicable (Directional outward),BE,Belgium,Europe,CHF Millions,14206.7
2017,Swiss FDI abroad (Outward),Capital stocks,Not applicable (Directional outward),BO,Bolivia,Central and South America,CHF Millions,67.5
2017,Swiss FDI abroad (Outward),Capital stocks,Not applicable (Directional outward),BA,Bosnia and Herzegovina,Europe,CHF Millions,212.5
2017,Swiss FDI abroad (Outward),Capital stocks,Not applicable (Directional outward),BR,Brazil,Central and South America,CHF Millions,10607.7
2017,Swiss FDI abroad (Outward),Capital stocks,Not applicable (Directional outward),BG,Bulgaria,Europe,CHF Millions,331.1
2017,Swiss FDI abroad (Outward),Capital stocks,Not applicable (Directional outward),CM,Cameroon,Africa,CHF Millions,101.9
2017,Swiss FDI abroad (Outward),Capital stocks,Not applicable (Directional outward),CA,Canada,North America,CHF Millions,36315.6
2017,Swiss FDI abroad (Outward),Capital stocks,Not applicable (Directional outward),CL,Chile,Central and South America,CHF Millions,-1968.8
2017,Swiss FDI abroad (Outward),Capital stocks,Not applicable (Directional outward),CN,China,Asia,CHF Millions,21871.4
2017,Swiss FDI abroad (Outward),Capital stocks,Not applicable (Directional outward),CO,Colombia,Central and South America,CHF Millions,985.3
2017,Swiss FDI abroad (Outward),Capital stocks,Not applicable (Directional outward),CR,Costa Rica,Central and South America,CHF Millions,904.2
2017,Swiss FDI abroad (Outward),Capital stocks,Not applicable (Directional outward),HR,Croatia,Europe,CHF Millions,432.7
2017,Swiss FDI abroad (Outward),Capital stocks,Not applicable (Directional outward),CY,Cyprus,Europe,CHF Millions,45478.5
2017,Swiss FDI abroad (Outward),Capital stocks,Not applicable (Directional outward),CZ,Czechia,Europe,CHF Millions,3580.9
2017,Swiss FDI abroad (Outward),Capital stocks,Not applicable (Directional outward),CI,Côte d’Ivoire,Africa,CHF Millions,330.5
2017,Swiss FDI abroad (Outward),Capital stocks,Not applicable (Directional outward),DK,Denmark,Europe,CHF Millions,1632.4
2017,Swiss FDI abroad (Outward),Capital stocks,Not applicable (Directional outward),B3,EU,Europe,CHF Millions,743467.6
2017,Swiss FDI abroad (Outward),Capital stocks,Not applicable (Directional outward),EC,Ecuador,Central and South America,CHF Millions,234.2
2017,Swiss FDI abroad (Outward),Capital stocks,Not applicable (Directional outward),EG,Egypt,Africa,CHF Millions,731.1
2017,Swiss FDI abroad (Outward),Capital stocks,Not applicable (Directional outward),EE,Estonia,Europe,CHF Millions,111.2
2017,Swiss FDI abroad (Outward),Capital stocks,Not applicable (Directional outward),FI,Finland,Europe,CHF Millions,536.9
2017,Swiss FDI abroad (Outward),Capital stocks,Not applicable (Directional outward),FR,France,Europe,CHF Millions,59566.7
2017,Swiss FDI abroad (Outward),Capital stocks,Not applicable (Directional outward),DE,Germany,Europe,CHF Millions,45984.2
2017,Swiss FDI abroad (Outward),Capital stocks,Not applicable (Directional outward),GR,Greece,Europe,CHF Millions,1419.6
2017,Swiss FDI abroad (Outward),Capital stocks,Not applicable (Directional outward),GT,Guatemala,Central and South America,CHF Millions,163.2
2017,Swiss FDI abroad (Outward),Capital stocks,Not applicable (Directional outward),HK,Hong Kong,Asia,CHF Millions,7486.5
2017,Swiss FDI abroad (Outward),Capital stocks,Not applicable (Directional outward),HU,Hungary,Europe,CHF Millions,5815.5
2017,Swiss FDI abroad (Outward),Capital stocks,Not applicable (Directional outward),IN,India,Asia,CHF Millions,6135.1
2017,Swiss FDI abroad (Outward),Capital stocks,Not applicable (Directional outward),ID,Indonesia,Asia,CHF Millions,1491.6
2017,Swiss FDI abroad (Outward),Capital stocks,Not applicable (Directional outward),IE,Ireland,Europe,CHF Millions,99910.2
2017,Swiss FDI abroad (Outward),Capital stocks,Not applicable (Directional outward),IL,Israel,Asia,CHF Millions,1563.0
2017,Swiss FDI abroad (Outward),Capital stocks,Not applicable (Directional outward),IT,Italy,Europe,CHF Millions,17187.6
2017,Swiss FDI abroad (Outward),Capital stocks,Not applicable (Directional outward),JP,Japan,Asia,CHF Millions,14171.3
2017,Swiss FDI abroad (Outward),Capital stocks,Not applicable (Directional outward),JO,Jordan,Asia,CHF Millions,276.1
2017,Swiss FDI abroad (Outward),Capital stocks,Not applicable (Directional outward),KE,Kenya,Africa,CHF Millions,399.5
2017,Swiss FDI abroad (Outward),Capital stocks,Not applicable (Directional outward),KR,"Korea, Republic of (South Korea)",Asia,CHF Millions,3856.9
2017,Swiss FDI abroad (Outward),Capital stocks,Not applicable (Directional outward),LV,Latvia,Europe,CHF Millions,137.9
2017,Swiss FDI abroad (Outward),Capital stocks,Not applicable (Directional outward),LB,Lebanon,Asia,CHF Millions,73.4
2017,Swiss FDI abroad (Outward),Capital stocks,Not applicable (Directional outward),LT,Lithuania,Europe,CHF Millions,387.7
2017,Swiss FDI abroad (Outward),Capital stocks,Not applicable (Directional outward),LU,Luxembourg,Europe,CHF Millions,196166.6
2017,Swiss FDI abroad (Outward),Capital stocks,Not applicable (Directional outward),MY,Malaysia,Asia,CHF Millions,6058.9
2017,Swiss FDI abroad (Outward),Capital stocks,Not applicable (Directional outward),MU,Mauritius,Africa,CHF Millions,1277.1
2017,Swiss FDI abroad (Outward),Capital stocks,Not applicable (Directional outward),PMT,Memorandum item: All countries including real estate activities,All / Total,CHF Millions,1402506.6
2017,Swiss FDI abroad (Outward),Capital stocks,Not applicable (Directional outward),PMG,Memorandum item: Real estate activities,All / Total,CHF Millions,4402.6
2017,Swiss FDI abroad (Outward),Capital stocks,Not applicable (Directional outward),MX,Mexico,Central and South America,CHF Millions,4754.6
2017,Swiss FDI abroad (Outward),Capital stocks,Not applicable (Directional outward),MA,Morocco,Africa,CHF Millions,418.4
2017,Swiss FDI abroad (Outward),Capital stocks,Not applicable (Directional outward),NL,Netherlands,Europe,CHF Millions,156961.4
2017,Swiss FDI abroad (Outward),Capital stocks,Not applicable (Directional outward),NZ,New Zealand,Oceania,CHF Millions,382.8
2017,Swiss FDI abroad (Outward),Capital stocks,Not applicable (Directional outward),NG,Nigeria,Africa,CHF Millions,437.8
2017,Swiss FDI abroad (Outward),Capital stocks,Not applicable (Directional outward),NO,Norway,Europe,CHF Millions,4339.0
2017,Swiss FDI abroad (Outward),Capital stocks,Not applicable (Directional outward),S19,Offshore financial centres in Central and South America,Central and South America,CHF Millions,111375.0
2017,Swiss FDI abroad (Outward),Capital stocks,Not applicable (Directional outward),S21,Offshore financial centres in Europe,Europe,CHF Millions,26955.2
2017,Swiss FDI abroad (Outward),Capital stocks,Not applicable (Directional outward),G9,Other European countries,Europe,CHF Millions,58016.7
2017,Swiss FDI abroad (Outward),Capital stocks,Not applicable (Directional outward),PK,Pakistan,Asia,CHF Millions,1054.4
2017,Swiss FDI abroad (Outward),Capital stocks,Not applicable (Directional outward),PA,Panama,Central and South America,CHF Millions,3917.9
2017,Swiss FDI abroad (Outward),Capital stocks,Not applicable (Directional outward),PE,Peru,Central and South America,CHF Millions,321.6
2017,Swiss FDI abroad (Outward),Capital stocks,Not applicable (Directional outward),PH,Philippines,Asia,CHF Millions,2146.7
2017,Swiss FDI abroad (Outward),Capital stocks,Not applicable (Directional outward),PL,Poland,Europe,CHF Millions,6707.7
2017,Swiss FDI abroad (Outward),Capital stocks,Not applicable (Directional outward),PT,Portugal,Europe,CHF Millions,1008.7
2017,Swiss FDI abroad (Outward),Capital stocks,Not applicable (Directional outward),QA,Qatar,Asia,CHF Millions,58.8
2017,Swiss FDI abroad (Outward),Capital stocks,Not applicable (Directional outward),RO,Romania,Europe,CHF Millions,2649.7
2017,Swiss FDI abroad (Outward),Capital stocks,Not applicable (Directional outward),RU,Russia,Europe,CHF Millions,21394.3
2017,Swiss FDI abroad (Outward),Capital stocks,Not applicable (Directional outward),SA,Saudi Arabia,Asia,CHF Millions,958.7
2017,Swiss FDI abroad (Outward),Capital stocks,Not applicable (Directional outward),RS,Serbia,Europe,CHF Millions,753.0
2017,Swiss FDI abroad (Outward),Capital stocks,Not applicable (Directional outward),SG,Singapore,Asia,CHF Millions,18018.1
2017,Swiss FDI abroad (Outward),Capital stocks,Not applicable (Directional outward),SK,Slovakia,Europe,CHF Millions,815.4
2017,Swiss FDI abroad (Outward),Capital stocks,Not applicable (Directional outward),ZA,South Africa,Africa,CHF Millions,2373.4
2017,Swiss FDI abroad (Outward),Capital stocks,Not applicable (Directional outward),ES,Spain,Europe,CHF Millions,9807.1
2017,Swiss FDI abroad (Outward),Capital stocks,Not applicable (Directional outward),LK,Sri Lanka,Asia,CHF Millions,57.8
2017,Swiss FDI abroad (Outward),Capital stocks,Not applicable (Directional outward),SE,Sweden,Europe,CHF Millions,7562.9
2017,Swiss FDI abroad (Outward),Capital stocks,Not applicable (Directional outward),TW,Taiwan,Asia,CHF Millions,1882.8
2017,Swiss FDI abroad (Outward),Capital stocks,Not applicable (Directional outward),TZ,Tanzania,Africa,CHF Millions,172.0
2017,Swiss FDI abroad (Outward),Capital stocks,Not applicable (Directional outward),TH,Thailand,Asia,CHF Millions,2643.6
2017,Swiss FDI abroad (Outward),Capital stocks,Not applicable (Directional outward),T0,Total,All / Total,CHF Millions,1398104.1
2017,Swiss FDI abroad (Outward),Capital stocks,Not applicable (Directional outward),T1,Total,Europe,CHF Millions,801484.3
2017,Swiss FDI abroad (Outward),Capital stocks,Not applicable (Directional outward),T2,Total,North America,CHF Millions,321083.8
2017,Swiss FDI abroad (Outward),Capital stocks,Not applicable (Directional outward),T3,Total,Central and South America,CHF Millions,136112.6
2017,Swiss FDI abroad (Outward),Capital stocks,Not applicable (Directional outward),T4,Total,Asia,CHF Millions,111841.3
2017,Swiss FDI abroad (Outward),Capital stocks,Not applicable (Directional outward),T5,Total,Africa,CHF Millions,11788.4
2017,Swiss FDI abroad (Outward),Capital stocks,Not applicable (Directional outward),T6,Total,Oceania,CHF Millions,15793.7
2017,Swiss FDI abroad (Outward),Capital stocks,Not applicable (Directional outward),TN,Tunisia,Africa,CHF Millions,40.0
2017,Swiss FDI abroad (Outward),Capital stocks,Not applicable (Directional outward),TR,Turkey,Europe,CHF Millions,2352.7
2017,Swiss FDI abroad (Outward),Capital stocks,Not applicable (Directional outward),UA,Ukraine,Europe,CHF Millions,1484.4
2017,Swiss FDI abroad (Outward),Capital stocks,Not applicable (Directional outward),AE,United Arab Emirates,Asia,CHF Millions,17804.7
2017,Swiss FDI abroad (Outward),Capital stocks,Not applicable (Directional outward),GB,United Kingdom,Europe,CHF Millions,52897.8
2017,Swiss FDI abroad (Outward),Capital stocks,Not applicable (Directional outward),US,United States,North America,CHF Millions,284768.2
2017,Swiss FDI abroad (Outward),Capital stocks,Not applicable (Directional outward),UY,Uruguay,Central and South America,CHF Millions,2248.3
2017,Swiss FDI abroad (Outward),Capital stocks,Not applicable (Directional outward),VE,Venezuela,Central and South America,CHF Millions,1729.1
2017,Swiss FDI abroad (Outward),Capital stocks,Not applicable (Directional outward),VN,Viet Nam,Asia,CHF Millions,709.6
2017,Swiss FDI abroad (Outward),Capital transactions (flows),Not applicable (Directional outward),AR,Argentina,Central and South America,CHF Millions,50.5
2017,Swiss FDI abroad (Outward),Capital transactions (flows),Not applicable (Directional outward),AU,Australia,Oceania,CHF Millions,-1922.7
2017,Swiss FDI abroad (Outward),Capital transactions (flows),Not applicable (Directional outward),AT,Austria,Europe,CHF Millions,-276.5
2017,Swiss FDI abroad (Outward),Capital transactions (flows),Not applicable (Directional outward),BD,Bangladesh,Asia,CHF Millions,-2.2
2017,Swiss FDI abroad (Outward),Capital transactions (flows),Not applicable (Directional outward),BE,Belgium,Europe,CHF Millions,-4275.9
2017,Swiss FDI abroad (Outward),Capital transactions (flows),Not applicable (Directional outward),BO,Bolivia,Central and South America,CHF Millions,11.3
2017,Swiss FDI abroad (Outward),Capital transactions (flows),Not applicable (Directional outward),BA,Bosnia and Herzegovina,Europe,CHF Millions,7.9
2017,Swiss FDI abroad (Outward),Capital transactions (flows),Not applicable (Directional outward),BR,Brazil,Central and South America,CHF Millions,-182.0
2017,Swiss FDI abroad (Outward),Capital transactions (flows),Not applicable (Directional outward),BG,Bulgaria,Europe,CHF Millions,36.4
2017,Swiss FDI abroad (Outward),Capital transactions (flows),Not applicable (Directional outward),CM,Cameroon,Africa,CHF Millions,-11.1
2017,Swiss FDI abroad (Outward),Capital transactions (flows),Not applicable (Directional outward),CA,Canada,North America,CHF Millions,525.9
2017,Swiss FDI abroad (Outward),Capital transactions (flows),Not applicable (Directional outward),CL,Chile,Central and South America,CHF Millions,-46.6
2017,Swiss FDI abroad (Outward),Capital transactions (flows),Not applicable (Directional outward),CN,China,Asia,CHF Millions,2788.9
2017,Swiss FDI abroad (Outward),Capital transactions (flows),Not applicable (Directional outward),CO,Colombia,Central and South America,CHF Millions,297.1
2017,Swiss FDI abroad (Outward),Capital transactions (flows),Not applicable (Directional outward),CR,Costa Rica,Central and South America,CHF Millions,152.2
2017,Swiss FDI abroad (Outward),Capital transactions (flows),Not applicable (Directional outward),HR,Croatia,Europe,CHF Millions,55.6
2017,Swiss FDI abroad (Outward),Capital transactions (flows),Not applicable (Directional outward),CY,Cyprus,Europe,CHF Millions,52207.0
2017,Swiss FDI abroad (Outward),Capital transactions (flows),Not applicable (Directional outward),CZ,Czechia,Europe,CHF Millions,423.1
2017,Swiss FDI abroad (Outward),Capital transactions (flows),Not applicable (Directional outward),CI,Côte d’Ivoire,Africa,CHF Millions,14.8
2017,Swiss FDI abroad (Outward),Capital transactions (flows),Not applicable (Directional outward),DK,Denmark,Europe,CHF Millions,131.5
2017,Swiss FDI abroad (Outward),Capital transactions (flows),Not applicable (Directional outward),B3,EU,Europe,CHF Millions,988.3
2017,Swiss FDI abroad (Outward),Capital transactions (flows),Not applicable (Directional outward),EC,Ecuador,Central and South America,CHF Millions,36.4
2017,Swiss FDI abroad (Outward),Capital transactions (flows),Not applicable (Directional outward),EG,Egypt,Africa,CHF Millions,-111.6
2017,Swiss FDI abroad (Outward),Capital transactions (flows),Not applicable (Directional outward),EE,Estonia,Europe,CHF Millions,-323.0
2017,Swiss FDI abroad (Outward),Capital transactions (flows),Not applicable (Directional outward),FI,Finland,Europe,CHF Millions,-426.2
2017,Swiss FDI abroad (Outward),Capital transactions (flows),Not applicable (Directional outward),FR,France,Europe,CHF Millions,-917.9
2017,Swiss FDI abroad (Outward),Capital transactions (flows),Not applicable (Directional outward),DE,Germany,Europe,CHF Millions,5658.8
2017,Swiss FDI abroad (Outward),Capital transactions (flows),Not applicable (Directional outward),GR,Greece,Europe,CHF Millions,184.7
2017,Swiss FDI abroad (Outward),Capital transactions (flows),Not applicable (Directional outward),GT,Guatemala,Central and South America,CHF Millions,-58.4
2017,Swiss FDI abroad (Outward),Capital transactions (flows),Not applicable (Directional outward),HK,Hong Kong,Asia,CHF Millions,506.2
2017,Swiss FDI abroad (Outward),Capital transactions (flows),Not applicable (Directional outward),HU,Hungary,Europe,CHF Millions,386.5
2017,Swiss FDI abroad (Outward),Capital transactions (flows),Not applicable (Directional outward),IN,India,Asia,CHF Millions,1034.6
2017,Swiss FDI abroad (Outward),Capital transactions (flows),Not applicable (Directional outward),ID,Indonesia,Asia,CHF Millions,83.0
2017,Swiss FDI abroad (Outward),Capital transactions (flows),Not applicable (Directional outward),IE,Ireland,Europe,CHF Millions,-42238.2
2017,Swiss FDI abroad (Outward),Capital transactions (flows),Not applicable (Directional outward),IL,Israel,Asia,CHF Millions,-150.5
2017,Swiss FDI abroad (Outward),Capital transactions (flows),Not applicable (Directional outward),IT,Italy,Europe,CHF Millions,578.5
2017,Swiss FDI abroad (Outward),Capital transactions (flows),Not applicable (Directional outward),JP,Japan,Asia,CHF Millions,4438.7
2017,Swiss FDI abroad (Outward),Capital transactions (flows),Not applicable (Directional outward),JO,Jordan,Asia,CHF Millions,33.1
2017,Swiss FDI abroad (Outward),Capital transactions (flows),Not applicable (Directional outward),KE,Kenya,Africa,CHF Millions,60.4
2017,Swiss FDI abroad (Outward),Capital transactions (flows),Not applicable (Directional outward),KR,"Korea, Republic of (South Korea)",Asia,CHF Millions,299.7
2017,Swiss FDI abroad (Outward),Capital transactions (flows),Not applicable (Directional outward),LV,Latvia,Europe,CHF Millions,94.8
2017,Swiss FDI abroad (Outward),Capital transactions (flows),Not applicable (Directional outward),LB,Lebanon,Asia,CHF Millions,-71.6
2017,Swiss FDI abroad (Outward),Capital transactions (flows),Not applicable (Directional outward),LT,Lithuania,Europe,CHF Millions,-18.9
2017,Swiss FDI abroad (Outward),Capital transactions (flows),Not applicable (Directional outward),LU,Luxembourg,Europe,CHF Millions,-6179.5
2017,Swiss FDI abroad (Outward),Capital transactions (flows),Not applicable (Directional outward),MY,Malaysia,Asia,CHF Millions,609.0
2017,Swiss FDI abroad (Outward),Capital transactions (flows),Not applicable (Directional outward),MU,Mauritius,Africa,CHF Millions,-1678.8
2017,Swiss FDI abroad (Outward),Capital transactions (flows),Not applicable (Directional outward),PMA,Memorandum item: All countries including real estate activities,All / Total,CHF Millions,22490.5
2017,Swiss FDI abroad (Outward),Capital transactions (flows),Not applicable (Directional outward),PMG,Memorandum item: Real estate activities,All / Total,CHF Millions,633.7
2017,Swiss FDI abroad (Outward),Capital transactions (flows),Not applicable (Directional outward),MX,Mexico,Central and South America,CHF Millions,476.4
2017,Swiss FDI abroad (Outward),Capital transactions (flows),Not applicable (Directional outward),MA,Morocco,Africa,CHF Millions,-14.2
2017,Swiss FDI abroad (Outward),Capital transactions (flows),Not applicable (Directional outward),NL,Netherlands,Europe,CHF Millions,7241.1
2017,Swiss FDI abroad (Outward),Capital transactions (flows),Not applicable (Directional outward),NZ,New Zealand,Oceania,CHF Millions,-18.7
2017,Swiss FDI abroad (Outward),Capital transactions (flows),Not applicable (Directional outward),NG,Nigeria,Africa,CHF Millions,34.4
2017,Swiss FDI abroad (Outward),Capital transactions (flows),Not applicable (Directional outward),NO,Norway,Europe,CHF Millions,-359.2
2017,Swiss FDI abroad (Outward),Capital transactions (flows),Not applicable (Directional outward),S21,Offshore financial centres in Europe,Europe,CHF Millions,5121.1
2017,Swiss FDI abroad (Outward),Capital transactions (flows),Not applicable (Directional outward),G9,Other European countries,Europe,CHF Millions,10247.9
2017,Swiss FDI abroad (Outward),Capital transactions (flows),Not applicable (Directional outward),PK,Pakistan,Asia,CHF Millions,8.7
2017,Swiss FDI abroad (Outward),Capital transactions (flows),Not applicable (Directional outward),PA,Panama,Central and South America,CHF Millions,3969.5
2017,Swiss FDI abroad (Outward),Capital transactions (flows),Not applicable (Directional outward),PE,Peru,Central and South America,CHF Millions,310.1
2017,Swiss FDI abroad (Outward),Capital transactions (flows),Not applicable (Directional outward),PH,Philippines,Asia,CHF Millions,758.5
2017,Swiss FDI abroad (Outward),Capital transactions (flows),Not applicable (Directional outward),PL,Poland,Europe,CHF Millions,658.8
2017,Swiss FDI abroad (Outward),Capital transactions (flows),Not applicable (Directional outward),PT,Portugal,Europe,CHF Millions,180.7
2017,Swiss FDI abroad (Outward),Capital transactions (flows),Not applicable (Directional outward),QA,Qatar,Asia,CHF Millions,4.6
2017,Swiss FDI abroad (Outward),Capital transactions (flows),Not applicable (Directional outward),RO,Romania,Europe,CHF Millions,387.3
2017,Swiss FDI abroad (Outward),Capital transactions (flows),Not applicable (Directional outward),RU,Russia,Europe,CHF Millions,4531.8
2017,Swiss FDI abroad (Outward),Capital transactions (flows),Not applicable (Directional outward),SA,Saudi Arabia,Asia,CHF Millions,89.3
2017,Swiss FDI abroad (Outward),Capital transactions (flows),Not applicable (Directional outward),RS,Serbia,Europe,CHF Millions,119.6
2017,Swiss FDI abroad (Outward),Capital transactions (flows),Not applicable (Directional outward),SG,Singapore,Asia,CHF Millions,-1270.8
2017,Swiss FDI abroad (Outward),Capital transactions (flows),Not applicable (Directional outward),SK,Slovakia,Europe,CHF Millions,263.5
2017,Swiss FDI abroad (Outward),Capital transactions (flows),Not applicable (Directional outward),ZA,South Africa,Africa,CHF Millions,-80.8
2017,Swiss FDI abroad (Outward),Capital transactions (flows),Not applicable (Directional outward),ES,Spain,Europe,CHF Millions,325.0
2017,Swiss FDI abroad (Outward),Capital transactions (flows),Not applicable (Directional outward),LK,Sri Lanka,Asia,CHF Millions,-0.0
2017,Swiss FDI abroad (Outward),Capital transactions (flows),Not applicable (Directional outward),SE,Sweden,Europe,CHF Millions,1056.8
2017,Swiss FDI abroad (Outward),Capital transactions (flows),Not applicable (Directional outward),TW,Taiwan,Asia,CHF Millions,199.1
2017,Swiss FDI abroad (Outward),Capital transactions (flows),Not applicable (Directional outward),TZ,Tanzania,Africa,CHF Millions,52.2
2017,Swiss FDI abroad (Outward),Capital transactions (flows),Not applicable (Directional outward),TH,Thailand,Asia,CHF Millions,141.1
2017,Swiss FDI abroad (Outward),Capital transactions (flows),Not applicable (Directional outward),T0,Total,All / Total,CHF Millions,21856.8
2017,Swiss FDI abroad (Outward),Capital transactions (flows),Not applicable (Directional outward),T1,Total,Europe,CHF Millions,11236.2
2017,Swiss FDI abroad (Outward),Capital transactions (flows),Not applicable (Directional outward),S22,Total,Europe,CHF Millions,-247.2
2017,Swiss FDI abroad (Outward),Capital transactions (flows),Not applicable (Directional outward),T2,Total,North America,CHF Millions,15460.8
2017,Swiss FDI abroad (Outward),Capital transactions (flows),Not applicable (Directional outward),T3,Total,Central and South America,CHF Millions,-10228.2
2017,Swiss FDI abroad (Outward),Capital transactions (flows),Not applicable (Directional outward),S19,Total,Central and South America,CHF Millions,-11565.2
2017,Swiss FDI abroad (Outward),Capital transactions (flows),Not applicable (Directional outward),T4,Total,Asia,CHF Millions,8619.4
2017,Swiss FDI abroad (Outward),Capital transactions (flows),Not applicable (Directional outward),T5,Total,Africa,CHF Millions,-1386.6
2017,Swiss FDI abroad (Outward),Capital transactions (flows),Not applicable (Directional outward),T6,Total,Oceania,CHF Millions,-1845.5
2017,Swiss FDI abroad (Outward),Capital transactions (flows),Not applicable (Directional outward),TN,Tunisia,Africa,CHF Millions,12.5
2017,Swiss FDI abroad (Outward),Capital transactions (flows),Not applicable (Directional outward),TR,Turkey,Europe,CHF Millions,217.8
2017,Swiss FDI abroad (Outward),Capital transactions (flows),Not applicable (Directional outward),UA,Ukraine,Europe,CHF Millions,744.5
2017,Swiss FDI abroad (Outward),Capital transactions (flows),Not applicable (Directional outward),AE,United Arab Emirates,Asia,CHF Millions,-522.6
2017,Swiss FDI abroad (Outward),Capital transactions (flows),Not applicable (Directional outward),GB,United Kingdom,Europe,CHF Millions,-14544.5
2017,Swiss FDI abroad (Outward),Capital transactions (flows),Not applicable (Directional outward),US,United States,North America,CHF Millions,14934.9
2017,Swiss FDI abroad (Outward),Capital transactions (flows),Not applicable (Directional outward),UY,Uruguay,Central and South America,CHF Millions,61.9
2017,Swiss FDI abroad (Outward),Capital transactions (flows),Not applicable (Directional outward),VE,Venezuela,Central and South America,CHF Millions,138.1
2017,Swiss FDI abroad (Outward),Capital transactions (flows),Not applicable (Directional outward),VN,Viet Nam,Asia,CHF Millions,72.1
2017,Swiss FDI abroad (Outward),Investment income,Not applicable (Directional outward),AR,Argentina,Central and South America,CHF Millions,178.3
2017,Swiss FDI abroad (Outward),Investment income,Not applicable (Directional outward),AU,Australia,Oceania,CHF Millions,722.3
2017,Swiss FDI abroad (Outward),Investment income,Not applicable (Directional outward),AT,Austria,Europe,CHF Millions,1101.9
2017,Swiss FDI abroad (Outward),Investment income,Not applicable (Directional outward),BD,Bangladesh,Asia,CHF Millions,19.9
2017,Swiss FDI abroad (Outward),Investment income,Not applicable (Directional outward),BE,Belgium,Europe,CHF Millions,628.3
2017,Swiss FDI abroad (Outward),Investment income,Not applicable (Directional outward),BO,Bolivia,Central and South America,CHF Millions,5.6
2017,Swiss FDI abroad (Outward),Investment income,Not applicable (Directional outward),BA,Bosnia and Herzegovina,Europe,CHF Millions,-1.1
2017,Swiss FDI abroad (Outward),Investment income,Not applicable (Directional outward),BR,Brazil,Central and South America,CHF Millions,-36.2
2017,Swiss FDI abroad (Outward),Investment income,Not applicable (Directional outward),BG,Bulgaria,Europe,CHF Millions,49.3
2017,Swiss FDI abroad (Outward),Investment income,Not applicable (Directional outward),CM,Cameroon,Africa,CHF Millions,-13.5
2017,Swiss FDI abroad (Outward),Investment income,Not applicable (Directional outward),CA,Canada,North America,CHF Millions,879.0
2017,Swiss FDI abroad (Outward),Investment income,Not applicable (Directional outward),CL,Chile,Central and South America,CHF Millions,115.8
2017,Swiss FDI abroad (Outward),Investment income,Not applicable (Directional outward),CN,China,Asia,CHF Millions,2208.9
2017,Swiss FDI abroad (Outward),Investment income,Not applicable (Directional outward),CO,Colombia,Central and South America,CHF Millions,77.1
2017,Swiss FDI abroad (Outward),Investment income,Not applicable (Directional outward),CR,Costa Rica,Central and South America,CHF Millions,162.8
2017,Swiss FDI abroad (Outward),Investment income,Not applicable (Directional outward),HR,Croatia,Europe,CHF Millions,41.7
2017,Swiss FDI abroad (Outward),Investment income,Not applicable (Directional outward),CY,Cyprus,Europe,CHF Millions,10038.0
2017,Swiss FDI abroad (Outward),Investment income,Not applicable (Directional outward),CZ,Czechia,Europe,CHF Millions,414.6
2017,Swiss FDI abroad (Outward),Investment income,Not applicable (Directional outward),CI,Côte d’Ivoire,Africa,CHF Millions,19.6
2017,Swiss FDI abroad (Outward),Investment income,Not applicable (Directional outward),DK,Denmark,Europe,CHF Millions,86.6
2017,Swiss FDI abroad (Outward),Investment income,Not applicable (Directional outward),B3,EU,Europe,CHF Millions,51882.2
2017,Swiss FDI abroad (Outward),Investment income,Not applicable (Directional outward),EC,Ecuador,Central and South America,CHF Millions,49.0
2017,Swiss FDI abroad (Outward),Investment income,Not applicable (Directional outward),EG,Egypt,Africa,CHF Millions,22.1
2017,Swiss FDI abroad (Outward),Investment income,Not applicable (Directional outward),EE,Estonia,Europe,CHF Millions,4.6
2017,Swiss FDI abroad (Outward),Investment income,Not applicable (Directional outward),FI,Finland,Europe,CHF Millions,220.5
2017,Swiss FDI abroad (Outward),Investment income,Not applicable (Directional outward),FR,France,Europe,CHF Millions,2824.9
2017,Swiss FDI abroad (Outward),Investment income,Not applicable (Directional outward),DE,Germany,Europe,CHF Millions,5411.8
2017,Swiss FDI abroad (Outward),Investment income,Not applicable (Directional outward),GR,Greece,Europe,CHF Millions,73.3
2017,Swiss FDI abroad (Outward),Investment income,Not applicable (Directional outward),GT,Guatemala,Central and South America,CHF Millions,18.4
2017,Swiss FDI abroad (Outward),Investment income,Not applicable (Directional outward),HK,Hong Kong,Asia,CHF Millions,1920.6
2017,Swiss FDI abroad (Outward),Investment income,Not applicable (Directional outward),HU,Hungary,Europe,CHF Millions,633.8
2017,Swiss FDI abroad (Outward),Investment income,Not applicable (Directional outward),IN,India,Asia,CHF Millions,766.3
2017,Swiss FDI abroad (Outward),Investment income,Not applicable (Directional outward),ID,Indonesia,Asia,CHF Millions,212.2
2017,Swiss FDI abroad (Outward),Investment income,Not applicable (Directional outward),IE,Ireland,Europe,CHF Millions,773.9
2017,Swiss FDI abroad (Outward),Investment income,Not applicable (Directional outward),IL,Israel,Asia,CHF Millions,123.5
2017,Swiss FDI abroad (Outward),Investment income,Not applicable (Directional outward),IT,Italy,Europe,CHF Millions,1357.8
2017,Swiss FDI abroad (Outward),Investment income,Not applicable (Directional outward),JP,Japan,Asia,CHF Millions,1863.8
2017,Swiss FDI abroad (Outward),Investment income,Not applicable (Directional outward),JO,Jordan,Asia,CHF Millions,46.1
2017,Swiss FDI abroad (Outward),Investment income,Not applicable (Directional outward),KE,Kenya,Africa,CHF Millions,41.1
2017,Swiss FDI abroad (Outward),Investment income,Not applicable (Directional outward),KR,"Korea, Republic of (South Korea)",Asia,CHF Millions,173.4
2017,Swiss FDI abroad (Outward),Investment income,Not applicable (Directional outward),LV,Latvia,Europe,CHF Millions,8.3
2017,Swiss FDI abroad (Outward),Investment income,Not applicable (Directional outward),LB,Lebanon,Asia,CHF Millions,10.5
2017,Swiss FDI abroad (Outward),Investment income,Not applicable (Directional outward),LT,Lithuania,Europe,CHF Millions,19.6
2017,Swiss FDI abroad (Outward),Investment income,Not applicable (Directional outward),LU,Luxembourg,Europe,CHF Millions,2603.2
2017,Swiss FDI abroad (Outward),Investment income,Not applicable (Directional outward),MY,Malaysia,Asia,CHF Millions,-32.7
2017,Swiss FDI abroad (Outward),Investment income,Not applicable (Directional outward),MU,Mauritius,Africa,CHF Millions,85.7
2017,Swiss FDI abroad (Outward),Investment income,Not applicable (Directional outward),MX,Mexico,Central and South America,CHF Millions,506.2
2017,Swiss FDI abroad (Outward),Investment income,Not applicable (Directional outward),MA,Morocco,Africa,CHF Millions,23.1
2017,Swiss FDI abroad (Outward),Investment income,Not applicable (Directional outward),NL,Netherlands,Europe,CHF Millions,20134.4
2017,Swiss FDI abroad (Outward),Investment income,Not applicable (Directional outward),NZ,New Zealand,Oceania,CHF Millions,64.9
2017,Swiss FDI abroad (Outward),Investment income,Not applicable (Directional outward),NG,Nigeria,Africa,CHF Millions,64.5
2017,Swiss FDI abroad (Outward),Investment income,Not applicable (Directional outward),NO,Norway,Europe,CHF Millions,92.0
2017,Swiss FDI abroad (Outward),Investment income,Not applicable (Directional outward),S21,Offshore financial centres in Europe,Europe,CHF Millions,670.8
2017,Swiss FDI abroad (Outward),Investment income,Not applicable (Directional outward),G9,Other European countries,Europe,CHF Millions,1386.1
2017,Swiss FDI abroad (Outward),Investment income,Not applicable (Directional outward),PK,Pakistan,Asia,CHF Millions,240.2
2017,Swiss FDI abroad (Outward),Investment income,Not applicable (Directional outward),PA,Panama,Central and South America,CHF Millions,557.8
2017,Swiss FDI abroad (Outward),Investment income,Not applicable (Directional outward),PE,Peru,Central and South America,CHF Millions,36.3
2017,Swiss FDI abroad (Outward),Investment income,Not applicable (Directional outward),PH,Philippines,Asia,CHF Millions,491.1
2017,Swiss FDI abroad (Outward),Investment income,Not applicable (Directional outward),PL,Poland,Europe,CHF Millions,501.6
2017,Swiss FDI abroad (Outward),Investment income,Not applicable (Directional outward),PT,Portugal,Europe,CHF Millions,109.0
2017,Swiss FDI abroad (Outward),Investment income,Not applicable (Directional outward),QA,Qatar,Asia,CHF Millions,14.5
2017,Swiss FDI abroad (Outward),Investment income,Not applicable (Directional outward),RO,Romania,Europe,CHF Millions,69.5
2017,Swiss FDI abroad (Outward),Investment income,Not applicable (Directional outward),RU,Russia,Europe,CHF Millions,-10.3
2017,Swiss FDI abroad (Outward),Investment income,Not applicable (Directional outward),SA,Saudi Arabia,Asia,CHF Millions,89.0
2017,Swiss FDI abroad (Outward),Investment income,Not applicable (Directional outward),RS,Serbia,Europe,CHF Millions,131.3
2017,Swiss FDI abroad (Outward),Investment income,Not applicable (Directional outward),SG,Singapore,Asia,CHF Millions,4896.9
2017,Swiss FDI abroad (Outward),Investment income,Not applicable (Directional outward),SK,Slovakia,Europe,CHF Millions,43.8
2017,Swiss FDI abroad (Outward),Investment income,Not applicable (Directional outward),ZA,South Africa,Africa,CHF Millions,-48.6
2017,Swiss FDI abroad (Outward),Investment income,Not applicable (Directional outward),ES,Spain,Europe,CHF Millions,1188.9
2017,Swiss FDI abroad (Outward),Investment income,Not applicable (Directional outward),LK,Sri Lanka,Asia,CHF Millions,19.6
2017,Swiss FDI abroad (Outward),Investment income,Not applicable (Directional outward),SE,Sweden,Europe,CHF Millions,1480.7
2017,Swiss FDI abroad (Outward),Investment income,Not applicable (Directional outward),TW,Taiwan,Asia,CHF Millions,456.2
2017,Swiss FDI abroad (Outward),Investment income,Not applicable (Directional outward),TZ,Tanzania,Africa,CHF Millions,15.0
2017,Swiss FDI abroad (Outward),Investment income,Not applicable (Directional outward),TH,Thailand,Asia,CHF Millions,528.6
2017,Swiss FDI abroad (Outward),Investment income,Not applicable (Directional outward),T0,Total,All / Total,CHF Millions,101085.4
2017,Swiss FDI abroad (Outward),Investment income,Not applicable (Directional outward),T1,Total,Europe,CHF Millions,53268.3
2017,Swiss FDI abroad (Outward),Investment income,Not applicable (Directional outward),S22,Total,Europe,CHF Millions,32.5
2017,Swiss FDI abroad (Outward),Investment income,Not applicable (Directional outward),T2,Total,North America,CHF Millions,21593.7
2017,Swiss FDI abroad (Outward),Investment income,Not applicable (Directional outward),T3,Total,Central and South America,CHF Millions,8395.1
2017,Swiss FDI abroad (Outward),Investment income,Not applicable (Directional outward),S19,Total,Central and South America,CHF Millions,6947.5
2017,Swiss FDI abroad (Outward),Investment income,Not applicable (Directional outward),T4,Total,Asia,CHF Millions,16673.2
2017,Swiss FDI abroad (Outward),Investment income,Not applicable (Directional outward),T5,Total,Africa,CHF Millions,353.5
2017,Swiss FDI abroad (Outward),Investment income,Not applicable (Directional outward),T6,Total,Oceania,CHF Millions,801.6
2017,Swiss FDI abroad (Outward),Investment income,Not applicable (Directional outward),TN,Tunisia,Africa,CHF Millions,7.0
2017,Swiss FDI abroad (Outward),Investment income,Not applicable (Directional outward),TR,Turkey,Europe,CHF Millions,253.9
2017,Swiss FDI abroad (Outward),Investment income,Not applicable (Directional outward),UA,Ukraine,Europe,CHF Millions,249.9
2017,Swiss FDI abroad (Outward),Investment income,Not applicable (Directional outward),AE,United Arab Emirates,Asia,CHF Millions,2091.8
2017,Swiss FDI abroad (Outward),Investment income,Not applicable (Directional outward),GB,United Kingdom,Europe,CHF Millions,1898.3
2017,Swiss FDI abroad (Outward),Investment income,Not applicable (Directional outward),US,United States,North America,CHF Millions,20714.7
2017,Swiss FDI abroad (Outward),Investment income,Not applicable (Directional outward),UY,Uruguay,Central and South America,CHF Millions,150.5
2017,Swiss FDI abroad (Outward),Investment income,Not applicable (Directional outward),VE,Venezuela,Central and South America,CHF Millions,48.8
2017,Swiss FDI abroad (Outward),Investment income,Not applicable (Directional outward),VN,Viet Nam,Asia,CHF Millions,171.6
2018,FDI in Switzerland (Inward),Capital stocks,Capital stocks by immediate investor,AU,Australia,All / Total,CHF Millions,
2018,FDI in Switzerland (Inward),Capital stocks,Capital stocks by immediate investor,AT,Austria,Europe,CHF Millions,76065.5
2018,FDI in Switzerland (Inward),Capital stocks,Capital stocks by immediate investor,BE,Belgium,Europe,CHF Millions,3964.9
2018,FDI in Switzerland (Inward),Capital stocks,Capital stocks by immediate investor,CA,Canada,North America,CHF Millions,5112.6
2018,FDI in Switzerland (Inward),Capital stocks,Capital stocks by immediate investor,CN,China,All / Total,CHF Millions,
2018,FDI in Switzerland (Inward),Capital stocks,Capital stocks by immediate investor,CY,Cyprus,Europe,CHF Millions,15151.0
2018,FDI in Switzerland (Inward),Capital stocks,Capital stocks by immediate investor,DK,Denmark,Europe,CHF Millions,21171.3
2018,FDI in Switzerland (Inward),Capital stocks,Capital stocks by immediate investor,B3,EU,Europe,CHF Millions,1134036.4
2018,FDI in Switzerland (Inward),Capital stocks,Capital stocks by immediate investor,FR,France,Europe,CHF Millions,45037.5
2018,FDI in Switzerland (Inward),Capital stocks,Capital stocks by immediate investor,DE,Germany,Europe,CHF Millions,15700.8
2018,FDI in Switzerland (Inward),Capital stocks,Capital stocks by immediate investor,HU,Hungary,Europe,CHF Millions,44149.2
2018,FDI in Switzerland (Inward),Capital stocks,Capital stocks by immediate investor,IN,India,All / Total,CHF Millions,
2018,FDI in Switzerland (Inward),Capital stocks,Capital stocks by immediate investor,IE,Ireland,Europe,CHF Millions,78541.0
2018,FDI in Switzerland (Inward),Capital stocks,Capital stocks by immediate investor,IL,Israel,All / Total,CHF Millions,762.6
2018,FDI in Switzerland (Inward),Capital stocks,Capital stocks by immediate investor,IT,Italy,Europe,CHF Millions,2945.7
2018,FDI in Switzerland (Inward),Capital stocks,Capital stocks by immediate investor,JP,Japan,All / Total,CHF Millions,3158.9
2018,FDI in Switzerland (Inward),Capital stocks,Capital stocks by immediate investor,LU,Luxembourg,Europe,CHF Millions,373339.7
2018,FDI in Switzerland (Inward),Capital stocks,Capital stocks by immediate investor,PMA,Memorandum item: All countries including real estate activities,All / Total,CHF Millions,1382858.2
2018,FDI in Switzerland (Inward),Capital stocks,Capital stocks by immediate investor,PMG,Memorandum item: Real estate activities,All / Total,CHF Millions,38056.0
2018,FDI in Switzerland (Inward),Capital stocks,Capital stocks by immediate investor,MX,Mexico,Central and South America,CHF Millions,
2018,FDI in Switzerland (Inward),Capital stocks,Capital stocks by immediate investor,NL,Netherlands,Europe,CHF Millions,355273.8
2018,FDI in Switzerland (Inward),Capital stocks,Capital stocks by immediate investor,S19,Offshore financial centres,Central and South America,CHF Millions,56730.8
2018,FDI in Switzerland (Inward),Capital stocks,Capital stocks by immediate investor,SNBBS21,Offshore financial centres in Europe,Europe,CHF Millions,
2018,FDI in Switzerland (Inward),Capital stocks,Capital stocks by immediate investor,G9,Other European countries,Europe,CHF Millions,55757.2
2018,FDI in Switzerland (Inward),Capital stocks,Capital stocks by immediate investor,RU,Russia,Europe,CHF Millions,
2018,FDI in Switzerland (Inward),Capital stocks,Capital stocks by immediate investor,ES,Spain,Europe,CHF Millions,6633.6
2018,FDI in Switzerland (Inward),Capital stocks,Capital stocks by immediate investor,SE,Sweden,Europe,CHF Millions,12442.2
2018,FDI in Switzerland (Inward),Capital stocks,Capital stocks by immediate investor,T0,Total,All / Total,CHF Millions,1344802.2
2018,FDI in Switzerland (Inward),Capital stocks,Capital stocks by immediate investor,T1,Total,Europe,CHF Millions,1189793.6
2018,FDI in Switzerland (Inward),Capital stocks,Capital stocks by immediate investor,T2,Total,North America,CHF Millions,90157.1
2018,FDI in Switzerland (Inward),Capital stocks,Capital stocks by immediate investor,T3,Total,Central and South America,CHF Millions,53028.8
2018,FDI in Switzerland (Inward),Capital stocks,Capital stocks by immediate investor,T4,Total,All / Total,CHF Millions,11823.1
2018,FDI in Switzerland (Inward),Capital stocks,Capital stocks by immediate investor,AE,United Arab Emirates,All / Total,CHF Millions,
2018,FDI in Switzerland (Inward),Capital stocks,Capital stocks by immediate investor,GB,United Kingdom,Europe,CHF Millions,79963.9
2018,FDI in Switzerland (Inward),Capital stocks,Capital stocks by immediate investor,US,United States,North America,CHF Millions,85044.5
2018,FDI in Switzerland (Inward),Capital stocks,Capital stocks by ultimate beneficial owner,AU,Australia,All / Total,CHF Millions,2403.8
2018,FDI in Switzerland (Inward),Capital stocks,Capital stocks by ultimate beneficial owner,AT,Austria,Europe,CHF Millions,10310.6
2018,FDI in Switzerland (Inward),Capital stocks,Capital stocks by ultimate beneficial owner,BE,Belgium,Europe,CHF Millions,3612.5
2018,FDI in Switzerland (Inward),Capital stocks,Capital stocks by ultimate beneficial owner,CA,Canada,North America,CHF Millions,31383.6
2018,FDI in Switzerland (Inward),Capital stocks,Capital stocks by ultimate beneficial owner,CN,China,All / Total,CHF Millions,16831.3
2018,FDI in Switzerland (Inward),Capital stocks,Capital stocks by ultimate beneficial owner,CY,Cyprus,Europe,CHF Millions,
2018,FDI in Switzerland (Inward),Capital stocks,Capital stocks by ultimate beneficial owner,DK,Denmark,Europe,CHF Millions,4436.4
2018,FDI in Switzerland (Inward),Capital stocks,Capital stocks by ultimate beneficial owner,B3,EU,Europe,CHF Millions,423297.2
2018,FDI in Switzerland (Inward),Capital stocks,Capital stocks by ultimate beneficial owner,FR,France,Europe,CHF Millions,50264.4
2018,FDI in Switzerland (Inward),Capital stocks,Capital stocks by ultimate beneficial owner,DE,Germany,Europe,CHF Millions,31555.1
2018,FDI in Switzerland (Inward),Capital stocks,Capital stocks by ultimate beneficial owner,HU,Hungary,Europe,CHF Millions,
2018,FDI in Switzerland (Inward),Capital stocks,Capital stocks by ultimate beneficial owner,IN,India,All / Total,CHF Millions,2302.4
2018,FDI in Switzerland (Inward),Capital stocks,Capital stocks by ultimate beneficial owner,IE,Ireland,Europe,CHF Millions,153334.1
2018,FDI in Switzerland (Inward),Capital stocks,Capital stocks by ultimate beneficial owner,IL,Israel,All / Total,CHF Millions,1591.5
2018,FDI in Switzerland (Inward),Capital stocks,Capital stocks by ultimate beneficial owner,IT,Italy,Europe,CHF Millions,3913.7
2018,FDI in Switzerland (Inward),Capital stocks,Capital stocks by ultimate beneficial owner,JP,Japan,All / Total,CHF Millions,27688.8
2018,FDI in Switzerland (Inward),Capital stocks,Capital stocks by ultimate beneficial owner,LU,Luxembourg,Europe,CHF Millions,16001.1
2018,FDI in Switzerland (Inward),Capital stocks,Capital stocks by ultimate beneficial owner,PMA,Memorandum item: All countries including real estate activities,All / Total,CHF Millions,1382858.2
2018,FDI in Switzerland (Inward),Capital stocks,Capital stocks by ultimate beneficial owner,PMG,Memorandum item: Real estate activities,All / Total,CHF Millions,38056.0
2018,FDI in Switzerland (Inward),Capital stocks,Capital stocks by ultimate beneficial owner,MX,Mexico,Central and South America,CHF Millions,11087.6
2018,FDI in Switzerland (Inward),Capital stocks,Capital stocks by ultimate beneficial owner,NL,Netherlands,Europe,CHF Millions,55229.2
2018,FDI in Switzerland (Inward),Capital stocks,Capital stocks by ultimate beneficial owner,S19,Offshore financial centres,Central and South America,CHF Millions,46623.4
2018,FDI in Switzerland (Inward),Capital stocks,Capital stocks by ultimate beneficial owner,SNBBS21,Offshore financial centres in Europe,Europe,CHF Millions,43891.4
2018,FDI in Switzerland (Inward),Capital stocks,Capital stocks by ultimate beneficial owner,G9,Other European countries,Europe,CHF Millions,121835.8
2018,FDI in Switzerland (Inward),Capital stocks,Capital stocks by ultimate beneficial owner,RU,Russia,Europe,CHF Millions,18606.8
2018,FDI in Switzerland (Inward),Capital stocks,Capital stocks by ultimate beneficial owner,ES,Spain,Europe,CHF Millions,5553.2
2018,FDI in Switzerland (Inward),Capital stocks,Capital stocks by ultimate beneficial owner,SE,Sweden,Europe,CHF Millions,12545.7
2018,FDI in Switzerland (Inward),Capital stocks,Capital stocks by ultimate beneficial owner,T0,Total,All / Total,CHF Millions,1344802.2
2018,FDI in Switzerland (Inward),Capital stocks,Capital stocks by ultimate beneficial owner,T1,Total,Europe,CHF Millions,545133.0
2018,FDI in Switzerland (Inward),Capital stocks,Capital stocks by ultimate beneficial owner,T2,Total,North America,CHF Millions,663490.8
2018,FDI in Switzerland (Inward),Capital stocks,Capital stocks by ultimate beneficial owner,T3,Total,Central and South America,CHF Millions,82065.7
2018,FDI in Switzerland (Inward),Capital stocks,Capital stocks by ultimate beneficial owner,T4,Total,All / Total,CHF Millions,54113.1
2018,FDI in Switzerland (Inward),Capital stocks,Capital stocks by ultimate beneficial owner,AE,United Arab Emirates,All / Total,CHF Millions,728.2
2018,FDI in Switzerland (Inward),Capital stocks,Capital stocks by ultimate beneficial owner,GB,United Kingdom,Europe,CHF Millions,70051.7
2018,FDI in Switzerland (Inward),Capital stocks,Capital stocks by ultimate beneficial owner,US,United States,North America,CHF Millions,632107.2
2018,FDI in Switzerland (Inward),Capital transactions (flows),Immediate investor,AT,Austria,Europe,CHF Millions,3444.2
2018,FDI in Switzerland (Inward),Capital transactions (flows),Immediate investor,BE,Belgium,Europe,CHF Millions,-537.0
2018,FDI in Switzerland (Inward),Capital transactions (flows),Immediate investor,CA,Canada,North America,CHF Millions,49.6
2018,FDI in Switzerland (Inward),Capital transactions (flows),Immediate investor,CY,Cyprus,Europe,CHF Millions,-605.1
2018,FDI in Switzerland (Inward),Capital transactions (flows),Immediate investor,DK,Denmark,Europe,CHF Millions,397.3
2018,FDI in Switzerland (Inward),Capital transactions (flows),Immediate investor,B3,EU,Europe,CHF Millions,-23276.7
2018,FDI in Switzerland (Inward),Capital transactions (flows),Immediate investor,FR,France,Europe,CHF Millions,10388.7
2018,FDI in Switzerland (Inward),Capital transactions (flows),Immediate investor,DE,Germany,Europe,CHF Millions,-8826.3
2018,FDI in Switzerland (Inward),Capital transactions (flows),Immediate investor,HU,Hungary,Europe,CHF Millions,-2269.9
2018,FDI in Switzerland (Inward),Capital transactions (flows),Immediate investor,IE,Ireland,Europe,CHF Millions,17639.2
2018,FDI in Switzerland (Inward),Capital transactions (flows),Immediate investor,IL,Israel,All / Total,CHF Millions,-25.5
2018,FDI in Switzerland (Inward),Capital transactions (flows),Immediate investor,IT,Italy,Europe,CHF Millions,-1370.5
2018,FDI in Switzerland (Inward),Capital transactions (flows),Immediate investor,JP,Japan,All / Total,CHF Millions,-642.2
2018,FDI in Switzerland (Inward),Capital transactions (flows),Immediate investor,LU,Luxembourg,Europe,CHF Millions,-28871.0
2018,FDI in Switzerland (Inward),Capital transactions (flows),Immediate investor,PMA,Memorandum item: All countries including real estate activities,All / Total,CHF Millions,-82786.4
2018,FDI in Switzerland (Inward),Capital transactions (flows),Immediate investor,PMG,Memorandum item: Real estate activities,All / Total,CHF Millions,375.7
2018,FDI in Switzerland (Inward),Capital transactions (flows),Immediate investor,NL,Netherlands,Europe,CHF Millions,-51038.7
2018,FDI in Switzerland (Inward),Capital transactions (flows),Immediate investor,S19,Offshore financial centres,Central and South America,CHF Millions,-51055.5
2018,FDI in Switzerland (Inward),Capital transactions (flows),Immediate investor,G9,Other European countries,Europe,CHF Millions,26793.4
2018,FDI in Switzerland (Inward),Capital transactions (flows),Immediate investor,ES,Spain,Europe,CHF Millions,-243.0
2018,FDI in Switzerland (Inward),Capital transactions (flows),Immediate investor,SE,Sweden,Europe,CHF Millions,571.9
2018,FDI in Switzerland (Inward),Capital transactions (flows),Immediate investor,T0,Total,All / Total,CHF Millions,-83162.1
2018,FDI in Switzerland (Inward),Capital transactions (flows),Immediate investor,T1,Total,Europe,CHF Millions,3516.7
2018,FDI in Switzerland (Inward),Capital transactions (flows),Immediate investor,T2,Total,North America,CHF Millions,-34564.9
2018,FDI in Switzerland (Inward),Capital transactions (flows),Immediate investor,T3,Total,Central and South America,CHF Millions,-52795.4
2018,FDI in Switzerland (Inward),Capital transactions (flows),Immediate investor,T4,Total,All / Total,CHF Millions,682.0
2018,FDI in Switzerland (Inward),Capital transactions (flows),Immediate investor,GB,United Kingdom,Europe,CHF Millions,38725.1
2018,FDI in Switzerland (Inward),Capital transactions (flows),Immediate investor,US,United States,North America,CHF Millions,-34614.7
2018,FDI in Switzerland (Inward),Investment income,Investment income by immediate investor,AU,Australia,All / Total,CHF Millions,
2018,FDI in Switzerland (Inward),Investment income,Investment income by immediate investor,AT,Austria,Europe,CHF Millions,2586.5
2018,FDI in Switzerland (Inward),Investment income,Investment income by immediate investor,BE,Belgium,Europe,CHF Millions,-24.6
2018,FDI in Switzerland (Inward),Investment income,Investment income by immediate investor,CA,Canada,North America,CHF Millions,-19.6
2018,FDI in Switzerland (Inward),Investment income,Investment income by immediate investor,CN,China,All / Total,CHF Millions,
2018,FDI in Switzerland (Inward),Investment income,Investment income by immediate investor,CY,Cyprus,Europe,CHF Millions,9.7
2018,FDI in Switzerland (Inward),Investment income,Investment income by immediate investor,DK,Denmark,Europe,CHF Millions,1295.9
2018,FDI in Switzerland (Inward),Investment income,Investment income by immediate investor,B3,EU,Europe,CHF Millions,94456.6
2018,FDI in Switzerland (Inward),Investment income,Investment income by immediate investor,FR,France,Europe,CHF Millions,3792.7
2018,FDI in Switzerland (Inward),Investment income,Investment income by immediate investor,DE,Germany,Europe,CHF Millions,2590.5
2018,FDI in Switzerland (Inward),Investment income,Investment income by immediate investor,HU,Hungary,Europe,CHF Millions,825.6
2018,FDI in Switzerland (Inward),Investment income,Investment income by immediate investor,IN,India,All / Total,CHF Millions,
2018,FDI in Switzerland (Inward),Investment income,Investment income by immediate investor,IE,Ireland,Europe,CHF Millions,9144.4
2018,FDI in Switzerland (Inward),Investment income,Investment income by immediate investor,IL,Israel,All / Total,CHF Millions,-296.5
2018,FDI in Switzerland (Inward),Investment income,Investment income by immediate investor,IT,Italy,Europe,CHF Millions,299.2
2018,FDI in Switzerland (Inward),Investment income,Investment income by immediate investor,JP,Japan,All / Total,CHF Millions,-39.4
2018,FDI in Switzerland (Inward),Investment income,Investment income by immediate investor,LU,Luxembourg,Europe,CHF Millions,32771.6
2018,FDI in Switzerland (Inward),Investment income,Investment income by immediate investor,MX,Mexico,Central and South America,CHF Millions,
2018,FDI in Switzerland (Inward),Investment income,Investment income by immediate investor,NL,Netherlands,Europe,CHF Millions,33346.2
2018,FDI in Switzerland (Inward),Investment income,Investment income by immediate investor,S19,Offshore financial centres,Central and South America,CHF Millions,8845.6
2018,FDI in Switzerland (Inward),Investment income,Investment income by immediate investor,SNBBS21,Offshore financial centres in Europe,Europe,CHF Millions,
2018,FDI in Switzerland (Inward),Investment income,Investment income by immediate investor,G9,Other European countries,Europe,CHF Millions,977.1
2018,FDI in Switzerland (Inward),Investment income,Investment income by immediate investor,RU,Russia,Europe,CHF Millions,
2018,FDI in Switzerland (Inward),Investment income,Investment income by immediate investor,ES,Spain,Europe,CHF Millions,-70.1
2018,FDI in Switzerland (Inward),Investment income,Investment income by immediate investor,SE,Sweden,Europe,CHF Millions,674.3
2018,FDI in Switzerland (Inward),Investment income,Investment income by immediate investor,T0,Total,All / Total,CHF Millions,112432.2
2018,FDI in Switzerland (Inward),Investment income,Investment income by immediate investor,T1,Total,Europe,CHF Millions,95433.7
2018,FDI in Switzerland (Inward),Investment income,Investment income by immediate investor,T2,Total,North America,CHF Millions,8215.4
2018,FDI in Switzerland (Inward),Investment income,Investment income by immediate investor,T3,Total,Central and South America,CHF Millions,8112.0
2018,FDI in Switzerland (Inward),Investment income,Investment income by immediate investor,T4,Total,All / Total,CHF Millions,671.9
2018,FDI in Switzerland (Inward),Investment income,Investment income by immediate investor,AE,United Arab Emirates,All / Total,CHF Millions,
2018,FDI in Switzerland (Inward),Investment income,Investment income by immediate investor,GB,United Kingdom,Europe,CHF Millions,7117.8
2018,FDI in Switzerland (Inward),Investment income,Investment income by immediate investor,US,United States,North America,CHF Millions,8235.0
2018,FDI in Switzerland (Inward),Investment income,Investment income by ultimate beneficial owner,AU,Australia,All / Total,CHF Millions,1852.9
2018,FDI in Switzerland (Inward),Investment income,Investment income by ultimate beneficial owner,AT,Austria,Europe,CHF Millions,366.3
2018,FDI in Switzerland (Inward),Investment income,Investment income by ultimate beneficial owner,BE,Belgium,Europe,CHF Millions,141.6
2018,FDI in Switzerland (Inward),Investment income,Investment income by ultimate beneficial owner,CA,Canada,North America,CHF Millions,2399.7
2018,FDI in Switzerland (Inward),Investment income,Investment income by ultimate beneficial owner,CN,China,All / Total,CHF Millions,738.6
2018,FDI in Switzerland (Inward),Investment income,Investment income by ultimate beneficial owner,CY,Cyprus,Europe,CHF Millions,
2018,FDI in Switzerland (Inward),Investment income,Investment income by ultimate beneficial owner,DK,Denmark,Europe,CHF Millions,1225.8
2018,FDI in Switzerland (Inward),Investment income,Investment income by ultimate beneficial owner,B3,EU,Europe,CHF Millions,35548.3
2018,FDI in Switzerland (Inward),Investment income,Investment income by ultimate beneficial owner,FR,France,Europe,CHF Millions,5729.7
2018,FDI in Switzerland (Inward),Investment income,Investment income by ultimate beneficial owner,DE,Germany,Europe,CHF Millions,4662.9
2018,FDI in Switzerland (Inward),Investment income,Investment income by ultimate beneficial owner,HU,Hungary,Europe,CHF Millions,
2018,FDI in Switzerland (Inward),Investment income,Investment income by ultimate beneficial owner,IN,India,All / Total,CHF Millions,19.1
2018,FDI in Switzerland (Inward),Investment income,Investment income by ultimate beneficial owner,IE,Ireland,Europe,CHF Millions,11257.0
2018,FDI in Switzerland (Inward),Investment income,Investment income by ultimate beneficial owner,IL,Israel,All / Total,CHF Millions,-60.2
2018,FDI in Switzerland (Inward),Investment income,Investment income by ultimate beneficial owner,IT,Italy,Europe,CHF Millions,217.2
2018,FDI in Switzerland (Inward),Investment income,Investment income by ultimate beneficial owner,JP,Japan,All / Total,CHF Millions,894.0
2018,FDI in Switzerland (Inward),Investment income,Investment income by ultimate beneficial owner,LU,Luxembourg,Europe,CHF Millions,1645.4
2018,FDI in Switzerland (Inward),Investment income,Investment income by ultimate beneficial owner,MX,Mexico,Central and South America,CHF Millions,-4.5
2018,FDI in Switzerland (Inward),Investment income,Investment income by ultimate beneficial owner,NL,Netherlands,Europe,CHF Millions,5986.7
2018,FDI in Switzerland (Inward),Investment income,Investment income by ultimate beneficial owner,S19,Offshore financial centres,Central and South America,CHF Millions,1592.6
2018,FDI in Switzerland (Inward),Investment income,Investment income by ultimate beneficial owner,SNBBS21,Offshore financial centres in Europe,Europe,CHF Millions,-473.9
2018,FDI in Switzerland (Inward),Investment income,Investment income by ultimate beneficial owner,G9,Other European countries,Europe,CHF Millions,8342.1
2018,FDI in Switzerland (Inward),Investment income,Investment income by ultimate beneficial owner,RU,Russia,Europe,CHF Millions,1903.3
2018,FDI in Switzerland (Inward),Investment income,Investment income by ultimate beneficial owner,ES,Spain,Europe,CHF Millions,588.4
2018,FDI in Switzerland (Inward),Investment income,Investment income by ultimate beneficial owner,SE,Sweden,Europe,CHF Millions,652.1
2018,FDI in Switzerland (Inward),Investment income,Investment income by ultimate beneficial owner,T0,Total,All / Total,CHF Millions,112432.2
2018,FDI in Switzerland (Inward),Investment income,Investment income by ultimate beneficial owner,T1,Total,Europe,CHF Millions,43890.4
2018,FDI in Switzerland (Inward),Investment income,Investment income by ultimate beneficial owner,T2,Total,North America,CHF Millions,61917.4
2018,FDI in Switzerland (Inward),Investment income,Investment income by ultimate beneficial owner,T3,Total,Central and South America,CHF Millions,2961.4
2018,FDI in Switzerland (Inward),Investment income,Investment income by ultimate beneficial owner,T4,Total,All / Total,CHF Millions,3663.6
2018,FDI in Switzerland (Inward),Investment income,Investment income by ultimate beneficial owner,AE,United Arab Emirates,All / Total,CHF Millions,-57.7
2018,FDI in Switzerland (Inward),Investment income,Investment income by ultimate beneficial owner,GB,United Kingdom,Europe,CHF Millions,1982.1
2018,FDI in Switzerland (Inward),Investment income,Investment income by ultimate beneficial owner,US,United States,North America,CHF Millions,59517.7
2018,Swiss FDI abroad (Outward),Capital stocks,Not applicable (Directional outward),AR,Argentina,Central and South America,CHF Millions,3019.1
2018,Swiss FDI abroad (Outward),Capital stocks,Not applicable (Directional outward),AU,Australia,Oceania,CHF Millions,6495.6
2018,Swiss FDI abroad (Outward),Capital stocks,Not applicable (Directional outward),AT,Austria,Europe,CHF Millions,9976.0
2018,Swiss FDI abroad (Outward),Capital stocks,Not applicable (Directional outward),BD,Bangladesh,Asia,CHF Millions,21.9
2018,Swiss FDI abroad (Outward),Capital stocks,Not applicable (Directional outward),BE,Belgium,Europe,CHF Millions,8679.0
2018,Swiss FDI abroad (Outward),Capital stocks,Not applicable (Directional outward),BO,Bolivia,Central and South America,CHF Millions,74.0
2018,Swiss FDI abroad (Outward),Capital stocks,Not applicable (Directional outward),BA,Bosnia and Herzegovina,Europe,CHF Millions,196.4
2018,Swiss FDI abroad (Outward),Capital stocks,Not applicable (Directional outward),BR,Brazil,Central and South America,CHF Millions,10433.2
2018,Swiss FDI abroad (Outward),Capital stocks,Not applicable (Directional outward),BG,Bulgaria,Europe,CHF Millions,239.3
2018,Swiss FDI abroad (Outward),Capital stocks,Not applicable (Directional outward),CM,Cameroon,Africa,CHF Millions,116.9
2018,Swiss FDI abroad (Outward),Capital stocks,Not applicable (Directional outward),CA,Canada,North America,CHF Millions,30025.1
2018,Swiss FDI abroad (Outward),Capital stocks,Not applicable (Directional outward),CL,Chile,Central and South America,CHF Millions,1800.3
2018,Swiss FDI abroad (Outward),Capital stocks,Not applicable (Directional outward),CN,China,Asia,CHF Millions,22544.6
2018,Swiss FDI abroad (Outward),Capital stocks,Not applicable (Directional outward),CO,Colombia,Central and South America,CHF Millions,4479.4
2018,Swiss FDI abroad (Outward),Capital stocks,Not applicable (Directional outward),CR,Costa Rica,Central and South America,CHF Millions,1045.7
2018,Swiss FDI abroad (Outward),Capital stocks,Not applicable (Directional outward),HR,Croatia,Europe,CHF Millions,418.3
2018,Swiss FDI abroad (Outward),Capital stocks,Not applicable (Directional outward),CY,Cyprus,Europe,CHF Millions,46391.3
2018,Swiss FDI abroad (Outward),Capital stocks,Not applicable (Directional outward),CZ,Czechia,Europe,CHF Millions,3827.8
2018,Swiss FDI abroad (Outward),Capital stocks,Not applicable (Directional outward),CI,Côte d’Ivoire,Africa,CHF Millions,355.5
2018,Swiss FDI abroad (Outward),Capital stocks,Not applicable (Directional outward),DK,Denmark,Europe,CHF Millions,1584.8
2018,Swiss FDI abroad (Outward),Capital stocks,Not applicable (Directional outward),B3,EU,Europe,CHF Millions,813333.8
2018,Swiss FDI abroad (Outward),Capital stocks,Not applicable (Directional outward),EC,Ecuador,Central and South America,CHF Millions,320.5
2018,Swiss FDI abroad (Outward),Capital stocks,Not applicable (Directional outward),EG,Egypt,Africa,CHF Millions,757.2
2018,Swiss FDI abroad (Outward),Capital stocks,Not applicable (Directional outward),EE,Estonia,Europe,CHF Millions,155.1
2018,Swiss FDI abroad (Outward),Capital stocks,Not applicable (Directional outward),FI,Finland,Europe,CHF Millions,925.7
2018,Swiss FDI abroad (Outward),Capital stocks,Not applicable (Directional outward),FR,France,Europe,CHF Millions,63349.9
2018,Swiss FDI abroad (Outward),Capital stocks,Not applicable (Directional outward),DE,Germany,Europe,CHF Millions,62546.1
2018,Swiss FDI abroad (Outward),Capital stocks,Not applicable (Directional outward),GR,Greece,Europe,CHF Millions,1367.5
2018,Swiss FDI abroad (Outward),Capital stocks,Not applicable (Directional outward),GT,Guatemala,Central and South America,CHF Millions,179.2
2018,Swiss FDI abroad (Outward),Capital stocks,Not applicable (Directional outward),HK,Hong Kong,Asia,CHF Millions,8746.9
2018,Swiss FDI abroad (Outward),Capital stocks,Not applicable (Directional outward),HU,Hungary,Europe,CHF Millions,5678.4
2018,Swiss FDI abroad (Outward),Capital stocks,Not applicable (Directional outward),IN,India,Asia,CHF Millions,6582.0
2018,Swiss FDI abroad (Outward),Capital stocks,Not applicable (Directional outward),ID,Indonesia,Asia,CHF Millions,1504.3
2018,Swiss FDI abroad (Outward),Capital stocks,Not applicable (Directional outward),IE,Ireland,Europe,CHF Millions,118251.3
2018,Swiss FDI abroad (Outward),Capital stocks,Not applicable (Directional outward),IL,Israel,Asia,CHF Millions,1512.0
2018,Swiss FDI abroad (Outward),Capital stocks,Not applicable (Directional outward),IT,Italy,Europe,CHF Millions,17398.7
2018,Swiss FDI abroad (Outward),Capital stocks,Not applicable (Directional outward),JP,Japan,Asia,CHF Millions,16705.5
2018,Swiss FDI abroad (Outward),Capital stocks,Not applicable (Directional outward),JO,Jordan,Asia,CHF Millions,259.9
2018,Swiss FDI abroad (Outward),Capital stocks,Not applicable (Directional outward),KE,Kenya,Africa,CHF Millions,336.6
2018,Swiss FDI abroad (Outward),Capital stocks,Not applicable (Directional outward),KR,"Korea, Republic of (South Korea)",Asia,CHF Millions,3852.4
2018,Swiss FDI abroad (Outward),Capital stocks,Not applicable (Directional outward),LV,Latvia,Europe,CHF Millions,167.4
2018,Swiss FDI abroad (Outward),Capital stocks,Not applicable (Directional outward),LB,Lebanon,Asia,CHF Millions,70.7
2018,Swiss FDI abroad (Outward),Capital stocks,Not applicable (Directional outward),LT,Lithuania,Europe,CHF Millions,462.4
2018,Swiss FDI abroad (Outward),Capital stocks,Not applicable (Directional outward),LU,Luxembourg,Europe,CHF Millions,195462.2
2018,Swiss FDI abroad (Outward),Capital stocks,Not applicable (Directional outward),MY,Malaysia,Asia,CHF Millions,4087.5
2018,Swiss FDI abroad (Outward),Capital stocks,Not applicable (Directional outward),MU,Mauritius,Africa,CHF Millions,1410.1
2018,Swiss FDI abroad (Outward),Capital stocks,Not applicable (Directional outward),PMT,Memorandum item: All countries including real estate activities,All / Total,CHF Millions,1516420.5
2018,Swiss FDI abroad (Outward),Capital stocks,Not applicable (Directional outward),PMG,Memorandum item: Real estate activities,All / Total,CHF Millions,5354.2
2018,Swiss FDI abroad (Outward),Capital stocks,Not applicable (Directional outward),MX,Mexico,Central and South America,CHF Millions,6098.8
2018,Swiss FDI abroad (Outward),Capital stocks,Not applicable (Directional outward),MA,Morocco,Africa,CHF Millions,471.6
2018,Swiss FDI abroad (Outward),Capital stocks,Not applicable (Directional outward),NL,Netherlands,Europe,CHF Millions,163265.8
2018,Swiss FDI abroad (Outward),Capital stocks,Not applicable (Directional outward),NZ,New Zealand,Oceania,CHF Millions,385.7
2018,Swiss FDI abroad (Outward),Capital stocks,Not applicable (Directional outward),NG,Nigeria,Africa,CHF Millions,430.9
2018,Swiss FDI abroad (Outward),Capital stocks,Not applicable (Directional outward),NO,Norway,Europe,CHF Millions,4210.6
2018,Swiss FDI abroad (Outward),Capital stocks,Not applicable (Directional outward),S19,Offshore financial centres in Central and South America,Central and South America,CHF Millions,133485.4
2018,Swiss FDI abroad (Outward),Capital stocks,Not applicable (Directional outward),S21,Offshore financial centres in Europe,Europe,CHF Millions,23784.1
2018,Swiss FDI abroad (Outward),Capital stocks,Not applicable (Directional outward),G9,Other European countries,Europe,CHF Millions,56597.9
2018,Swiss FDI abroad (Outward),Capital stocks,Not applicable (Directional outward),PK,Pakistan,Asia,CHF Millions,984.7
2018,Swiss FDI abroad (Outward),Capital stocks,Not applicable (Directional outward),PA,Panama,Central and South America,CHF Millions,3458.0
2018,Swiss FDI abroad (Outward),Capital stocks,Not applicable (Directional outward),PE,Peru,Central and South America,CHF Millions,35.0
2018,Swiss FDI abroad (Outward),Capital stocks,Not applicable (Directional outward),PH,Philippines,Asia,CHF Millions,1857.7
2018,Swiss FDI abroad (Outward),Capital stocks,Not applicable (Directional outward),PL,Poland,Europe,CHF Millions,6039.2
2018,Swiss FDI abroad (Outward),Capital stocks,Not applicable (Directional outward),PT,Portugal,Europe,CHF Millions,936.8
2018,Swiss FDI abroad (Outward),Capital stocks,Not applicable (Directional outward),QA,Qatar,Asia,CHF Millions,212.5
2018,Swiss FDI abroad (Outward),Capital stocks,Not applicable (Directional outward),RO,Romania,Europe,CHF Millions,2583.3
2018,Swiss FDI abroad (Outward),Capital stocks,Not applicable (Directional outward),RU,Russia,Europe,CHF Millions,22983.5
2018,Swiss FDI abroad (Outward),Capital stocks,Not applicable (Directional outward),SA,Saudi Arabia,Asia,CHF Millions,1117.7
2018,Swiss FDI abroad (Outward),Capital stocks,Not applicable (Directional outward),RS,Serbia,Europe,CHF Millions,596.7
2018,Swiss FDI abroad (Outward),Capital stocks,Not applicable (Directional outward),SG,Singapore,Asia,CHF Millions,39338.3
2018,Swiss FDI abroad (Outward),Capital stocks,Not applicable (Directional outward),SK,Slovakia,Europe,CHF Millions,968.7
2018,Swiss FDI abroad (Outward),Capital stocks,Not applicable (Directional outward),ZA,South Africa,Africa,CHF Millions,2468.1
2018,Swiss FDI abroad (Outward),Capital stocks,Not applicable (Directional outward),ES,Spain,Europe,CHF Millions,10828.1
2018,Swiss FDI abroad (Outward),Capital stocks,Not applicable (Directional outward),LK,Sri Lanka,Asia,CHF Millions,40.3
2018,Swiss FDI abroad (Outward),Capital stocks,Not applicable (Directional outward),SE,Sweden,Europe,CHF Millions,9000.6
2018,Swiss FDI abroad (Outward),Capital stocks,Not applicable (Directional outward),TW,Taiwan,Asia,CHF Millions,1820.3
2018,Swiss FDI abroad (Outward),Capital stocks,Not applicable (Directional outward),TZ,Tanzania,Africa,CHF Millions,178.9
2018,Swiss FDI abroad (Outward),Capital stocks,Not applicable (Directional outward),TH,Thailand,Asia,CHF Millions,2962.7
2018,Swiss FDI abroad (Outward),Capital stocks,Not applicable (Directional outward),T0,Total,All / Total,CHF Millions,1511066.3
2018,Swiss FDI abroad (Outward),Capital stocks,Not applicable (Directional outward),T1,Total,Europe,CHF Millions,869931.7
2018,Swiss FDI abroad (Outward),Capital stocks,Not applicable (Directional outward),T2,Total,North America,CHF Millions,323054.2
2018,Swiss FDI abroad (Outward),Capital stocks,Not applicable (Directional outward),T3,Total,Central and South America,CHF Millions,166522.6
2018,Swiss FDI abroad (Outward),Capital stocks,Not applicable (Directional outward),T4,Total,Asia,CHF Millions,133092.6
2018,Swiss FDI abroad (Outward),Capital stocks,Not applicable (Directional outward),T5,Total,Africa,CHF Millions,11475.1
2018,Swiss FDI abroad (Outward),Capital stocks,Not applicable (Directional outward),T6,Total,Oceania,CHF Millions,6990.1
2018,Swiss FDI abroad (Outward),Capital stocks,Not applicable (Directional outward),TN,Tunisia,Africa,CHF Millions,46.3
2018,Swiss FDI abroad (Outward),Capital stocks,Not applicable (Directional outward),TR,Turkey,Europe,CHF Millions,2290.0
2018,Swiss FDI abroad (Outward),Capital stocks,Not applicable (Directional outward),UA,Ukraine,Europe,CHF Millions,1995.9
2018,Swiss FDI abroad (Outward),Capital stocks,Not applicable (Directional outward),AE,United Arab Emirates,Asia,CHF Millions,14678.4
2018,Swiss FDI abroad (Outward),Capital stocks,Not applicable (Directional outward),GB,United Kingdom,Europe,CHF Millions,80715.9
2018,Swiss FDI abroad (Outward),Capital stocks,Not applicable (Directional outward),US,United States,North America,CHF Millions,293029.1
2018,Swiss FDI abroad (Outward),Capital stocks,Not applicable (Directional outward),UY,Uruguay,Central and South America,CHF Millions,2484.5
2018,Swiss FDI abroad (Outward),Capital stocks,Not applicable (Directional outward),VE,Venezuela,Central and South America,CHF Millions,2104.2
2018,Swiss FDI abroad (Outward),Capital stocks,Not applicable (Directional outward),VN,Viet Nam,Asia,CHF Millions,704.5
2018,Swiss FDI abroad (Outward),Capital transactions (flows),Not applicable (Directional outward),AR,Argentina,Central and South America,CHF Millions,238.9
2018,Swiss FDI abroad (Outward),Capital transactions (flows),Not applicable (Directional outward),AU,Australia,Oceania,CHF Millions,-8548.4
2018,Swiss FDI abroad (Outward),Capital transactions (flows),Not applicable (Directional outward),AT,Austria,Europe,CHF Millions,-398.2
2018,Swiss FDI abroad (Outward),Capital transactions (flows),Not applicable (Directional outward),BD,Bangladesh,Asia,CHF Millions,9.0
2018,Swiss FDI abroad (Outward),Capital transactions (flows),Not applicable (Directional outward),BE,Belgium,Europe,CHF Millions,-3204.3
2018,Swiss FDI abroad (Outward),Capital transactions (flows),Not applicable (Directional outward),BO,Bolivia,Central and South America,CHF Millions,7.8
2018,Swiss FDI abroad (Outward),Capital transactions (flows),Not applicable (Directional outward),BA,Bosnia and Herzegovina,Europe,CHF Millions,1.1
2018,Swiss FDI abroad (Outward),Capital transactions (flows),Not applicable (Directional outward),BR,Brazil,Central and South America,CHF Millions,1224.3
2018,Swiss FDI abroad (Outward),Capital transactions (flows),Not applicable (Directional outward),BG,Bulgaria,Europe,CHF Millions,-24.9
2018,Swiss FDI abroad (Outward),Capital transactions (flows),Not applicable (Directional outward),CM,Cameroon,Africa,CHF Millions,12.0
2018,Swiss FDI abroad (Outward),Capital transactions (flows),Not applicable (Directional outward),CA,Canada,North America,CHF Millions,-6725.1
2018,Swiss FDI abroad (Outward),Capital transactions (flows),Not applicable (Directional outward),CL,Chile,Central and South America,CHF Millions,3607.2
2018,Swiss FDI abroad (Outward),Capital transactions (flows),Not applicable (Directional outward),CN,China,Asia,CHF Millions,2824.2
2018,Swiss FDI abroad (Outward),Capital transactions (flows),Not applicable (Directional outward),CO,Colombia,Central and South America,CHF Millions,3465.9
2018,Swiss FDI abroad (Outward),Capital transactions (flows),Not applicable (Directional outward),CR,Costa Rica,Central and South America,CHF Millions,151.4
2018,Swiss FDI abroad (Outward),Capital transactions (flows),Not applicable (Directional outward),HR,Croatia,Europe,CHF Millions,-5.7
2018,Swiss FDI abroad (Outward),Capital transactions (flows),Not applicable (Directional outward),CY,Cyprus,Europe,CHF Millions,-489.5
2018,Swiss FDI abroad (Outward),Capital transactions (flows),Not applicable (Directional outward),CZ,Czechia,Europe,CHF Millions,0.6
2018,Swiss FDI abroad (Outward),Capital transactions (flows),Not applicable (Directional outward),CI,Côte d’Ivoire,Africa,CHF Millions,31.6
2018,Swiss FDI abroad (Outward),Capital transactions (flows),Not applicable (Directional outward),DK,Denmark,Europe,CHF Millions,143.7
2018,Swiss FDI abroad (Outward),Capital transactions (flows),Not applicable (Directional outward),B3,EU,Europe,CHF Millions,39612.4
2018,Swiss FDI abroad (Outward),Capital transactions (flows),Not applicable (Directional outward),EC,Ecuador,Central and South America,CHF Millions,79.9
2018,Swiss FDI abroad (Outward),Capital transactions (flows),Not applicable (Directional outward),EG,Egypt,Africa,CHF Millions,-70.4
2018,Swiss FDI abroad (Outward),Capital transactions (flows),Not applicable (Directional outward),EE,Estonia,Europe,CHF Millions,18.5
2018,Swiss FDI abroad (Outward),Capital transactions (flows),Not applicable (Directional outward),FI,Finland,Europe,CHF Millions,176.3
2018,Swiss FDI abroad (Outward),Capital transactions (flows),Not applicable (Directional outward),FR,France,Europe,CHF Millions,9183.8
2018,Swiss FDI abroad (Outward),Capital transactions (flows),Not applicable (Directional outward),DE,Germany,Europe,CHF Millions,10769.0
2018,Swiss FDI abroad (Outward),Capital transactions (flows),Not applicable (Directional outward),GR,Greece,Europe,CHF Millions,-46.2
2018,Swiss FDI abroad (Outward),Capital transactions (flows),Not applicable (Directional outward),GT,Guatemala,Central and South America,CHF Millions,1.0
2018,Swiss FDI abroad (Outward),Capital transactions (flows),Not applicable (Directional outward),HK,Hong Kong,Asia,CHF Millions,-262.0
2018,Swiss FDI abroad (Outward),Capital transactions (flows),Not applicable (Directional outward),HU,Hungary,Europe,CHF Millions,377.1
2018,Swiss FDI abroad (Outward),Capital transactions (flows),Not applicable (Directional outward),IN,India,Asia,CHF Millions,876.2
2018,Swiss FDI abroad (Outward),Capital transactions (flows),Not applicable (Directional outward),ID,Indonesia,Asia,CHF Millions,32.7
2018,Swiss FDI abroad (Outward),Capital transactions (flows),Not applicable (Directional outward),IE,Ireland,Europe,CHF Millions,10329.3
2018,Swiss FDI abroad (Outward),Capital transactions (flows),Not applicable (Directional outward),IL,Israel,Asia,CHF Millions,16.9
2018,Swiss FDI abroad (Outward),Capital transactions (flows),Not applicable (Directional outward),IT,Italy,Europe,CHF Millions,1280.5
2018,Swiss FDI abroad (Outward),Capital transactions (flows),Not applicable (Directional outward),JP,Japan,Asia,CHF Millions,2416.6
2018,Swiss FDI abroad (Outward),Capital transactions (flows),Not applicable (Directional outward),JO,Jordan,Asia,CHF Millions,-3.4
2018,Swiss FDI abroad (Outward),Capital transactions (flows),Not applicable (Directional outward),KE,Kenya,Africa,CHF Millions,14.3
2018,Swiss FDI abroad (Outward),Capital transactions (flows),Not applicable (Directional outward),KR,"Korea, Republic of (South Korea)",Asia,CHF Millions,4.9
2018,Swiss FDI abroad (Outward),Capital transactions (flows),Not applicable (Directional outward),LV,Latvia,Europe,CHF Millions,36.6
2018,Swiss FDI abroad (Outward),Capital transactions (flows),Not applicable (Directional outward),LB,Lebanon,Asia,CHF Millions,-44.8
2018,Swiss FDI abroad (Outward),Capital transactions (flows),Not applicable (Directional outward),LT,Lithuania,Europe,CHF Millions,74.3
2018,Swiss FDI abroad (Outward),Capital transactions (flows),Not applicable (Directional outward),LU,Luxembourg,Europe,CHF Millions,-2543.2
2018,Swiss FDI abroad (Outward),Capital transactions (flows),Not applicable (Directional outward),MY,Malaysia,Asia,CHF Millions,-2484.6
2018,Swiss FDI abroad (Outward),Capital transactions (flows),Not applicable (Directional outward),MU,Mauritius,Africa,CHF Millions,14.4
2018,Swiss FDI abroad (Outward),Capital transactions (flows),Not applicable (Directional outward),PMA,Memorandum item: All countries including real estate activities,All / Total,CHF Millions,48415.0
2018,Swiss FDI abroad (Outward),Capital transactions (flows),Not applicable (Directional outward),PMG,Memorandum item: Real estate activities,All / Total,CHF Millions,1139.1
2018,Swiss FDI abroad (Outward),Capital transactions (flows),Not applicable (Directional outward),MX,Mexico,Central and South America,CHF Millions,760.2
2018,Swiss FDI abroad (Outward),Capital transactions (flows),Not applicable (Directional outward),MA,Morocco,Africa,CHF Millions,22.7
2018,Swiss FDI abroad (Outward),Capital transactions (flows),Not applicable (Directional outward),NL,Netherlands,Europe,CHF Millions,-579.1
2018,Swiss FDI abroad (Outward),Capital transactions (flows),Not applicable (Directional outward),NZ,New Zealand,Oceania,CHF Millions,40.1
2018,Swiss FDI abroad (Outward),Capital transactions (flows),Not applicable (Directional outward),NG,Nigeria,Africa,CHF Millions,-2.7
2018,Swiss FDI abroad (Outward),Capital transactions (flows),Not applicable (Directional outward),NO,Norway,Europe,CHF Millions,-283.6
2018,Swiss FDI abroad (Outward),Capital transactions (flows),Not applicable (Directional outward),S21,Offshore financial centres in Europe,Europe,CHF Millions,-811.6
2018,Swiss FDI abroad (Outward),Capital transactions (flows),Not applicable (Directional outward),G9,Other European countries,Europe,CHF Millions,2196.0
2018,Swiss FDI abroad (Outward),Capital transactions (flows),Not applicable (Directional outward),PK,Pakistan,Asia,CHF Millions,38.0
2018,Swiss FDI abroad (Outward),Capital transactions (flows),Not applicable (Directional outward),PA,Panama,Central and South America,CHF Millions,-217.0
2018,Swiss FDI abroad (Outward),Capital transactions (flows),Not applicable (Directional outward),PE,Peru,Central and South America,CHF Millions,-212.8
2018,Swiss FDI abroad (Outward),Capital transactions (flows),Not applicable (Directional outward),PH,Philippines,Asia,CHF Millions,-180.4
2018,Swiss FDI abroad (Outward),Capital transactions (flows),Not applicable (Directional outward),PL,Poland,Europe,CHF Millions,516.4
2018,Swiss FDI abroad (Outward),Capital transactions (flows),Not applicable (Directional outward),PT,Portugal,Europe,CHF Millions,-10.2
2018,Swiss FDI abroad (Outward),Capital transactions (flows),Not applicable (Directional outward),QA,Qatar,Asia,CHF Millions,0.2
2018,Swiss FDI abroad (Outward),Capital transactions (flows),Not applicable (Directional outward),RO,Romania,Europe,CHF Millions,209.7
2018,Swiss FDI abroad (Outward),Capital transactions (flows),Not applicable (Directional outward),RU,Russia,Europe,CHF Millions,2607.9
2018,Swiss FDI abroad (Outward),Capital transactions (flows),Not applicable (Directional outward),SA,Saudi Arabia,Asia,CHF Millions,189.7
2018,Swiss FDI abroad (Outward),Capital transactions (flows),Not applicable (Directional outward),RS,Serbia,Europe,CHF Millions,-130.3
2018,Swiss FDI abroad (Outward),Capital transactions (flows),Not applicable (Directional outward),SG,Singapore,Asia,CHF Millions,6413.4
2018,Swiss FDI abroad (Outward),Capital transactions (flows),Not applicable (Directional outward),SK,Slovakia,Europe,CHF Millions,206.6
2018,Swiss FDI abroad (Outward),Capital transactions (flows),Not applicable (Directional outward),ZA,South Africa,Africa,CHF Millions,-357.6
2018,Swiss FDI abroad (Outward),Capital transactions (flows),Not applicable (Directional outward),ES,Spain,Europe,CHF Millions,1117.8
2018,Swiss FDI abroad (Outward),Capital transactions (flows),Not applicable (Directional outward),LK,Sri Lanka,Asia,CHF Millions,-20.0
2018,Swiss FDI abroad (Outward),Capital transactions (flows),Not applicable (Directional outward),SE,Sweden,Europe,CHF Millions,150.4
2018,Swiss FDI abroad (Outward),Capital transactions (flows),Not applicable (Directional outward),TW,Taiwan,Asia,CHF Millions,109.2
2018,Swiss FDI abroad (Outward),Capital transactions (flows),Not applicable (Directional outward),TZ,Tanzania,Africa,CHF Millions,15.5
2018,Swiss FDI abroad (Outward),Capital transactions (flows),Not applicable (Directional outward),TH,Thailand,Asia,CHF Millions,110.8
2018,Swiss FDI abroad (Outward),Capital transactions (flows),Not applicable (Directional outward),T0,Total,All / Total,CHF Millions,47275.9
2018,Swiss FDI abroad (Outward),Capital transactions (flows),Not applicable (Directional outward),T1,Total,Europe,CHF Millions,41808.4
2018,Swiss FDI abroad (Outward),Capital transactions (flows),Not applicable (Directional outward),S22,Total,Europe,CHF Millions,129.4
2018,Swiss FDI abroad (Outward),Capital transactions (flows),Not applicable (Directional outward),T2,Total,North America,CHF Millions,-20715.7
2018,Swiss FDI abroad (Outward),Capital transactions (flows),Not applicable (Directional outward),T3,Total,Central and South America,CHF Millions,28406.2
2018,Swiss FDI abroad (Outward),Capital transactions (flows),Not applicable (Directional outward),S19,Total,Central and South America,CHF Millions,18741.1
2018,Swiss FDI abroad (Outward),Capital transactions (flows),Not applicable (Directional outward),T4,Total,Asia,CHF Millions,6983.8
2018,Swiss FDI abroad (Outward),Capital transactions (flows),Not applicable (Directional outward),T5,Total,Africa,CHF Millions,-618.9
2018,Swiss FDI abroad (Outward),Capital transactions (flows),Not applicable (Directional outward),T6,Total,Oceania,CHF Millions,-8587.9
2018,Swiss FDI abroad (Outward),Capital transactions (flows),Not applicable (Directional outward),TN,Tunisia,Africa,CHF Millions,15.1
2018,Swiss FDI abroad (Outward),Capital transactions (flows),Not applicable (Directional outward),TR,Turkey,Europe,CHF Millions,213.3
2018,Swiss FDI abroad (Outward),Capital transactions (flows),Not applicable (Directional outward),UA,Ukraine,Europe,CHF Millions,610.0
2018,Swiss FDI abroad (Outward),Capital transactions (flows),Not applicable (Directional outward),AE,United Arab Emirates,Asia,CHF Millions,-3299.5
2018,Swiss FDI abroad (Outward),Capital transactions (flows),Not applicable (Directional outward),GB,United Kingdom,Europe,CHF Millions,12450.1
2018,Swiss FDI abroad (Outward),Capital transactions (flows),Not applicable (Directional outward),US,United States,North America,CHF Millions,-13990.6
2018,Swiss FDI abroad (Outward),Capital transactions (flows),Not applicable (Directional outward),UY,Uruguay,Central and South America,CHF Millions,134.9
2018,Swiss FDI abroad (Outward),Capital transactions (flows),Not applicable (Directional outward),VE,Venezuela,Central and South America,CHF Millions,-37.9
2018,Swiss FDI abroad (Outward),Capital transactions (flows),Not applicable (Directional outward),VN,Viet Nam,Asia,CHF Millions,-7.4
2018,Swiss FDI abroad (Outward),Investment income,Not applicable (Directional outward),AR,Argentina,Central and South America,CHF Millions,92.3
2018,Swiss FDI abroad (Outward),Investment income,Not applicable (Directional outward),AU,Australia,Oceania,CHF Millions,855.5
2018,Swiss FDI abroad (Outward),Investment income,Not applicable (Directional outward),AT,Austria,Europe,CHF Millions,1112.5
2018,Swiss FDI abroad (Outward),Investment income,Not applicable (Directional outward),BD,Bangladesh,Asia,CHF Millions,21.6
2018,Swiss FDI abroad (Outward),Investment income,Not applicable (Directional outward),BE,Belgium,Europe,CHF Millions,1187.2
2018,Swiss FDI abroad (Outward),Investment income,Not applicable (Directional outward),BO,Bolivia,Central and South America,CHF Millions,7.5
2018,Swiss FDI abroad (Outward),Investment income,Not applicable (Directional outward),BA,Bosnia and Herzegovina,Europe,CHF Millions,3.3
2018,Swiss FDI abroad (Outward),Investment income,Not applicable (Directional outward),BR,Brazil,Central and South America,CHF Millions,560.7
2018,Swiss FDI abroad (Outward),Investment income,Not applicable (Directional outward),BG,Bulgaria,Europe,CHF Millions,38.9
2018,Swiss FDI abroad (Outward),Investment income,Not applicable (Directional outward),CM,Cameroon,Africa,CHF Millions,21.2
2018,Swiss FDI abroad (Outward),Investment income,Not applicable (Directional outward),CA,Canada,North America,CHF Millions,-521.7
2018,Swiss FDI abroad (Outward),Investment income,Not applicable (Directional outward),CL,Chile,Central and South America,CHF Millions,135.3
2018,Swiss FDI abroad (Outward),Investment income,Not applicable (Directional outward),CN,China,Asia,CHF Millions,3125.6
2018,Swiss FDI abroad (Outward),Investment income,Not applicable (Directional outward),CO,Colombia,Central and South America,CHF Millions,69.0
2018,Swiss FDI abroad (Outward),Investment income,Not applicable (Directional outward),CR,Costa Rica,Central and South America,CHF Millions,184.0
2018,Swiss FDI abroad (Outward),Investment income,Not applicable (Directional outward),HR,Croatia,Europe,CHF Millions,54.8
2018,Swiss FDI abroad (Outward),Investment income,Not applicable (Directional outward),CY,Cyprus,Europe,CHF Millions,10678.1
2018,Swiss FDI abroad (Outward),Investment income,Not applicable (Directional outward),CZ,Czechia,Europe,CHF Millions,286.6
2018,Swiss FDI abroad (Outward),Investment income,Not applicable (Directional outward),CI,Côte d’Ivoire,Africa,CHF Millions,13.3
2018,Swiss FDI abroad (Outward),Investment income,Not applicable (Directional outward),DK,Denmark,Europe,CHF Millions,100.8
2018,Swiss FDI abroad (Outward),Investment income,Not applicable (Directional outward),B3,EU,Europe,CHF Millions,53921.4
2018,Swiss FDI abroad (Outward),Investment income,Not applicable (Directional outward),EC,Ecuador,Central and South America,CHF Millions,53.9
2018,Swiss FDI abroad (Outward),Investment income,Not applicable (Directional outward),EG,Egypt,Africa,CHF Millions,40.4
2018,Swiss FDI abroad (Outward),Investment income,Not applicable (Directional outward),EE,Estonia,Europe,CHF Millions,16.8
2018,Swiss FDI abroad (Outward),Investment income,Not applicable (Directional outward),FI,Finland,Europe,CHF Millions,228.1
2018,Swiss FDI abroad (Outward),Investment income,Not applicable (Directional outward),FR,France,Europe,CHF Millions,5007.1
2018,Swiss FDI abroad (Outward),Investment income,Not applicable (Directional outward),DE,Germany,Europe,CHF Millions,4699.0
2018,Swiss FDI abroad (Outward),Investment income,Not applicable (Directional outward),GR,Greece,Europe,CHF Millions,149.7
2018,Swiss FDI abroad (Outward),Investment income,Not applicable (Directional outward),GT,Guatemala,Central and South America,CHF Millions,31.4
2018,Swiss FDI abroad (Outward),Investment income,Not applicable (Directional outward),HK,Hong Kong,Asia,CHF Millions,2057.5
2018,Swiss FDI abroad (Outward),Investment income,Not applicable (Directional outward),HU,Hungary,Europe,CHF Millions,477.4
2018,Swiss FDI abroad (Outward),Investment income,Not applicable (Directional outward),IN,India,Asia,CHF Millions,679.4
2018,Swiss FDI abroad (Outward),Investment income,Not applicable (Directional outward),ID,Indonesia,Asia,CHF Millions,189.9
2018,Swiss FDI abroad (Outward),Investment income,Not applicable (Directional outward),IE,Ireland,Europe,CHF Millions,664.0
2018,Swiss FDI abroad (Outward),Investment income,Not applicable (Directional outward),IL,Israel,Asia,CHF Millions,123.1
2018,Swiss FDI abroad (Outward),Investment income,Not applicable (Directional outward),IT,Italy,Europe,CHF Millions,1593.1
2018,Swiss FDI abroad (Outward),Investment income,Not applicable (Directional outward),JP,Japan,Asia,CHF Millions,1698.4
2018,Swiss FDI abroad (Outward),Investment income,Not applicable (Directional outward),JO,Jordan,Asia,CHF Millions,43.7
2018,Swiss FDI abroad (Outward),Investment income,Not applicable (Directional outward),KE,Kenya,Africa,CHF Millions,27.9
2018,Swiss FDI abroad (Outward),Investment income,Not applicable (Directional outward),KR,"Korea, Republic of (South Korea)",Asia,CHF Millions,273.5
2018,Swiss FDI abroad (Outward),Investment income,Not applicable (Directional outward),LV,Latvia,Europe,CHF Millions,10.4
2018,Swiss FDI abroad (Outward),Investment income,Not applicable (Directional outward),LB,Lebanon,Asia,CHF Millions,6.9
2018,Swiss FDI abroad (Outward),Investment income,Not applicable (Directional outward),LT,Lithuania,Europe,CHF Millions,71.1
2018,Swiss FDI abroad (Outward),Investment income,Not applicable (Directional outward),LU,Luxembourg,Europe,CHF Millions,7935.7
2018,Swiss FDI abroad (Outward),Investment income,Not applicable (Directional outward),MY,Malaysia,Asia,CHF Millions,950.4
2018,Swiss FDI abroad (Outward),Investment income,Not applicable (Directional outward),MU,Mauritius,Africa,CHF Millions,29.9
2018,Swiss FDI abroad (Outward),Investment income,Not applicable (Directional outward),MX,Mexico,Central and South America,CHF Millions,618.8
2018,Swiss FDI abroad (Outward),Investment income,Not applicable (Directional outward),MA,Morocco,Africa,CHF Millions,4.9
2018,Swiss FDI abroad (Outward),Investment income,Not applicable (Directional outward),NL,Netherlands,Europe,CHF Millions,13565.1
2018,Swiss FDI abroad (Outward),Investment income,Not applicable (Directional outward),NZ,New Zealand,Oceania,CHF Millions,73.6
2018,Swiss FDI abroad (Outward),Investment income,Not applicable (Directional outward),NG,Nigeria,Africa,CHF Millions,149.5
2018,Swiss FDI abroad (Outward),Investment income,Not applicable (Directional outward),NO,Norway,Europe,CHF Millions,113.5
2018,Swiss FDI abroad (Outward),Investment income,Not applicable (Directional outward),S21,Offshore financial centres in Europe,Europe,CHF Millions,-175.0
2018,Swiss FDI abroad (Outward),Investment income,Not applicable (Directional outward),G9,Other European countries,Europe,CHF Millions,2696.8
2018,Swiss FDI abroad (Outward),Investment income,Not applicable (Directional outward),PK,Pakistan,Asia,CHF Millions,124.7
2018,Swiss FDI abroad (Outward),Investment income,Not applicable (Directional outward),PA,Panama,Central and South America,CHF Millions,412.7
2018,Swiss FDI abroad (Outward),Investment income,Not applicable (Directional outward),PE,Peru,Central and South America,CHF Millions,48.8
2018,Swiss FDI abroad (Outward),Investment income,Not applicable (Directional outward),PH,Philippines,Asia,CHF Millions,511.2
2018,Swiss FDI abroad (Outward),Investment income,Not applicable (Directional outward),PL,Poland,Europe,CHF Millions,604.1
2018,Swiss FDI abroad (Outward),Investment income,Not applicable (Directional outward),PT,Portugal,Europe,CHF Millions,73.7
2018,Swiss FDI abroad (Outward),Investment income,Not applicable (Directional outward),QA,Qatar,Asia,CHF Millions,18.2
2018,Swiss FDI abroad (Outward),Investment income,Not applicable (Directional outward),RO,Romania,Europe,CHF Millions,202.7
2018,Swiss FDI abroad (Outward),Investment income,Not applicable (Directional outward),RU,Russia,Europe,CHF Millions,2067.0
2018,Swiss FDI abroad (Outward),Investment income,Not applicable (Directional outward),SA,Saudi Arabia,Asia,CHF Millions,32.3
2018,Swiss FDI abroad (Outward),Investment income,Not applicable (Directional outward),RS,Serbia,Europe,CHF Millions,97.0
2018,Swiss FDI abroad (Outward),Investment income,Not applicable (Directional outward),SG,Singapore,Asia,CHF Millions,7241.8
2018,Swiss FDI abroad (Outward),Investment income,Not applicable (Directional outward),SK,Slovakia,Europe,CHF Millions,92.0
2018,Swiss FDI abroad (Outward),Investment income,Not applicable (Directional outward),ZA,South Africa,Africa,CHF Millions,-429.9
2018,Swiss FDI abroad (Outward),Investment income,Not applicable (Directional outward),ES,Spain,Europe,CHF Millions,1412.8
2018,Swiss FDI abroad (Outward),Investment income,Not applicable (Directional outward),LK,Sri Lanka,Asia,CHF Millions,13.4
2018,Swiss FDI abroad (Outward),Investment income,Not applicable (Directional outward),SE,Sweden,Europe,CHF Millions,1282.8
2018,Swiss FDI abroad (Outward),Investment income,Not applicable (Directional outward),TW,Taiwan,Asia,CHF Millions,441.5
2018,Swiss FDI abroad (Outward),Investment income,Not applicable (Directional outward),TZ,Tanzania,Africa,CHF Millions,10.1
2018,Swiss FDI abroad (Outward),Investment income,Not applicable (Directional outward),TH,Thailand,Asia,CHF Millions,454.6
2018,Swiss FDI abroad (Outward),Investment income,Not applicable (Directional outward),T0,Total,All / Total,CHF Millions,106812.3
2018,Swiss FDI abroad (Outward),Investment income,Not applicable (Directional outward),T1,Total,Europe,CHF Millions,56618.1
2018,Swiss FDI abroad (Outward),Investment income,Not applicable (Directional outward),S22,Total,Europe,CHF Millions,98.3
2018,Swiss FDI abroad (Outward),Investment income,Not applicable (Directional outward),T2,Total,North America,CHF Millions,25449.2
2018,Swiss FDI abroad (Outward),Investment income,Not applicable (Directional outward),T3,Total,Central and South America,CHF Millions,4456.9
2018,Swiss FDI abroad (Outward),Investment income,Not applicable (Directional outward),S19,Total,Central and South America,CHF Millions,2558.3
2018,Swiss FDI abroad (Outward),Investment income,Not applicable (Directional outward),T4,Total,Asia,CHF Millions,19282.5
2018,Swiss FDI abroad (Outward),Investment income,Not applicable (Directional outward),T5,Total,Africa,CHF Millions,91.3
2018,Swiss FDI abroad (Outward),Investment income,Not applicable (Directional outward),T6,Total,Oceania,CHF Millions,914.3
2018,Swiss FDI abroad (Outward),Investment income,Not applicable (Directional outward),TN,Tunisia,Africa,CHF Millions,13.3
2018,Swiss FDI abroad (Outward),Investment income,Not applicable (Directional outward),TR,Turkey,Europe,CHF Millions,138.8
2018,Swiss FDI abroad (Outward),Investment income,Not applicable (Directional outward),UA,Ukraine,Europe,CHF Millions,475.4
2018,Swiss FDI abroad (Outward),Investment income,Not applicable (Directional outward),AE,United Arab Emirates,Asia,CHF Millions,830.8
2018,Swiss FDI abroad (Outward),Investment income,Not applicable (Directional outward),GB,United Kingdom,Europe,CHF Millions,2187.6
2018,Swiss FDI abroad (Outward),Investment income,Not applicable (Directional outward),US,United States,North America,CHF Millions,25970.8
2018,Swiss FDI abroad (Outward),Investment income,Not applicable (Directional outward),UY,Uruguay,Central and South America,CHF Millions,148.2
2018,Swiss FDI abroad (Outward),Investment income,Not applicable (Directional outward),VE,Venezuela,Central and South America,CHF Millions,-208.0
2018,Swiss FDI abroad (Outward),Investment income,Not applicable (Directional outward),VN,Viet Nam,Asia,CHF Millions,193.7
2019,FDI in Switzerland (Inward),Capital stocks,Capital stocks by immediate investor,AU,Australia,All / Total,CHF Millions,
2019,FDI in Switzerland (Inward),Capital stocks,Capital stocks by immediate investor,AT,Austria,Europe,CHF Millions,9876.7
2019,FDI in Switzerland (Inward),Capital stocks,Capital stocks by immediate investor,BE,Belgium,Europe,CHF Millions,16844.2
2019,FDI in Switzerland (Inward),Capital stocks,Capital stocks by immediate investor,CA,Canada,North America,CHF Millions,164.5
2019,FDI in Switzerland (Inward),Capital stocks,Capital stocks by immediate investor,CN,China,All / Total,CHF Millions,
2019,FDI in Switzerland (Inward),Capital stocks,Capital stocks by immediate investor,CY,Cyprus,Europe,CHF Millions,14997.4
2019,FDI in Switzerland (Inward),Capital stocks,Capital stocks by immediate investor,DK,Denmark,Europe,CHF Millions,4108.9
2019,FDI in Switzerland (Inward),Capital stocks,Capital stocks by immediate investor,B3,EU,Europe,CHF Millions,1081674.7
2019,FDI in Switzerland (Inward),Capital stocks,Capital stocks by immediate investor,FR,France,Europe,CHF Millions,48474.9
2019,FDI in Switzerland (Inward),Capital stocks,Capital stocks by immediate investor,DE,Germany,Europe,CHF Millions,12366.5
2019,FDI in Switzerland (Inward),Capital stocks,Capital stocks by immediate investor,HU,Hungary,Europe,CHF Millions,42897.5
2019,FDI in Switzerland (Inward),Capital stocks,Capital stocks by immediate investor,IN,India,All / Total,CHF Millions,
2019,FDI in Switzerland (Inward),Capital stocks,Capital stocks by immediate investor,IE,Ireland,Europe,CHF Millions,93717.7
2019,FDI in Switzerland (Inward),Capital stocks,Capital stocks by immediate investor,IL,Israel,All / Total,CHF Millions,465.8
2019,FDI in Switzerland (Inward),Capital stocks,Capital stocks by immediate investor,IT,Italy,Europe,CHF Millions,2743.5
2019,FDI in Switzerland (Inward),Capital stocks,Capital stocks by immediate investor,JP,Japan,All / Total,CHF Millions,20665.0
2019,FDI in Switzerland (Inward),Capital stocks,Capital stocks by immediate investor,LU,Luxembourg,Europe,CHF Millions,351661.8
2019,FDI in Switzerland (Inward),Capital stocks,Capital stocks by immediate investor,PMA,Memorandum item: All countries including real estate activities,All / Total,CHF Millions,1383102.4
2019,FDI in Switzerland (Inward),Capital stocks,Capital stocks by immediate investor,PMG,Memorandum item: Real estate activities,All / Total,CHF Millions,38122.2
2019,FDI in Switzerland (Inward),Capital stocks,Capital stocks by immediate investor,MX,Mexico,Central and South America,CHF Millions,
2019,FDI in Switzerland (Inward),Capital stocks,Capital stocks by immediate investor,NL,Netherlands,Europe,CHF Millions,393169.8
2019,FDI in Switzerland (Inward),Capital stocks,Capital stocks by immediate investor,S19,Offshore financial centres,Central and South America,CHF Millions,70267.0
2019,FDI in Switzerland (Inward),Capital stocks,Capital stocks by immediate investor,SNBBS21,Offshore financial centres in Europe,Europe,CHF Millions,
2019,FDI in Switzerland (Inward),Capital stocks,Capital stocks by immediate investor,G9,Other European countries,Europe,CHF Millions,51363.8
2019,FDI in Switzerland (Inward),Capital stocks,Capital stocks by immediate investor,RU,Russia,Europe,CHF Millions,
2019,FDI in Switzerland (Inward),Capital stocks,Capital stocks by immediate investor,ES,Spain,Europe,CHF Millions,1213.2
2019,FDI in Switzerland (Inward),Capital stocks,Capital stocks by immediate investor,SE,Sweden,Europe,CHF Millions,12144.3
2019,FDI in Switzerland (Inward),Capital stocks,Capital stocks by immediate investor,T0,Total,All / Total,CHF Millions,1344980.2
2019,FDI in Switzerland (Inward),Capital stocks,Capital stocks by immediate investor,T1,Total,Europe,CHF Millions,1133038.5
2019,FDI in Switzerland (Inward),Capital stocks,Capital stocks by immediate investor,T2,Total,North America,CHF Millions,101589.1
2019,FDI in Switzerland (Inward),Capital stocks,Capital stocks by immediate investor,T3,Total,Central and South America,CHF Millions,62670.0
2019,FDI in Switzerland (Inward),Capital stocks,Capital stocks by immediate investor,T4,Total,All / Total,CHF Millions,47682.6
2019,FDI in Switzerland (Inward),Capital stocks,Capital stocks by immediate investor,AE,United Arab Emirates,All / Total,CHF Millions,
2019,FDI in Switzerland (Inward),Capital stocks,Capital stocks by immediate investor,GB,United Kingdom,Europe,CHF Millions,71734.9
2019,FDI in Switzerland (Inward),Capital stocks,Capital stocks by immediate investor,US,United States,North America,CHF Millions,101424.6
2019,FDI in Switzerland (Inward),Capital stocks,Capital stocks by ultimate beneficial owner,AU,Australia,All / Total,CHF Millions,3106.7
2019,FDI in Switzerland (Inward),Capital stocks,Capital stocks by ultimate beneficial owner,AT,Austria,Europe,CHF Millions,10411.1
2019,FDI in Switzerland (Inward),Capital stocks,Capital stocks by ultimate beneficial owner,BE,Belgium,Europe,CHF Millions,17057.6
2019,FDI in Switzerland (Inward),Capital stocks,Capital stocks by ultimate beneficial owner,CA,Canada,North America,CHF Millions,31521.5
2019,FDI in Switzerland (Inward),Capital stocks,Capital stocks by ultimate beneficial owner,CN,China,All / Total,CHF Millions,15548.8
2019,FDI in Switzerland (Inward),Capital stocks,Capital stocks by ultimate beneficial owner,CY,Cyprus,Europe,CHF Millions,
2019,FDI in Switzerland (Inward),Capital stocks,Capital stocks by ultimate beneficial owner,DK,Denmark,Europe,CHF Millions,3662.9
2019,FDI in Switzerland (Inward),Capital stocks,Capital stocks by ultimate beneficial owner,B3,EU,Europe,CHF Millions,359786.9
2019,FDI in Switzerland (Inward),Capital stocks,Capital stocks by ultimate beneficial owner,FR,France,Europe,CHF Millions,58865.3
2019,FDI in Switzerland (Inward),Capital stocks,Capital stocks by ultimate beneficial owner,DE,Germany,Europe,CHF Millions,37462.4
2019,FDI in Switzerland (Inward),Capital stocks,Capital stocks by ultimate beneficial owner,HU,Hungary,Europe,CHF Millions,
2019,FDI in Switzerland (Inward),Capital stocks,Capital stocks by ultimate beneficial owner,IN,India,All / Total,CHF Millions,2483.4
2019,FDI in Switzerland (Inward),Capital stocks,Capital stocks by ultimate beneficial owner,IE,Ireland,Europe,CHF Millions,75438.6
2019,FDI in Switzerland (Inward),Capital stocks,Capital stocks by ultimate beneficial owner,IL,Israel,All / Total,CHF Millions,5222.2
2019,FDI in Switzerland (Inward),Capital stocks,Capital stocks by ultimate beneficial owner,IT,Italy,Europe,CHF Millions,3733.8
2019,FDI in Switzerland (Inward),Capital stocks,Capital stocks by ultimate beneficial owner,JP,Japan,All / Total,CHF Millions,36730.6
2019,FDI in Switzerland (Inward),Capital stocks,Capital stocks by ultimate beneficial owner,LU,Luxembourg,Europe,CHF Millions,6266.9
2019,FDI in Switzerland (Inward),Capital stocks,Capital stocks by ultimate beneficial owner,PMA,Memorandum item: All countries including real estate activities,All / Total,CHF Millions,1383102.4
2019,FDI in Switzerland (Inward),Capital stocks,Capital stocks by ultimate beneficial owner,PMG,Memorandum item: Real estate activities,All / Total,CHF Millions,38122.2
2019,FDI in Switzerland (Inward),Capital stocks,Capital stocks by ultimate beneficial owner,MX,Mexico,Central and South America,CHF Millions,9939.5
2019,FDI in Switzerland (Inward),Capital stocks,Capital stocks by ultimate beneficial owner,NL,Netherlands,Europe,CHF Millions,61808.0
2019,FDI in Switzerland (Inward),Capital stocks,Capital stocks by ultimate beneficial owner,S19,Offshore financial centres,Central and South America,CHF Millions,65041.0
2019,FDI in Switzerland (Inward),Capital stocks,Capital stocks by ultimate beneficial owner,SNBBS21,Offshore financial centres in Europe,Europe,CHF Millions,39206.9
2019,FDI in Switzerland (Inward),Capital stocks,Capital stocks by ultimate beneficial owner,G9,Other European countries,Europe,CHF Millions,132326.9
2019,FDI in Switzerland (Inward),Capital stocks,Capital stocks by ultimate beneficial owner,RU,Russia,Europe,CHF Millions,16397.7
2019,FDI in Switzerland (Inward),Capital stocks,Capital stocks by ultimate beneficial owner,ES,Spain,Europe,CHF Millions,-2083.1
2019,FDI in Switzerland (Inward),Capital stocks,Capital stocks by ultimate beneficial owner,SE,Sweden,Europe,CHF Millions,12305.1
2019,FDI in Switzerland (Inward),Capital stocks,Capital stocks by ultimate beneficial owner,T0,Total,All / Total,CHF Millions,1344980.2
2019,FDI in Switzerland (Inward),Capital stocks,Capital stocks by ultimate beneficial owner,T1,Total,Europe,CHF Millions,492113.8
2019,FDI in Switzerland (Inward),Capital stocks,Capital stocks by ultimate beneficial owner,T2,Total,North America,CHF Millions,671164.5
2019,FDI in Switzerland (Inward),Capital stocks,Capital stocks by ultimate beneficial owner,T3,Total,Central and South America,CHF Millions,93059.8
2019,FDI in Switzerland (Inward),Capital stocks,Capital stocks by ultimate beneficial owner,T4,Total,All / Total,CHF Millions,88642.0
2019,FDI in Switzerland (Inward),Capital stocks,Capital stocks by ultimate beneficial owner,AE,United Arab Emirates,All / Total,CHF Millions,2127.1
2019,FDI in Switzerland (Inward),Capital stocks,Capital stocks by ultimate beneficial owner,GB,United Kingdom,Europe,CHF Millions,66058.0
2019,FDI in Switzerland (Inward),Capital stocks,Capital stocks by ultimate beneficial owner,US,United States,North America,CHF Millions,639643.0
2019,FDI in Switzerland (Inward),Capital transactions (flows),Immediate investor,AT,Austria,Europe,CHF Millions,169.2
2019,FDI in Switzerland (Inward),Capital transactions (flows),Immediate investor,BE,Belgium,Europe,CHF Millions,12827.3
2019,FDI in Switzerland (Inward),Capital transactions (flows),Immediate investor,CA,Canada,North America,CHF Millions,-1474.6
2019,FDI in Switzerland (Inward),Capital transactions (flows),Immediate investor,CY,Cyprus,Europe,CHF Millions,1245.7
2019,FDI in Switzerland (Inward),Capital transactions (flows),Immediate investor,DK,Denmark,Europe,CHF Millions,-17022.4
2019,FDI in Switzerland (Inward),Capital transactions (flows),Immediate investor,B3,EU,Europe,CHF Millions,-96879.7
2019,FDI in Switzerland (Inward),Capital transactions (flows),Immediate investor,FR,France,Europe,CHF Millions,3461.8
2019,FDI in Switzerland (Inward),Capital transactions (flows),Immediate investor,DE,Germany,Europe,CHF Millions,-2334.0
2019,FDI in Switzerland (Inward),Capital transactions (flows),Immediate investor,HU,Hungary,Europe,CHF Millions,-1069.1
2019,FDI in Switzerland (Inward),Capital transactions (flows),Immediate investor,IE,Ireland,Europe,CHF Millions,-63627.7
2019,FDI in Switzerland (Inward),Capital transactions (flows),Immediate investor,IL,Israel,All / Total,CHF Millions,53.8
2019,FDI in Switzerland (Inward),Capital transactions (flows),Immediate investor,IT,Italy,Europe,CHF Millions,242.8
2019,FDI in Switzerland (Inward),Capital transactions (flows),Immediate investor,JP,Japan,All / Total,CHF Millions,17333.8
2019,FDI in Switzerland (Inward),Capital transactions (flows),Immediate investor,LU,Luxembourg,Europe,CHF Millions,-10028.1
2019,FDI in Switzerland (Inward),Capital transactions (flows),Immediate investor,PMA,Memorandum item: All countries including real estate activities,All / Total,CHF Millions,-95296.7
2019,FDI in Switzerland (Inward),Capital transactions (flows),Immediate investor,PMG,Memorandum item: Real estate activities,All / Total,CHF Millions,285.0
2019,FDI in Switzerland (Inward),Capital transactions (flows),Immediate investor,NL,Netherlands,Europe,CHF Millions,-18803.6
2019,FDI in Switzerland (Inward),Capital transactions (flows),Immediate investor,S19,Offshore financial centres,Central and South America,CHF Millions,11227.7
2019,FDI in Switzerland (Inward),Capital transactions (flows),Immediate investor,G9,Other European countries,Europe,CHF Millions,-5813.7
2019,FDI in Switzerland (Inward),Capital transactions (flows),Immediate investor,ES,Spain,Europe,CHF Millions,-4237.8
2019,FDI in Switzerland (Inward),Capital transactions (flows),Immediate investor,SE,Sweden,Europe,CHF Millions,288.7
2019,FDI in Switzerland (Inward),Capital transactions (flows),Immediate investor,T0,Total,All / Total,CHF Millions,-95581.7
2019,FDI in Switzerland (Inward),Capital transactions (flows),Immediate investor,T1,Total,Europe,CHF Millions,-102693.4
2019,FDI in Switzerland (Inward),Capital transactions (flows),Immediate investor,T2,Total,North America,CHF Millions,-42034.2
2019,FDI in Switzerland (Inward),Capital transactions (flows),Immediate investor,T3,Total,Central and South America,CHF Millions,12068.3
2019,FDI in Switzerland (Inward),Capital transactions (flows),Immediate investor,T4,Total,All / Total,CHF Millions,37077.2
2019,FDI in Switzerland (Inward),Capital transactions (flows),Immediate investor,GB,United Kingdom,Europe,CHF Millions,-358.2
2019,FDI in Switzerland (Inward),Capital transactions (flows),Immediate investor,US,United States,North America,CHF Millions,-40559.6
2019,FDI in Switzerland (Inward),Investment income,Investment income by immediate investor,AU,Australia,All / Total,CHF Millions,
2019,FDI in Switzerland (Inward),Investment income,Investment income by immediate investor,AT,Austria,Europe,CHF Millions,619.0
2019,FDI in Switzerland (Inward),Investment income,Investment income by immediate investor,BE,Belgium,Europe,CHF Millions,101.8
2019,FDI in Switzerland (Inward),Investment income,Investment income by immediate investor,CA,Canada,North America,CHF Millions,-13.2
2019,FDI in Switzerland (Inward),Investment income,Investment income by immediate investor,CN,China,All / Total,CHF Millions,
2019,FDI in Switzerland (Inward),Investment income,Investment income by immediate investor,CY,Cyprus,Europe,CHF Millions,1535.4
2019,FDI in Switzerland (Inward),Investment income,Investment income by immediate investor,DK,Denmark,Europe,CHF Millions,1687.0
2019,FDI in Switzerland (Inward),Investment income,Investment income by immediate investor,B3,EU,Europe,CHF Millions,92355.7
2019,FDI in Switzerland (Inward),Investment income,Investment income by immediate investor,FR,France,Europe,CHF Millions,4959.5
2019,FDI in Switzerland (Inward),Investment income,Investment income by immediate investor,DE,Germany,Europe,CHF Millions,3465.1
2019,FDI in Switzerland (Inward),Investment income,Investment income by immediate investor,HU,Hungary,Europe,CHF Millions,1161.5
2019,FDI in Switzerland (Inward),Investment income,Investment income by immediate investor,IN,India,All / Total,CHF Millions,
2019,FDI in Switzerland (Inward),Investment income,Investment income by immediate investor,IE,Ireland,Europe,CHF Millions,5001.0
2019,FDI in Switzerland (Inward),Investment income,Investment income by immediate investor,IL,Israel,All / Total,CHF Millions,-126.1
2019,FDI in Switzerland (Inward),Investment income,Investment income by immediate investor,IT,Italy,Europe,CHF Millions,150.3
2019,FDI in Switzerland (Inward),Investment income,Investment income by immediate investor,JP,Japan,All / Total,CHF Millions,39.8
2019,FDI in Switzerland (Inward),Investment income,Investment income by immediate investor,LU,Luxembourg,Europe,CHF Millions,21838.7
2019,FDI in Switzerland (Inward),Investment income,Investment income by immediate investor,MX,Mexico,Central and South America,CHF Millions,
2019,FDI in Switzerland (Inward),Investment income,Investment income by immediate investor,NL,Netherlands,Europe,CHF Millions,42642.6
2019,FDI in Switzerland (Inward),Investment income,Investment income by immediate investor,S19,Offshore financial centres,Central and South America,CHF Millions,7371.0
2019,FDI in Switzerland (Inward),Investment income,Investment income by immediate investor,SNBBS21,Offshore financial centres in Europe,Europe,CHF Millions,
2019,FDI in Switzerland (Inward),Investment income,Investment income by immediate investor,G9,Other European countries,Europe,CHF Millions,4279.1
2019,FDI in Switzerland (Inward),Investment income,Investment income by immediate investor,RU,Russia,Europe,CHF Millions,
2019,FDI in Switzerland (Inward),Investment income,Investment income by immediate investor,ES,Spain,Europe,CHF Millions,-1.3
2019,FDI in Switzerland (Inward),Investment income,Investment income by immediate investor,SE,Sweden,Europe,CHF Millions,782.1
2019,FDI in Switzerland (Inward),Investment income,Investment income by immediate investor,T0,Total,All / Total,CHF Millions,108715.0
2019,FDI in Switzerland (Inward),Investment income,Investment income by immediate investor,T1,Total,Europe,CHF Millions,96634.7
2019,FDI in Switzerland (Inward),Investment income,Investment income by immediate investor,T2,Total,North America,CHF Millions,5323.9
2019,FDI in Switzerland (Inward),Investment income,Investment income by immediate investor,T3,Total,Central and South America,CHF Millions,6438.2
2019,FDI in Switzerland (Inward),Investment income,Investment income by immediate investor,T4,Total,All / Total,CHF Millions,317.9
2019,FDI in Switzerland (Inward),Investment income,Investment income by immediate investor,AE,United Arab Emirates,All / Total,CHF Millions,
2019,FDI in Switzerland (Inward),Investment income,Investment income by immediate investor,GB,United Kingdom,Europe,CHF Millions,8254.5
2019,FDI in Switzerland (Inward),Investment income,Investment income by immediate investor,US,United States,North America,CHF Millions,5337.2
2019,FDI in Switzerland (Inward),Investment income,Investment income by ultimate beneficial owner,AU,Australia,All / Total,CHF Millions,1747.2
2019,FDI in Switzerland (Inward),Investment income,Investment income by ultimate beneficial owner,AT,Austria,Europe,CHF Millions,412.0
2019,FDI in Switzerland (Inward),Investment income,Investment income by ultimate beneficial owner,BE,Belgium,Europe,CHF Millions,617.8
2019,FDI in Switzerland (Inward),Investment income,Investment income by ultimate beneficial owner,CA,Canada,North America,CHF Millions,3530.4
2019,FDI in Switzerland (Inward),Investment income,Investment income by ultimate beneficial owner,CN,China,All / Total,CHF Millions,2092.6
2019,FDI in Switzerland (Inward),Investment income,Investment income by ultimate beneficial owner,CY,Cyprus,Europe,CHF Millions,
2019,FDI in Switzerland (Inward),Investment income,Investment income by ultimate beneficial owner,DK,Denmark,Europe,CHF Millions,1686.9
2019,FDI in Switzerland (Inward),Investment income,Investment income by ultimate beneficial owner,B3,EU,Europe,CHF Millions,32378.3
2019,FDI in Switzerland (Inward),Investment income,Investment income by ultimate beneficial owner,FR,France,Europe,CHF Millions,7946.2
2019,FDI in Switzerland (Inward),Investment income,Investment income by ultimate beneficial owner,DE,Germany,Europe,CHF Millions,6501.7
2019,FDI in Switzerland (Inward),Investment income,Investment income by ultimate beneficial owner,HU,Hungary,Europe,CHF Millions,
2019,FDI in Switzerland (Inward),Investment income,Investment income by ultimate beneficial owner,IN,India,All / Total,CHF Millions,11.0
2019,FDI in Switzerland (Inward),Investment income,Investment income by ultimate beneficial owner,IE,Ireland,Europe,CHF Millions,6424.5
2019,FDI in Switzerland (Inward),Investment income,Investment income by ultimate beneficial owner,IL,Israel,All / Total,CHF Millions,34.5
2019,FDI in Switzerland (Inward),Investment income,Investment income by ultimate beneficial owner,IT,Italy,Europe,CHF Millions,217.9
2019,FDI in Switzerland (Inward),Investment income,Investment income by ultimate beneficial owner,JP,Japan,All / Total,CHF Millions,598.5
2019,FDI in Switzerland (Inward),Investment income,Investment income by ultimate beneficial owner,LU,Luxembourg,Europe,CHF Millions,651.6
2019,FDI in Switzerland (Inward),Investment income,Investment income by ultimate beneficial owner,MX,Mexico,Central and South America,CHF Millions,-227.9
2019,FDI in Switzerland (Inward),Investment income,Investment income by ultimate beneficial owner,NL,Netherlands,Europe,CHF Millions,3589.7
2019,FDI in Switzerland (Inward),Investment income,Investment income by ultimate beneficial owner,S19,Offshore financial centres,Central and South America,CHF Millions,2090.1
2019,FDI in Switzerland (Inward),Investment income,Investment income by ultimate beneficial owner,SNBBS21,Offshore financial centres in Europe,Europe,CHF Millions,537.3
2019,FDI in Switzerland (Inward),Investment income,Investment income by ultimate beneficial owner,G9,Other European countries,Europe,CHF Millions,8155.4
2019,FDI in Switzerland (Inward),Investment income,Investment income by ultimate beneficial owner,RU,Russia,Europe,CHF Millions,1965.8
2019,FDI in Switzerland (Inward),Investment income,Investment income by ultimate beneficial owner,ES,Spain,Europe,CHF Millions,-11.8
2019,FDI in Switzerland (Inward),Investment income,Investment income by ultimate beneficial owner,SE,Sweden,Europe,CHF Millions,790.0
2019,FDI in Switzerland (Inward),Investment income,Investment income by ultimate beneficial owner,T0,Total,All / Total,CHF Millions,108715.0
2019,FDI in Switzerland (Inward),Investment income,Investment income by ultimate beneficial owner,T1,Total,Europe,CHF Millions,40533.7
2019,FDI in Switzerland (Inward),Investment income,Investment income by ultimate beneficial owner,T2,Total,North America,CHF Millions,60868.7
2019,FDI in Switzerland (Inward),Investment income,Investment income by ultimate beneficial owner,T3,Total,Central and South America,CHF Millions,2716.1
2019,FDI in Switzerland (Inward),Investment income,Investment income by ultimate beneficial owner,T4,Total,All / Total,CHF Millions,4596.3
2019,FDI in Switzerland (Inward),Investment income,Investment income by ultimate beneficial owner,AE,United Arab Emirates,All / Total,CHF Millions,-33.9
2019,FDI in Switzerland (Inward),Investment income,Investment income by ultimate beneficial owner,GB,United Kingdom,Europe,CHF Millions,2843.8
2019,FDI in Switzerland (Inward),Investment income,Investment income by ultimate beneficial owner,US,United States,North America,CHF Millions,57338.3
2019,Swiss FDI abroad (Outward),Capital stocks,Not applicable (Directional outward),AR,Argentina,Central and South America,CHF Millions,3318.1
2019,Swiss FDI abroad (Outward),Capital stocks,Not applicable (Directional outward),AU,Australia,Oceania,CHF Millions,5936.5
2019,Swiss FDI abroad (Outward),Capital stocks,Not applicable (Directional outward),AT,Austria,Europe,CHF Millions,12235.9
2019,Swiss FDI abroad (Outward),Capital stocks,Not applicable (Directional outward),BD,Bangladesh,Asia,CHF Millions,-45.2
2019,Swiss FDI abroad (Outward),Capital stocks,Not applicable (Directional outward),BE,Belgium,Europe,CHF Millions,12733.5
2019,Swiss FDI abroad (Outward),Capital stocks,Not applicable (Directional outward),BO,Bolivia,Central and South America,CHF Millions,73.7
2019,Swiss FDI abroad (Outward),Capital stocks,Not applicable (Directional outward),BA,Bosnia and Herzegovina,Europe,CHF Millions,176.9
2019,Swiss FDI abroad (Outward),Capital stocks,Not applicable (Directional outward),BR,Brazil,Central and South America,CHF Millions,10896.4
2019,Swiss FDI abroad (Outward),Capital stocks,Not applicable (Directional outward),BG,Bulgaria,Europe,CHF Millions,322.3
2019,Swiss FDI abroad (Outward),Capital stocks,Not applicable (Directional outward),CM,Cameroon,Africa,CHF Millions,122.9
2019,Swiss FDI abroad (Outward),Capital stocks,Not applicable (Directional outward),CA,Canada,North America,CHF Millions,37360.6
2019,Swiss FDI abroad (Outward),Capital stocks,Not applicable (Directional outward),CL,Chile,Central and South America,CHF Millions,1813.4
2019,Swiss FDI abroad (Outward),Capital stocks,Not applicable (Directional outward),CN,China,Asia,CHF Millions,23056.0
2019,Swiss FDI abroad (Outward),Capital stocks,Not applicable (Directional outward),CO,Colombia,Central and South America,CHF Millions,5031.7
2019,Swiss FDI abroad (Outward),Capital stocks,Not applicable (Directional outward),CR,Costa Rica,Central and South America,CHF Millions,1285.7
2019,Swiss FDI abroad (Outward),Capital stocks,Not applicable (Directional outward),HR,Croatia,Europe,CHF Millions,519.3
2019,Swiss FDI abroad (Outward),Capital stocks,Not applicable (Directional outward),CY,Cyprus,Europe,CHF Millions,49931.8
2019,Swiss FDI abroad (Outward),Capital stocks,Not applicable (Directional outward),CZ,Czechia,Europe,CHF Millions,3437.8
2019,Swiss FDI abroad (Outward),Capital stocks,Not applicable (Directional outward),CI,Côte d’Ivoire,Africa,CHF Millions,317.3
2019,Swiss FDI abroad (Outward),Capital stocks,Not applicable (Directional outward),DK,Denmark,Europe,CHF Millions,1407.9
2019,Swiss FDI abroad (Outward),Capital stocks,Not applicable (Directional outward),B3,EU,Europe,CHF Millions,770785.7
2019,Swiss FDI abroad (Outward),Capital stocks,Not applicable (Directional outward),EC,Ecuador,Central and South America,CHF Millions,296.8
2019,Swiss FDI abroad (Outward),Capital stocks,Not applicable (Directional outward),EG,Egypt,Africa,CHF Millions,894.4
2019,Swiss FDI abroad (Outward),Capital stocks,Not applicable (Directional outward),EE,Estonia,Europe,CHF Millions,169.6
2019,Swiss FDI abroad (Outward),Capital stocks,Not applicable (Directional outward),FI,Finland,Europe,CHF Millions,1094.0
2019,Swiss FDI abroad (Outward),Capital stocks,Not applicable (Directional outward),FR,France,Europe,CHF Millions,65809.0
2019,Swiss FDI abroad (Outward),Capital stocks,Not applicable (Directional outward),DE,Germany,Europe,CHF Millions,62984.1
2019,Swiss FDI abroad (Outward),Capital stocks,Not applicable (Directional outward),GR,Greece,Europe,CHF Millions,1214.7
2019,Swiss FDI abroad (Outward),Capital stocks,Not applicable (Directional outward),GT,Guatemala,Central and South America,CHF Millions,250.6
2019,Swiss FDI abroad (Outward),Capital stocks,Not applicable (Directional outward),HK,Hong Kong,Asia,CHF Millions,9634.4
2019,Swiss FDI abroad (Outward),Capital stocks,Not applicable (Directional outward),HU,Hungary,Europe,CHF Millions,25401.2
2019,Swiss FDI abroad (Outward),Capital stocks,Not applicable (Directional outward),IN,India,Asia,CHF Millions,6535.5
2019,Swiss FDI abroad (Outward),Capital stocks,Not applicable (Directional outward),ID,Indonesia,Asia,CHF Millions,1759.5
2019,Swiss FDI abroad (Outward),Capital stocks,Not applicable (Directional outward),IE,Ireland,Europe,CHF Millions,82912.5
2019,Swiss FDI abroad (Outward),Capital stocks,Not applicable (Directional outward),IL,Israel,Asia,CHF Millions,1114.7
2019,Swiss FDI abroad (Outward),Capital stocks,Not applicable (Directional outward),IT,Italy,Europe,CHF Millions,20094.2
2019,Swiss FDI abroad (Outward),Capital stocks,Not applicable (Directional outward),JP,Japan,Asia,CHF Millions,18651.7
2019,Swiss FDI abroad (Outward),Capital stocks,Not applicable (Directional outward),JO,Jordan,Asia,CHF Millions,249.5
2019,Swiss FDI abroad (Outward),Capital stocks,Not applicable (Directional outward),KE,Kenya,Africa,CHF Millions,473.7
2019,Swiss FDI abroad (Outward),Capital stocks,Not applicable (Directional outward),KR,"Korea, Republic of (South Korea)",Asia,CHF Millions,3552.8
2019,Swiss FDI abroad (Outward),Capital stocks,Not applicable (Directional outward),LV,Latvia,Europe,CHF Millions,207.9
2019,Swiss FDI abroad (Outward),Capital stocks,Not applicable (Directional outward),LB,Lebanon,Asia,CHF Millions,74.6
2019,Swiss FDI abroad (Outward),Capital stocks,Not applicable (Directional outward),LT,Lithuania,Europe,CHF Millions,656.8
2019,Swiss FDI abroad (Outward),Capital stocks,Not applicable (Directional outward),LU,Luxembourg,Europe,CHF Millions,124995.9
2019,Swiss FDI abroad (Outward),Capital stocks,Not applicable (Directional outward),MY,Malaysia,Asia,CHF Millions,4900.9
2019,Swiss FDI abroad (Outward),Capital stocks,Not applicable (Directional outward),MU,Mauritius,Africa,CHF Millions,1020.3
2019,Swiss FDI abroad (Outward),Capital stocks,Not applicable (Directional outward),PMT,Memorandum item: All countries including real estate activities,All / Total,CHF Millions,1473865.3
2019,Swiss FDI abroad (Outward),Capital stocks,Not applicable (Directional outward),PMG,Memorandum item: Real estate activities,All / Total,CHF Millions,6491.7
2019,Swiss FDI abroad (Outward),Capital stocks,Not applicable (Directional outward),MX,Mexico,Central and South America,CHF Millions,6746.6
2019,Swiss FDI abroad (Outward),Capital stocks,Not applicable (Directional outward),MA,Morocco,Africa,CHF Millions,360.6
2019,Swiss FDI abroad (Outward),Capital stocks,Not applicable (Directional outward),NL,Netherlands,Europe,CHF Millions,172922.7
2019,Swiss FDI abroad (Outward),Capital stocks,Not applicable (Directional outward),NZ,New Zealand,Oceania,CHF Millions,561.8
2019,Swiss FDI abroad (Outward),Capital stocks,Not applicable (Directional outward),NG,Nigeria,Africa,CHF Millions,297.3
2019,Swiss FDI abroad (Outward),Capital stocks,Not applicable (Directional outward),NO,Norway,Europe,CHF Millions,2577.0
2019,Swiss FDI abroad (Outward),Capital stocks,Not applicable (Directional outward),S19,Offshore financial centres in Central and South America,Central and South America,CHF Millions,128381.7
2019,Swiss FDI abroad (Outward),Capital stocks,Not applicable (Directional outward),S21,Offshore financial centres in Europe,Europe,CHF Millions,25763.4
2019,Swiss FDI abroad (Outward),Capital stocks,Not applicable (Directional outward),G9,Other European countries,Europe,CHF Millions,63169.8
2019,Swiss FDI abroad (Outward),Capital stocks,Not applicable (Directional outward),PK,Pakistan,Asia,CHF Millions,1014.7
2019,Swiss FDI abroad (Outward),Capital stocks,Not applicable (Directional outward),PA,Panama,Central and South America,CHF Millions,3651.9
2019,Swiss FDI abroad (Outward),Capital stocks,Not applicable (Directional outward),PE,Peru,Central and South America,CHF Millions,-2801.4
2019,Swiss FDI abroad (Outward),Capital stocks,Not applicable (Directional outward),PH,Philippines,Asia,CHF Millions,2187.1
2019,Swiss FDI abroad (Outward),Capital stocks,Not applicable (Directional outward),PL,Poland,Europe,CHF Millions,5918.4
2019,Swiss FDI abroad (Outward),Capital stocks,Not applicable (Directional outward),PT,Portugal,Europe,CHF Millions,883.4
2019,Swiss FDI abroad (Outward),Capital stocks,Not applicable (Directional outward),QA,Qatar,Asia,CHF Millions,215.4
2019,Swiss FDI abroad (Outward),Capital stocks,Not applicable (Directional outward),RO,Romania,Europe,CHF Millions,2764.0
2019,Swiss FDI abroad (Outward),Capital stocks,Not applicable (Directional outward),RU,Russia,Europe,CHF Millions,28398.4
2019,Swiss FDI abroad (Outward),Capital stocks,Not applicable (Directional outward),SA,Saudi Arabia,Asia,CHF Millions,2176.2
2019,Swiss FDI abroad (Outward),Capital stocks,Not applicable (Directional outward),RS,Serbia,Europe,CHF Millions,657.9
2019,Swiss FDI abroad (Outward),Capital stocks,Not applicable (Directional outward),SG,Singapore,Asia,CHF Millions,35772.4
2019,Swiss FDI abroad (Outward),Capital stocks,Not applicable (Directional outward),SK,Slovakia,Europe,CHF Millions,959.4
2019,Swiss FDI abroad (Outward),Capital stocks,Not applicable (Directional outward),ZA,South Africa,Africa,CHF Millions,2108.2
2019,Swiss FDI abroad (Outward),Capital stocks,Not applicable (Directional outward),ES,Spain,Europe,CHF Millions,19631.2
2019,Swiss FDI abroad (Outward),Capital stocks,Not applicable (Directional outward),LK,Sri Lanka,Asia,CHF Millions,41.5
2019,Swiss FDI abroad (Outward),Capital stocks,Not applicable (Directional outward),SE,Sweden,Europe,CHF Millions,12029.5
2019,Swiss FDI abroad (Outward),Capital stocks,Not applicable (Directional outward),TW,Taiwan,Asia,CHF Millions,1932.1
2019,Swiss FDI abroad (Outward),Capital stocks,Not applicable (Directional outward),TZ,Tanzania,Africa,CHF Millions,176.2
2019,Swiss FDI abroad (Outward),Capital stocks,Not applicable (Directional outward),TH,Thailand,Asia,CHF Millions,3206.2
2019,Swiss FDI abroad (Outward),Capital stocks,Not applicable (Directional outward),T0,Total,All / Total,CHF Millions,1467373.6
2019,Swiss FDI abroad (Outward),Capital stocks,Not applicable (Directional outward),T1,Total,Europe,CHF Millions,833955.5
2019,Swiss FDI abroad (Outward),Capital stocks,Not applicable (Directional outward),T2,Total,North America,CHF Millions,323420.0
2019,Swiss FDI abroad (Outward),Capital stocks,Not applicable (Directional outward),T3,Total,Central and South America,CHF Millions,160943.9
2019,Swiss FDI abroad (Outward),Capital stocks,Not applicable (Directional outward),T4,Total,Asia,CHF Millions,130919.8
2019,Swiss FDI abroad (Outward),Capital stocks,Not applicable (Directional outward),T5,Total,Africa,CHF Millions,11425.0
2019,Swiss FDI abroad (Outward),Capital stocks,Not applicable (Directional outward),T6,Total,Oceania,CHF Millions,6709.5
2019,Swiss FDI abroad (Outward),Capital stocks,Not applicable (Directional outward),TN,Tunisia,Africa,CHF Millions,45.5
2019,Swiss FDI abroad (Outward),Capital stocks,Not applicable (Directional outward),TR,Turkey,Europe,CHF Millions,2273.4
2019,Swiss FDI abroad (Outward),Capital stocks,Not applicable (Directional outward),UA,Ukraine,Europe,CHF Millions,2919.8
2019,Swiss FDI abroad (Outward),Capital stocks,Not applicable (Directional outward),AE,United Arab Emirates,Asia,CHF Millions,10400.9
2019,Swiss FDI abroad (Outward),Capital stocks,Not applicable (Directional outward),GB,United Kingdom,Europe,CHF Millions,87504.2
2019,Swiss FDI abroad (Outward),Capital stocks,Not applicable (Directional outward),US,United States,North America,CHF Millions,286059.4
2019,Swiss FDI abroad (Outward),Capital stocks,Not applicable (Directional outward),UY,Uruguay,Central and South America,CHF Millions,2476.7
2019,Swiss FDI abroad (Outward),Capital stocks,Not applicable (Directional outward),VE,Venezuela,Central and South America,CHF Millions,2049.7
2019,Swiss FDI abroad (Outward),Capital stocks,Not applicable (Directional outward),VN,Viet Nam,Asia,CHF Millions,1051.1
2019,Swiss FDI abroad (Outward),Capital transactions (flows),Not applicable (Directional outward),AR,Argentina,Central and South America,CHF Millions,226.9
2019,Swiss FDI abroad (Outward),Capital transactions (flows),Not applicable (Directional outward),AU,Australia,Oceania,CHF Millions,-750.5
2019,Swiss FDI abroad (Outward),Capital transactions (flows),Not applicable (Directional outward),AT,Austria,Europe,CHF Millions,1756.4
2019,Swiss FDI abroad (Outward),Capital transactions (flows),Not applicable (Directional outward),BD,Bangladesh,Asia,CHF Millions,-18.3
2019,Swiss FDI abroad (Outward),Capital transactions (flows),Not applicable (Directional outward),BE,Belgium,Europe,CHF Millions,4893.1
2019,Swiss FDI abroad (Outward),Capital transactions (flows),Not applicable (Directional outward),BO,Bolivia,Central and South America,CHF Millions,0.8
2019,Swiss FDI abroad (Outward),Capital transactions (flows),Not applicable (Directional outward),BA,Bosnia and Herzegovina,Europe,CHF Millions,-10.3
2019,Swiss FDI abroad (Outward),Capital transactions (flows),Not applicable (Directional outward),BR,Brazil,Central and South America,CHF Millions,1005.4
2019,Swiss FDI abroad (Outward),Capital transactions (flows),Not applicable (Directional outward),BG,Bulgaria,Europe,CHF Millions,36.5
2019,Swiss FDI abroad (Outward),Capital transactions (flows),Not applicable (Directional outward),CM,Cameroon,Africa,CHF Millions,20.6
2019,Swiss FDI abroad (Outward),Capital transactions (flows),Not applicable (Directional outward),CA,Canada,North America,CHF Millions,8371.1
2019,Swiss FDI abroad (Outward),Capital transactions (flows),Not applicable (Directional outward),CL,Chile,Central and South America,CHF Millions,314.7
2019,Swiss FDI abroad (Outward),Capital transactions (flows),Not applicable (Directional outward),CN,China,Asia,CHF Millions,1450.7
2019,Swiss FDI abroad (Outward),Capital transactions (flows),Not applicable (Directional outward),CO,Colombia,Central and South America,CHF Millions,628.3
2019,Swiss FDI abroad (Outward),Capital transactions (flows),Not applicable (Directional outward),CR,Costa Rica,Central and South America,CHF Millions,284.5
2019,Swiss FDI abroad (Outward),Capital transactions (flows),Not applicable (Directional outward),HR,Croatia,Europe,CHF Millions,87.7
2019,Swiss FDI abroad (Outward),Capital transactions (flows),Not applicable (Directional outward),CY,Cyprus,Europe,CHF Millions,-5.7
2019,Swiss FDI abroad (Outward),Capital transactions (flows),Not applicable (Directional outward),CZ,Czechia,Europe,CHF Millions,-323.4
2019,Swiss FDI abroad (Outward),Capital transactions (flows),Not applicable (Directional outward),CI,Côte d’Ivoire,Africa,CHF Millions,-47.7
2019,Swiss FDI abroad (Outward),Capital transactions (flows),Not applicable (Directional outward),DK,Denmark,Europe,CHF Millions,-109.8
2019,Swiss FDI abroad (Outward),Capital transactions (flows),Not applicable (Directional outward),B3,EU,Europe,CHF Millions,-53636.0
2019,Swiss FDI abroad (Outward),Capital transactions (flows),Not applicable (Directional outward),EC,Ecuador,Central and South America,CHF Millions,0.4
2019,Swiss FDI abroad (Outward),Capital transactions (flows),Not applicable (Directional outward),EG,Egypt,Africa,CHF Millions,86.2
2019,Swiss FDI abroad (Outward),Capital transactions (flows),Not applicable (Directional outward),EE,Estonia,Europe,CHF Millions,44.0
2019,Swiss FDI abroad (Outward),Capital transactions (flows),Not applicable (Directional outward),FI,Finland,Europe,CHF Millions,153.9
2019,Swiss FDI abroad (Outward),Capital transactions (flows),Not applicable (Directional outward),FR,France,Europe,CHF Millions,3595.0
2019,Swiss FDI abroad (Outward),Capital transactions (flows),Not applicable (Directional outward),DE,Germany,Europe,CHF Millions,7059.1
2019,Swiss FDI abroad (Outward),Capital transactions (flows),Not applicable (Directional outward),GR,Greece,Europe,CHF Millions,-53.0
2019,Swiss FDI abroad (Outward),Capital transactions (flows),Not applicable (Directional outward),GT,Guatemala,Central and South America,CHF Millions,75.7
2019,Swiss FDI abroad (Outward),Capital transactions (flows),Not applicable (Directional outward),HK,Hong Kong,Asia,CHF Millions,399.9
2019,Swiss FDI abroad (Outward),Capital transactions (flows),Not applicable (Directional outward),HU,Hungary,Europe,CHF Millions,19832.2
2019,Swiss FDI abroad (Outward),Capital transactions (flows),Not applicable (Directional outward),IN,India,Asia,CHF Millions,248.0
2019,Swiss FDI abroad (Outward),Capital transactions (flows),Not applicable (Directional outward),ID,Indonesia,Asia,CHF Millions,540.0
2019,Swiss FDI abroad (Outward),Capital transactions (flows),Not applicable (Directional outward),IE,Ireland,Europe,CHF Millions,-37570.6
2019,Swiss FDI abroad (Outward),Capital transactions (flows),Not applicable (Directional outward),IL,Israel,Asia,CHF Millions,-374.5
2019,Swiss FDI abroad (Outward),Capital transactions (flows),Not applicable (Directional outward),IT,Italy,Europe,CHF Millions,2077.0
2019,Swiss FDI abroad (Outward),Capital transactions (flows),Not applicable (Directional outward),JP,Japan,Asia,CHF Millions,916.9
2019,Swiss FDI abroad (Outward),Capital transactions (flows),Not applicable (Directional outward),JO,Jordan,Asia,CHF Millions,14.6
2019,Swiss FDI abroad (Outward),Capital transactions (flows),Not applicable (Directional outward),KE,Kenya,Africa,CHF Millions,96.6
2019,Swiss FDI abroad (Outward),Capital transactions (flows),Not applicable (Directional outward),KR,"Korea, Republic of (South Korea)",Asia,CHF Millions,69.9
2019,Swiss FDI abroad (Outward),Capital transactions (flows),Not applicable (Directional outward),LV,Latvia,Europe,CHF Millions,45.1
2019,Swiss FDI abroad (Outward),Capital transactions (flows),Not applicable (Directional outward),LB,Lebanon,Asia,CHF Millions,-30.0
2019,Swiss FDI abroad (Outward),Capital transactions (flows),Not applicable (Directional outward),LT,Lithuania,Europe,CHF Millions,180.3
2019,Swiss FDI abroad (Outward),Capital transactions (flows),Not applicable (Directional outward),LU,Luxembourg,Europe,CHF Millions,-55357.0
2019,Swiss FDI abroad (Outward),Capital transactions (flows),Not applicable (Directional outward),MY,Malaysia,Asia,CHF Millions,833.3
2019,Swiss FDI abroad (Outward),Capital transactions (flows),Not applicable (Directional outward),MU,Mauritius,Africa,CHF Millions,-43.6
2019,Swiss FDI abroad (Outward),Capital transactions (flows),Not applicable (Directional outward),PMA,Memorandum item: All countries including real estate activities,All / Total,CHF Millions,-55349.5
2019,Swiss FDI abroad (Outward),Capital transactions (flows),Not applicable (Directional outward),PMG,Memorandum item: Real estate activities,All / Total,CHF Millions,1366.7
2019,Swiss FDI abroad (Outward),Capital transactions (flows),Not applicable (Directional outward),MX,Mexico,Central and South America,CHF Millions,745.4
2019,Swiss FDI abroad (Outward),Capital transactions (flows),Not applicable (Directional outward),MA,Morocco,Africa,CHF Millions,-14.3
2019,Swiss FDI abroad (Outward),Capital transactions (flows),Not applicable (Directional outward),NL,Netherlands,Europe,CHF Millions,-10463.8
2019,Swiss FDI abroad (Outward),Capital transactions (flows),Not applicable (Directional outward),NZ,New Zealand,Oceania,CHF Millions,116.9
2019,Swiss FDI abroad (Outward),Capital transactions (flows),Not applicable (Directional outward),NG,Nigeria,Africa,CHF Millions,35.9
2019,Swiss FDI abroad (Outward),Capital transactions (flows),Not applicable (Directional outward),NO,Norway,Europe,CHF Millions,-3525.6
2019,Swiss FDI abroad (Outward),Capital transactions (flows),Not applicable (Directional outward),S21,Offshore financial centres in Europe,Europe,CHF Millions,1221.4
2019,Swiss FDI abroad (Outward),Capital transactions (flows),Not applicable (Directional outward),G9,Other European countries,Europe,CHF Millions,2540.3
2019,Swiss FDI abroad (Outward),Capital transactions (flows),Not applicable (Directional outward),PK,Pakistan,Asia,CHF Millions,104.4
2019,Swiss FDI abroad (Outward),Capital transactions (flows),Not applicable (Directional outward),PA,Panama,Central and South America,CHF Millions,137.0
2019,Swiss FDI abroad (Outward),Capital transactions (flows),Not applicable (Directional outward),PE,Peru,Central and South America,CHF Millions,-3049.7
2019,Swiss FDI abroad (Outward),Capital transactions (flows),Not applicable (Directional outward),PH,Philippines,Asia,CHF Millions,208.6
2019,Swiss FDI abroad (Outward),Capital transactions (flows),Not applicable (Directional outward),PL,Poland,Europe,CHF Millions,522.4
2019,Swiss FDI abroad (Outward),Capital transactions (flows),Not applicable (Directional outward),PT,Portugal,Europe,CHF Millions,-43.7
2019,Swiss FDI abroad (Outward),Capital transactions (flows),Not applicable (Directional outward),QA,Qatar,Asia,CHF Millions,-35.5
2019,Swiss FDI abroad (Outward),Capital transactions (flows),Not applicable (Directional outward),RO,Romania,Europe,CHF Millions,439.2
2019,Swiss FDI abroad (Outward),Capital transactions (flows),Not applicable (Directional outward),RU,Russia,Europe,CHF Millions,3907.1
2019,Swiss FDI abroad (Outward),Capital transactions (flows),Not applicable (Directional outward),SA,Saudi Arabia,Asia,CHF Millions,924.8
2019,Swiss FDI abroad (Outward),Capital transactions (flows),Not applicable (Directional outward),RS,Serbia,Europe,CHF Millions,197.9
2019,Swiss FDI abroad (Outward),Capital transactions (flows),Not applicable (Directional outward),SG,Singapore,Asia,CHF Millions,-4562.5
2019,Swiss FDI abroad (Outward),Capital transactions (flows),Not applicable (Directional outward),SK,Slovakia,Europe,CHF Millions,17.2
2019,Swiss FDI abroad (Outward),Capital transactions (flows),Not applicable (Directional outward),ZA,South Africa,Africa,CHF Millions,-307.3
2019,Swiss FDI abroad (Outward),Capital transactions (flows),Not applicable (Directional outward),ES,Spain,Europe,CHF Millions,1523.1
2019,Swiss FDI abroad (Outward),Capital transactions (flows),Not applicable (Directional outward),LK,Sri Lanka,Asia,CHF Millions,1.4
2019,Swiss FDI abroad (Outward),Capital transactions (flows),Not applicable (Directional outward),SE,Sweden,Europe,CHF Millions,1895.5
2019,Swiss FDI abroad (Outward),Capital transactions (flows),Not applicable (Directional outward),TW,Taiwan,Asia,CHF Millions,176.9
2019,Swiss FDI abroad (Outward),Capital transactions (flows),Not applicable (Directional outward),TZ,Tanzania,Africa,CHF Millions,4.6
2019,Swiss FDI abroad (Outward),Capital transactions (flows),Not applicable (Directional outward),TH,Thailand,Asia,CHF Millions,259.3
2019,Swiss FDI abroad (Outward),Capital transactions (flows),Not applicable (Directional outward),T0,Total,All / Total,CHF Millions,-56716.2
2019,Swiss FDI abroad (Outward),Capital transactions (flows),Not applicable (Directional outward),T1,Total,Europe,CHF Millions,-51095.7
2019,Swiss FDI abroad (Outward),Capital transactions (flows),Not applicable (Directional outward),S22,Total,Europe,CHF Millions,269.5
2019,Swiss FDI abroad (Outward),Capital transactions (flows),Not applicable (Directional outward),T2,Total,North America,CHF Millions,7206.9
2019,Swiss FDI abroad (Outward),Capital transactions (flows),Not applicable (Directional outward),T3,Total,Central and South America,CHF Millions,-3871.3
2019,Swiss FDI abroad (Outward),Capital transactions (flows),Not applicable (Directional outward),S19,Total,Central and South America,CHF Millions,-4529.3
2019,Swiss FDI abroad (Outward),Capital transactions (flows),Not applicable (Directional outward),T4,Total,Asia,CHF Millions,-9046.7
2019,Swiss FDI abroad (Outward),Capital transactions (flows),Not applicable (Directional outward),T5,Total,Africa,CHF Millions,613.0
2019,Swiss FDI abroad (Outward),Capital transactions (flows),Not applicable (Directional outward),T6,Total,Oceania,CHF Millions,-522.3
2019,Swiss FDI abroad (Outward),Capital transactions (flows),Not applicable (Directional outward),TN,Tunisia,Africa,CHF Millions,27.6
2019,Swiss FDI abroad (Outward),Capital transactions (flows),Not applicable (Directional outward),TR,Turkey,Europe,CHF Millions,144.7
2019,Swiss FDI abroad (Outward),Capital transactions (flows),Not applicable (Directional outward),UA,Ukraine,Europe,CHF Millions,719.2
2019,Swiss FDI abroad (Outward),Capital transactions (flows),Not applicable (Directional outward),AE,United Arab Emirates,Asia,CHF Millions,-9307.7
2019,Swiss FDI abroad (Outward),Capital transactions (flows),Not applicable (Directional outward),GB,United Kingdom,Europe,CHF Millions,5912.1
2019,Swiss FDI abroad (Outward),Capital transactions (flows),Not applicable (Directional outward),US,United States,North America,CHF Millions,-1164.3
2019,Swiss FDI abroad (Outward),Capital transactions (flows),Not applicable (Directional outward),UY,Uruguay,Central and South America,CHF Millions,47.8
2019,Swiss FDI abroad (Outward),Capital transactions (flows),Not applicable (Directional outward),VE,Venezuela,Central and South America,CHF Millions,179.1
2019,Swiss FDI abroad (Outward),Capital transactions (flows),Not applicable (Directional outward),VN,Viet Nam,Asia,CHF Millions,82.0
2019,Swiss FDI abroad (Outward),Investment income,Not applicable (Directional outward),AR,Argentina,Central and South America,CHF Millions,-76.3
2019,Swiss FDI abroad (Outward),Investment income,Not applicable (Directional outward),AU,Australia,Oceania,CHF Millions,1309.5
2019,Swiss FDI abroad (Outward),Investment income,Not applicable (Directional outward),AT,Austria,Europe,CHF Millions,2056.5
2019,Swiss FDI abroad (Outward),Investment income,Not applicable (Directional outward),BD,Bangladesh,Asia,CHF Millions,21.1
2019,Swiss FDI abroad (Outward),Investment income,Not applicable (Directional outward),BE,Belgium,Europe,CHF Millions,755.5
2019,Swiss FDI abroad (Outward),Investment income,Not applicable (Directional outward),BO,Bolivia,Central and South America,CHF Millions,0.7
2019,Swiss FDI abroad (Outward),Investment income,Not applicable (Directional outward),BA,Bosnia and Herzegovina,Europe,CHF Millions,-15.1
2019,Swiss FDI abroad (Outward),Investment income,Not applicable (Directional outward),BR,Brazil,Central and South America,CHF Millions,720.8
2019,Swiss FDI abroad (Outward),Investment income,Not applicable (Directional outward),BG,Bulgaria,Europe,CHF Millions,69.5
2019,Swiss FDI abroad (Outward),Investment income,Not applicable (Directional outward),CM,Cameroon,Africa,CHF Millions,30.7
2019,Swiss FDI abroad (Outward),Investment income,Not applicable (Directional outward),CA,Canada,North America,CHF Millions,-1566.6
2019,Swiss FDI abroad (Outward),Investment income,Not applicable (Directional outward),CL,Chile,Central and South America,CHF Millions,147.4
2019,Swiss FDI abroad (Outward),Investment income,Not applicable (Directional outward),CN,China,Asia,CHF Millions,2567.9
2019,Swiss FDI abroad (Outward),Investment income,Not applicable (Directional outward),CO,Colombia,Central and South America,CHF Millions,75.2
2019,Swiss FDI abroad (Outward),Investment income,Not applicable (Directional outward),CR,Costa Rica,Central and South America,CHF Millions,156.1
2019,Swiss FDI abroad (Outward),Investment income,Not applicable (Directional outward),HR,Croatia,Europe,CHF Millions,64.1
2019,Swiss FDI abroad (Outward),Investment income,Not applicable (Directional outward),CY,Cyprus,Europe,CHF Millions,382.2
2019,Swiss FDI abroad (Outward),Investment income,Not applicable (Directional outward),CZ,Czechia,Europe,CHF Millions,116.8
2019,Swiss FDI abroad (Outward),Investment income,Not applicable (Directional outward),CI,Côte d’Ivoire,Africa,CHF Millions,3.7
2019,Swiss FDI abroad (Outward),Investment income,Not applicable (Directional outward),DK,Denmark,Europe,CHF Millions,146.5
2019,Swiss FDI abroad (Outward),Investment income,Not applicable (Directional outward),B3,EU,Europe,CHF Millions,41274.4
2019,Swiss FDI abroad (Outward),Investment income,Not applicable (Directional outward),EC,Ecuador,Central and South America,CHF Millions,25.8
2019,Swiss FDI abroad (Outward),Investment income,Not applicable (Directional outward),EG,Egypt,Africa,CHF Millions,136.7
2019,Swiss FDI abroad (Outward),Investment income,Not applicable (Directional outward),EE,Estonia,Europe,CHF Millions,17.5
2019,Swiss FDI abroad (Outward),Investment income,Not applicable (Directional outward),FI,Finland,Europe,CHF Millions,183.1
2019,Swiss FDI abroad (Outward),Investment income,Not applicable (Directional outward),FR,France,Europe,CHF Millions,4072.4
2019,Swiss FDI abroad (Outward),Investment income,Not applicable (Directional outward),DE,Germany,Europe,CHF Millions,5917.3
2019,Swiss FDI abroad (Outward),Investment income,Not applicable (Directional outward),GR,Greece,Europe,CHF Millions,126.0
2019,Swiss FDI abroad (Outward),Investment income,Not applicable (Directional outward),GT,Guatemala,Central and South America,CHF Millions,27.7
2019,Swiss FDI abroad (Outward),Investment income,Not applicable (Directional outward),HK,Hong Kong,Asia,CHF Millions,2203.2
2019,Swiss FDI abroad (Outward),Investment income,Not applicable (Directional outward),HU,Hungary,Europe,CHF Millions,-350.2
2019,Swiss FDI abroad (Outward),Investment income,Not applicable (Directional outward),IN,India,Asia,CHF Millions,643.4
2019,Swiss FDI abroad (Outward),Investment income,Not applicable (Directional outward),ID,Indonesia,Asia,CHF Millions,221.4
2019,Swiss FDI abroad (Outward),Investment income,Not applicable (Directional outward),IE,Ireland,Europe,CHF Millions,1052.3
2019,Swiss FDI abroad (Outward),Investment income,Not applicable (Directional outward),IL,Israel,Asia,CHF Millions,153.5
2019,Swiss FDI abroad (Outward),Investment income,Not applicable (Directional outward),IT,Italy,Europe,CHF Millions,1926.7
2019,Swiss FDI abroad (Outward),Investment income,Not applicable (Directional outward),JP,Japan,Asia,CHF Millions,2462.1
2019,Swiss FDI abroad (Outward),Investment income,Not applicable (Directional outward),JO,Jordan,Asia,CHF Millions,38.1
2019,Swiss FDI abroad (Outward),Investment income,Not applicable (Directional outward),KE,Kenya,Africa,CHF Millions,3.8
2019,Swiss FDI abroad (Outward),Investment income,Not applicable (Directional outward),KR,"Korea, Republic of (South Korea)",Asia,CHF Millions,345.0
2019,Swiss FDI abroad (Outward),Investment income,Not applicable (Directional outward),LV,Latvia,Europe,CHF Millions,15.2
2019,Swiss FDI abroad (Outward),Investment income,Not applicable (Directional outward),LB,Lebanon,Asia,CHF Millions,4.6
2019,Swiss FDI abroad (Outward),Investment income,Not applicable (Directional outward),LT,Lithuania,Europe,CHF Millions,45.7
2019,Swiss FDI abroad (Outward),Investment income,Not applicable (Directional outward),LU,Luxembourg,Europe,CHF Millions,3931.3
2019,Swiss FDI abroad (Outward),Investment income,Not applicable (Directional outward),MY,Malaysia,Asia,CHF Millions,1235.3
2019,Swiss FDI abroad (Outward),Investment income,Not applicable (Directional outward),MU,Mauritius,Africa,CHF Millions,13.9
2019,Swiss FDI abroad (Outward),Investment income,Not applicable (Directional outward),MX,Mexico,Central and South America,CHF Millions,543.2
2019,Swiss FDI abroad (Outward),Investment income,Not applicable (Directional outward),MA,Morocco,Africa,CHF Millions,-31.7
2019,Swiss FDI abroad (Outward),Investment income,Not applicable (Directional outward),NL,Netherlands,Europe,CHF Millions,13963.6
2019,Swiss FDI abroad (Outward),Investment income,Not applicable (Directional outward),NZ,New Zealand,Oceania,CHF Millions,88.5
2019,Swiss FDI abroad (Outward),Investment income,Not applicable (Directional outward),NG,Nigeria,Africa,CHF Millions,87.5
2019,Swiss FDI abroad (Outward),Investment income,Not applicable (Directional outward),NO,Norway,Europe,CHF Millions,-879.6
2019,Swiss FDI abroad (Outward),Investment income,Not applicable (Directional outward),S21,Offshore financial centres in Europe,Europe,CHF Millions,998.1
2019,Swiss FDI abroad (Outward),Investment income,Not applicable (Directional outward),G9,Other European countries,Europe,CHF Millions,3640.7
2019,Swiss FDI abroad (Outward),Investment income,Not applicable (Directional outward),PK,Pakistan,Asia,CHF Millions,132.3
2019,Swiss FDI abroad (Outward),Investment income,Not applicable (Directional outward),PA,Panama,Central and South America,CHF Millions,365.9
2019,Swiss FDI abroad (Outward),Investment income,Not applicable (Directional outward),PE,Peru,Central and South America,CHF Millions,-109.2
2019,Swiss FDI abroad (Outward),Investment income,Not applicable (Directional outward),PH,Philippines,Asia,CHF Millions,460.8
2019,Swiss FDI abroad (Outward),Investment income,Not applicable (Directional outward),PL,Poland,Europe,CHF Millions,542.6
2019,Swiss FDI abroad (Outward),Investment income,Not applicable (Directional outward),PT,Portugal,Europe,CHF Millions,104.3
2019,Swiss FDI abroad (Outward),Investment income,Not applicable (Directional outward),QA,Qatar,Asia,CHF Millions,-22.6
2019,Swiss FDI abroad (Outward),Investment income,Not applicable (Directional outward),RO,Romania,Europe,CHF Millions,70.5
2019,Swiss FDI abroad (Outward),Investment income,Not applicable (Directional outward),RU,Russia,Europe,CHF Millions,2809.5
2019,Swiss FDI abroad (Outward),Investment income,Not applicable (Directional outward),SA,Saudi Arabia,Asia,CHF Millions,26.0
2019,Swiss FDI abroad (Outward),Investment income,Not applicable (Directional outward),RS,Serbia,Europe,CHF Millions,124.3
2019,Swiss FDI abroad (Outward),Investment income,Not applicable (Directional outward),SG,Singapore,Asia,CHF Millions,12791.4
2019,Swiss FDI abroad (Outward),Investment income,Not applicable (Directional outward),SK,Slovakia,Europe,CHF Millions,63.5
2019,Swiss FDI abroad (Outward),Investment income,Not applicable (Directional outward),ZA,South Africa,Africa,CHF Millions,-12.3
2019,Swiss FDI abroad (Outward),Investment income,Not applicable (Directional outward),ES,Spain,Europe,CHF Millions,1973.9
2019,Swiss FDI abroad (Outward),Investment income,Not applicable (Directional outward),LK,Sri Lanka,Asia,CHF Millions,8.4
2019,Swiss FDI abroad (Outward),Investment income,Not applicable (Directional outward),SE,Sweden,Europe,CHF Millions,1606.6
2019,Swiss FDI abroad (Outward),Investment income,Not applicable (Directional outward),TW,Taiwan,Asia,CHF Millions,400.7
2019,Swiss FDI abroad (Outward),Investment income,Not applicable (Directional outward),TZ,Tanzania,Africa,CHF Millions,10.8
2019,Swiss FDI abroad (Outward),Investment income,Not applicable (Directional outward),TH,Thailand,Asia,CHF Millions,515.7
2019,Swiss FDI abroad (Outward),Investment income,Not applicable (Directional outward),T0,Total,All / Total,CHF Millions,97587.3
2019,Swiss FDI abroad (Outward),Investment income,Not applicable (Directional outward),T1,Total,Europe,CHF Millions,44915.1
2019,Swiss FDI abroad (Outward),Investment income,Not applicable (Directional outward),S22,Total,Europe,CHF Millions,78.4
2019,Swiss FDI abroad (Outward),Investment income,Not applicable (Directional outward),T2,Total,North America,CHF Millions,22372.6
2019,Swiss FDI abroad (Outward),Investment income,Not applicable (Directional outward),T3,Total,Central and South America,CHF Millions,6618.4
2019,Swiss FDI abroad (Outward),Investment income,Not applicable (Directional outward),S19,Total,Central and South America,CHF Millions,4985.9
2019,Swiss FDI abroad (Outward),Investment income,Not applicable (Directional outward),T4,Total,Asia,CHF Millions,21826.6
2019,Swiss FDI abroad (Outward),Investment income,Not applicable (Directional outward),T5,Total,Africa,CHF Millions,439.5
2019,Swiss FDI abroad (Outward),Investment income,Not applicable (Directional outward),T6,Total,Oceania,CHF Millions,1415.2
2019,Swiss FDI abroad (Outward),Investment income,Not applicable (Directional outward),TN,Tunisia,Africa,CHF Millions,19.5
2019,Swiss FDI abroad (Outward),Investment income,Not applicable (Directional outward),TR,Turkey,Europe,CHF Millions,193.5
2019,Swiss FDI abroad (Outward),Investment income,Not applicable (Directional outward),UA,Ukraine,Europe,CHF Millions,465.7
2019,Swiss FDI abroad (Outward),Investment income,Not applicable (Directional outward),AE,United Arab Emirates,Asia,CHF Millions,-2925.4
2019,Swiss FDI abroad (Outward),Investment income,Not applicable (Directional outward),GB,United Kingdom,Europe,CHF Millions,2202.6
2019,Swiss FDI abroad (Outward),Investment income,Not applicable (Directional outward),US,United States,North America,CHF Millions,23939.1
2019,Swiss FDI abroad (Outward),Investment income,Not applicable (Directional outward),UY,Uruguay,Central and South America,CHF Millions,210.7
2019,Swiss FDI abroad (Outward),Investment income,Not applicable (Directional outward),VE,Venezuela,Central and South America,CHF Millions,-264.7
2019,Swiss FDI abroad (Outward),Investment income,Not applicable (Directional outward),VN,Viet Nam,Asia,CHF Millions,197.2
2020,FDI in Switzerland (Inward),Capital stocks,Capital stocks by immediate investor,AU,Australia,All / Total,CHF Millions,
2020,FDI in Switzerland (Inward),Capital stocks,Capital stocks by immediate investor,AT,Austria,Europe,CHF Millions,15764.5
2020,FDI in Switzerland (Inward),Capital stocks,Capital stocks by immediate investor,BE,Belgium,Europe,CHF Millions,19595.3
2020,FDI in Switzerland (Inward),Capital stocks,Capital stocks by immediate investor,CA,Canada,North America,CHF Millions,-104.2
2020,FDI in Switzerland (Inward),Capital stocks,Capital stocks by immediate investor,CN,China,All / Total,CHF Millions,
2020,FDI in Switzerland (Inward),Capital stocks,Capital stocks by immediate investor,CY,Cyprus,Europe,CHF Millions,13510.5
2020,FDI in Switzerland (Inward),Capital stocks,Capital stocks by immediate investor,DK,Denmark,Europe,CHF Millions,2252.8
2020,FDI in Switzerland (Inward),Capital stocks,Capital stocks by immediate investor,B3,EU,Europe,CHF Millions,909817.2
2020,FDI in Switzerland (Inward),Capital stocks,Capital stocks by immediate investor,FR,France,Europe,CHF Millions,47195.8
2020,FDI in Switzerland (Inward),Capital stocks,Capital stocks by immediate investor,DE,Germany,Europe,CHF Millions,14185.5
2020,FDI in Switzerland (Inward),Capital stocks,Capital stocks by immediate investor,HU,Hungary,Europe,CHF Millions,29059.3
2020,FDI in Switzerland (Inward),Capital stocks,Capital stocks by immediate investor,IN,India,All / Total,CHF Millions,
2020,FDI in Switzerland (Inward),Capital stocks,Capital stocks by immediate investor,IE,Ireland,Europe,CHF Millions,106880.1
2020,FDI in Switzerland (Inward),Capital stocks,Capital stocks by immediate investor,IL,Israel,All / Total,CHF Millions,635.0
2020,FDI in Switzerland (Inward),Capital stocks,Capital stocks by immediate investor,IT,Italy,Europe,CHF Millions,2798.9
2020,FDI in Switzerland (Inward),Capital stocks,Capital stocks by immediate investor,JP,Japan,All / Total,CHF Millions,30647.0
2020,FDI in Switzerland (Inward),Capital stocks,Capital stocks by immediate investor,LU,Luxembourg,Europe,CHF Millions,281829.6
2020,FDI in Switzerland (Inward),Capital stocks,Capital stocks by immediate investor,PMA,Memorandum item: All countries including real estate activities,All / Total,CHF Millions,1277869.0
2020,FDI in Switzerland (Inward),Capital stocks,Capital stocks by immediate investor,PMG,Memorandum item: Real estate activities,All / Total,CHF Millions,38344.3
2020,FDI in Switzerland (Inward),Capital stocks,Capital stocks by immediate investor,MX,Mexico,Central and South America,CHF Millions,
2020,FDI in Switzerland (Inward),Capital stocks,Capital stocks by immediate investor,NL,Netherlands,Europe,CHF Millions,354323.7
2020,FDI in Switzerland (Inward),Capital stocks,Capital stocks by immediate investor,S19,Offshore financial centres,Central and South America,CHF Millions,34895.0
2020,FDI in Switzerland (Inward),Capital stocks,Capital stocks by immediate investor,SNBBS21,Offshore financial centres in Europe,Europe,CHF Millions,
2020,FDI in Switzerland (Inward),Capital stocks,Capital stocks by immediate investor,G9,Other European countries,Europe,CHF Millions,96959.2
2020,FDI in Switzerland (Inward),Capital stocks,Capital stocks by immediate investor,RU,Russia,Europe,CHF Millions,
2020,FDI in Switzerland (Inward),Capital stocks,Capital stocks by immediate investor,ES,Spain,Europe,CHF Millions,1742.0
2020,FDI in Switzerland (Inward),Capital stocks,Capital stocks by immediate investor,SE,Sweden,Europe,CHF Millions,12754.9
2020,FDI in Switzerland (Inward),Capital stocks,Capital stocks by immediate investor,T0,Total,All / Total,CHF Millions,1239524.8
2020,FDI in Switzerland (Inward),Capital stocks,Capital stocks by immediate investor,T1,Total,Europe,CHF Millions,1006776.4
2020,FDI in Switzerland (Inward),Capital stocks,Capital stocks by immediate investor,T2,Total,North America,CHF Millions,139137.6
2020,FDI in Switzerland (Inward),Capital stocks,Capital stocks by immediate investor,T3,Total,Central and South America,CHF Millions,31007.5
2020,FDI in Switzerland (Inward),Capital stocks,Capital stocks by immediate investor,T4,Total,All / Total,CHF Millions,62603.6
2020,FDI in Switzerland (Inward),Capital stocks,Capital stocks by immediate investor,AE,United Arab Emirates,All / Total,CHF Millions,
2020,FDI in Switzerland (Inward),Capital stocks,Capital stocks by immediate investor,GB,United Kingdom,Europe,CHF Millions,59991.6
2020,FDI in Switzerland (Inward),Capital stocks,Capital stocks by immediate investor,US,United States,North America,CHF Millions,139241.8
2020,FDI in Switzerland (Inward),Capital stocks,Capital stocks by ultimate beneficial owner,AU,Australia,All / Total,CHF Millions,3318.7
2020,FDI in Switzerland (Inward),Capital stocks,Capital stocks by ultimate beneficial owner,AT,Austria,Europe,CHF Millions,13035.0
2020,FDI in Switzerland (Inward),Capital stocks,Capital stocks by ultimate beneficial owner,BE,Belgium,Europe,CHF Millions,20064.8
2020,FDI in Switzerland (Inward),Capital stocks,Capital stocks by ultimate beneficial owner,CA,Canada,North America,CHF Millions,27609.0
2020,FDI in Switzerland (Inward),Capital stocks,Capital stocks by ultimate beneficial owner,CN,China,All / Total,CHF Millions,15931.9
2020,FDI in Switzerland (Inward),Capital stocks,Capital stocks by ultimate beneficial owner,CY,Cyprus,Europe,CHF Millions,
2020,FDI in Switzerland (Inward),Capital stocks,Capital stocks by ultimate beneficial owner,DK,Denmark,Europe,CHF Millions,1726.3
2020,FDI in Switzerland (Inward),Capital stocks,Capital stocks by ultimate beneficial owner,B3,EU,Europe,CHF Millions,321829.3
2020,FDI in Switzerland (Inward),Capital stocks,Capital stocks by ultimate beneficial owner,FR,France,Europe,CHF Millions,58403.2
2020,FDI in Switzerland (Inward),Capital stocks,Capital stocks by ultimate beneficial owner,DE,Germany,Europe,CHF Millions,39839.2
2020,FDI in Switzerland (Inward),Capital stocks,Capital stocks by ultimate beneficial owner,HU,Hungary,Europe,CHF Millions,
2020,FDI in Switzerland (Inward),Capital stocks,Capital stocks by ultimate beneficial owner,IN,India,All / Total,CHF Millions,1145.2
2020,FDI in Switzerland (Inward),Capital stocks,Capital stocks by ultimate beneficial owner,IE,Ireland,Europe,CHF Millions,105692.0
2020,FDI in Switzerland (Inward),Capital stocks,Capital stocks by ultimate beneficial owner,IL,Israel,All / Total,CHF Millions,4321.5
2020,FDI in Switzerland (Inward),Capital stocks,Capital stocks by ultimate beneficial owner,IT,Italy,Europe,CHF Millions,4103.5
2020,FDI in Switzerland (Inward),Capital stocks,Capital stocks by ultimate beneficial owner,JP,Japan,All / Total,CHF Millions,41541.8
2020,FDI in Switzerland (Inward),Capital stocks,Capital stocks by ultimate beneficial owner,LU,Luxembourg,Europe,CHF Millions,10733.2
2020,FDI in Switzerland (Inward),Capital stocks,Capital stocks by ultimate beneficial owner,PMA,Memorandum item: All countries including real estate activities,All / Total,CHF Millions,1277869.0
2020,FDI in Switzerland (Inward),Capital stocks,Capital stocks by ultimate beneficial owner,PMG,Memorandum item: Real estate activities,All / Total,CHF Millions,38344.3
2020,FDI in Switzerland (Inward),Capital stocks,Capital stocks by ultimate beneficial owner,MX,Mexico,Central and South America,CHF Millions,7621.7
2020,FDI in Switzerland (Inward),Capital stocks,Capital stocks by ultimate beneficial owner,NL,Netherlands,Europe,CHF Millions,48279.6
2020,FDI in Switzerland (Inward),Capital stocks,Capital stocks by ultimate beneficial owner,S19,Offshore financial centres,Central and South America,CHF Millions,32952.8
2020,FDI in Switzerland (Inward),Capital stocks,Capital stocks by ultimate beneficial owner,SNBBS21,Offshore financial centres in Europe,Europe,CHF Millions,22695.0
2020,FDI in Switzerland (Inward),Capital stocks,Capital stocks by ultimate beneficial owner,G9,Other European countries,Europe,CHF Millions,137730.0
2020,FDI in Switzerland (Inward),Capital stocks,Capital stocks by ultimate beneficial owner,RU,Russia,Europe,CHF Millions,15125.8
2020,FDI in Switzerland (Inward),Capital stocks,Capital stocks by ultimate beneficial owner,ES,Spain,Europe,CHF Millions,-1373.3
2020,FDI in Switzerland (Inward),Capital stocks,Capital stocks by ultimate beneficial owner,SE,Sweden,Europe,CHF Millions,13163.1
2020,FDI in Switzerland (Inward),Capital stocks,Capital stocks by ultimate beneficial owner,T0,Total,All / Total,CHF Millions,1239524.8
2020,FDI in Switzerland (Inward),Capital stocks,Capital stocks by ultimate beneficial owner,T1,Total,Europe,CHF Millions,459559.3
2020,FDI in Switzerland (Inward),Capital stocks,Capital stocks by ultimate beneficial owner,T2,Total,North America,CHF Millions,622725.6
2020,FDI in Switzerland (Inward),Capital stocks,Capital stocks by ultimate beneficial owner,T3,Total,Central and South America,CHF Millions,60652.4
2020,FDI in Switzerland (Inward),Capital stocks,Capital stocks by ultimate beneficial owner,T4,Total,All / Total,CHF Millions,96587.7
2020,FDI in Switzerland (Inward),Capital stocks,Capital stocks by ultimate beneficial owner,AE,United Arab Emirates,All / Total,CHF Millions,1231.1
2020,FDI in Switzerland (Inward),Capital stocks,Capital stocks by ultimate beneficial owner,GB,United Kingdom,Europe,CHF Millions,43880.0
2020,FDI in Switzerland (Inward),Capital stocks,Capital stocks by ultimate beneficial owner,US,United States,North America,CHF Millions,595116.6
2020,FDI in Switzerland (Inward),Capital transactions (flows),Immediate investor,AT,Austria,Europe,CHF Millions,6820.3
2020,FDI in Switzerland (Inward),Capital transactions (flows),Immediate investor,BE,Belgium,Europe,CHF Millions,369.7
2020,FDI in Switzerland (Inward),Capital transactions (flows),Immediate investor,CA,Canada,North America,CHF Millions,-1277.4
2020,FDI in Switzerland (Inward),Capital transactions (flows),Immediate investor,CY,Cyprus,Europe,CHF Millions,-430.3
2020,FDI in Switzerland (Inward),Capital transactions (flows),Immediate investor,DK,Denmark,Europe,CHF Millions,-2335.6
2020,FDI in Switzerland (Inward),Capital transactions (flows),Immediate investor,B3,EU,Europe,CHF Millions,-152150.0
2020,FDI in Switzerland (Inward),Capital transactions (flows),Immediate investor,FR,France,Europe,CHF Millions,1076.0
2020,FDI in Switzerland (Inward),Capital transactions (flows),Immediate investor,DE,Germany,Europe,CHF Millions,567.6
2020,FDI in Switzerland (Inward),Capital transactions (flows),Immediate investor,HU,Hungary,Europe,CHF Millions,-12124.0
2020,FDI in Switzerland (Inward),Capital transactions (flows),Immediate investor,IE,Ireland,Europe,CHF Millions,10143.2
2020,FDI in Switzerland (Inward),Capital transactions (flows),Immediate investor,IL,Israel,All / Total,CHF Millions,-322.4
2020,FDI in Switzerland (Inward),Capital transactions (flows),Immediate investor,IT,Italy,Europe,CHF Millions,415.5
2020,FDI in Switzerland (Inward),Capital transactions (flows),Immediate investor,JP,Japan,All / Total,CHF Millions,9955.9
2020,FDI in Switzerland (Inward),Capital transactions (flows),Immediate investor,LU,Luxembourg,Europe,CHF Millions,-108365.9
2020,FDI in Switzerland (Inward),Capital transactions (flows),Immediate investor,PMA,Memorandum item: All countries including real estate activities,All / Total,CHF Millions,-147260.5
2020,FDI in Switzerland (Inward),Capital transactions (flows),Immediate investor,PMG,Memorandum item: Real estate activities,All / Total,CHF Millions,191.3
2020,FDI in Switzerland (Inward),Capital transactions (flows),Immediate investor,NL,Netherlands,Europe,CHF Millions,-51389.0
2020,FDI in Switzerland (Inward),Capital transactions (flows),Immediate investor,S19,Offshore financial centres,Central and South America,CHF Millions,-30890.8
2020,FDI in Switzerland (Inward),Capital transactions (flows),Immediate investor,G9,Other European countries,Europe,CHF Millions,-5521.8
2020,FDI in Switzerland (Inward),Capital transactions (flows),Immediate investor,ES,Spain,Europe,CHF Millions,718.1
2020,FDI in Switzerland (Inward),Capital transactions (flows),Immediate investor,SE,Sweden,Europe,CHF Millions,1579.6
2020,FDI in Switzerland (Inward),Capital transactions (flows),Immediate investor,T0,Total,All / Total,CHF Millions,-147451.8
2020,FDI in Switzerland (Inward),Capital transactions (flows),Immediate investor,T1,Total,Europe,CHF Millions,-157671.9
2020,FDI in Switzerland (Inward),Capital transactions (flows),Immediate investor,T2,Total,North America,CHF Millions,23687.3
2020,FDI in Switzerland (Inward),Capital transactions (flows),Immediate investor,T3,Total,Central and South America,CHF Millions,-27363.1
2020,FDI in Switzerland (Inward),Capital transactions (flows),Immediate investor,T4,Total,All / Total,CHF Millions,13896.2
2020,FDI in Switzerland (Inward),Capital transactions (flows),Immediate investor,GB,United Kingdom,Europe,CHF Millions,-3789.2
2020,FDI in Switzerland (Inward),Capital transactions (flows),Immediate investor,US,United States,North America,CHF Millions,24964.8
2020,FDI in Switzerland (Inward),Investment income,Investment income by immediate investor,AU,Australia,All / Total,CHF Millions,
2020,FDI in Switzerland (Inward),Investment income,Investment income by immediate investor,AT,Austria,Europe,CHF Millions,698.2
2020,FDI in Switzerland (Inward),Investment income,Investment income by immediate investor,BE,Belgium,Europe,CHF Millions,-227.0
2020,FDI in Switzerland (Inward),Investment income,Investment income by immediate investor,CA,Canada,North America,CHF Millions,-47.6
2020,FDI in Switzerland (Inward),Investment income,Investment income by immediate investor,CN,China,All / Total,CHF Millions,
2020,FDI in Switzerland (Inward),Investment income,Investment income by immediate investor,CY,Cyprus,Europe,CHF Millions,-13.6
2020,FDI in Switzerland (Inward),Investment income,Investment income by immediate investor,DK,Denmark,Europe,CHF Millions,2145.4
2020,FDI in Switzerland (Inward),Investment income,Investment income by immediate investor,B3,EU,Europe,CHF Millions,54606.6
2020,FDI in Switzerland (Inward),Investment income,Investment income by immediate investor,FR,France,Europe,CHF Millions,4808.4
2020,FDI in Switzerland (Inward),Investment income,Investment income by immediate investor,DE,Germany,Europe,CHF Millions,1336.0
2020,FDI in Switzerland (Inward),Investment income,Investment income by immediate investor,HU,Hungary,Europe,CHF Millions,286.8
2020,FDI in Switzerland (Inward),Investment income,Investment income by immediate investor,IN,India,All / Total,CHF Millions,
2020,FDI in Switzerland (Inward),Investment income,Investment income by immediate investor,IE,Ireland,Europe,CHF Millions,4955.4
2020,FDI in Switzerland (Inward),Investment income,Investment income by immediate investor,IL,Israel,All / Total,CHF Millions,-69.7
2020,FDI in Switzerland (Inward),Investment income,Investment income by immediate investor,IT,Italy,Europe,CHF Millions,91.7
2020,FDI in Switzerland (Inward),Investment income,Investment income by immediate investor,JP,Japan,All / Total,CHF Millions,-2302.6
2020,FDI in Switzerland (Inward),Investment income,Investment income by immediate investor,LU,Luxembourg,Europe,CHF Millions,11543.6
2020,FDI in Switzerland (Inward),Investment income,Investment income by immediate investor,MX,Mexico,Central and South America,CHF Millions,
2020,FDI in Switzerland (Inward),Investment income,Investment income by immediate investor,NL,Netherlands,Europe,CHF Millions,27920.6
2020,FDI in Switzerland (Inward),Investment income,Investment income by immediate investor,S19,Offshore financial centres,Central and South America,CHF Millions,1876.5
2020,FDI in Switzerland (Inward),Investment income,Investment income by immediate investor,SNBBS21,Offshore financial centres in Europe,Europe,CHF Millions,
2020,FDI in Switzerland (Inward),Investment income,Investment income by immediate investor,G9,Other European countries,Europe,CHF Millions,13013.8
2020,FDI in Switzerland (Inward),Investment income,Investment income by immediate investor,RU,Russia,Europe,CHF Millions,
2020,FDI in Switzerland (Inward),Investment income,Investment income by immediate investor,ES,Spain,Europe,CHF Millions,125.3
2020,FDI in Switzerland (Inward),Investment income,Investment income by immediate investor,SE,Sweden,Europe,CHF Millions,844.0
2020,FDI in Switzerland (Inward),Investment income,Investment income by immediate investor,T0,Total,All / Total,CHF Millions,77003.8
2020,FDI in Switzerland (Inward),Investment income,Investment income by immediate investor,T1,Total,Europe,CHF Millions,67620.4
2020,FDI in Switzerland (Inward),Investment income,Investment income by immediate investor,T2,Total,North America,CHF Millions,9632.8
2020,FDI in Switzerland (Inward),Investment income,Investment income by immediate investor,T3,Total,Central and South America,CHF Millions,1262.3
2020,FDI in Switzerland (Inward),Investment income,Investment income by immediate investor,T4,Total,All / Total,CHF Millions,-1511.8
2020,FDI in Switzerland (Inward),Investment income,Investment income by immediate investor,AE,United Arab Emirates,All / Total,CHF Millions,
2020,FDI in Switzerland (Inward),Investment income,Investment income by immediate investor,GB,United Kingdom,Europe,CHF Millions,10680.6
2020,FDI in Switzerland (Inward),Investment income,Investment income by immediate investor,US,United States,North America,CHF Millions,9680.4
2020,FDI in Switzerland (Inward),Investment income,Investment income by ultimate beneficial owner,AU,Australia,All / Total,CHF Millions,1466.0
2020,FDI in Switzerland (Inward),Investment income,Investment income by ultimate beneficial owner,AT,Austria,Europe,CHF Millions,391.4
2020,FDI in Switzerland (Inward),Investment income,Investment income by ultimate beneficial owner,BE,Belgium,Europe,CHF Millions,92.8
2020,FDI in Switzerland (Inward),Investment income,Investment income by ultimate beneficial owner,CA,Canada,North America,CHF Millions,1816.7
2020,FDI in Switzerland (Inward),Investment income,Investment income by ultimate beneficial owner,CN,China,All / Total,CHF Millions,1200.1
2020,FDI in Switzerland (Inward),Investment income,Investment income by ultimate beneficial owner,CY,Cyprus,Europe,CHF Millions,
2020,FDI in Switzerland (Inward),Investment income,Investment income by ultimate beneficial owner,DK,Denmark,Europe,CHF Millions,2019.9
2020,FDI in Switzerland (Inward),Investment income,Investment income by ultimate beneficial owner,B3,EU,Europe,CHF Millions,21546.0
2020,FDI in Switzerland (Inward),Investment income,Investment income by ultimate beneficial owner,FR,France,Europe,CHF Millions,5312.3
2020,FDI in Switzerland (Inward),Investment income,Investment income by ultimate beneficial owner,DE,Germany,Europe,CHF Millions,3334.7
2020,FDI in Switzerland (Inward),Investment income,Investment income by ultimate beneficial owner,HU,Hungary,Europe,CHF Millions,
2020,FDI in Switzerland (Inward),Investment income,Investment income by ultimate beneficial owner,IN,India,All / Total,CHF Millions,-8.5
2020,FDI in Switzerland (Inward),Investment income,Investment income by ultimate beneficial owner,IE,Ireland,Europe,CHF Millions,4194.4
2020,FDI in Switzerland (Inward),Investment income,Investment income by ultimate beneficial owner,IL,Israel,All / Total,CHF Millions,171.7
2020,FDI in Switzerland (Inward),Investment income,Investment income by ultimate beneficial owner,IT,Italy,Europe,CHF Millions,162.6
2020,FDI in Switzerland (Inward),Investment income,Investment income by ultimate beneficial owner,JP,Japan,All / Total,CHF Millions,-1779.5
2020,FDI in Switzerland (Inward),Investment income,Investment income by ultimate beneficial owner,LU,Luxembourg,Europe,CHF Millions,511.0
2020,FDI in Switzerland (Inward),Investment income,Investment income by ultimate beneficial owner,MX,Mexico,Central and South America,CHF Millions,146.4
2020,FDI in Switzerland (Inward),Investment income,Investment income by ultimate beneficial owner,NL,Netherlands,Europe,CHF Millions,4346.7
2020,FDI in Switzerland (Inward),Investment income,Investment income by ultimate beneficial owner,S19,Offshore financial centres,Central and South America,CHF Millions,1963.4
2020,FDI in Switzerland (Inward),Investment income,Investment income by ultimate beneficial owner,SNBBS21,Offshore financial centres in Europe,Europe,CHF Millions,1905.8
2020,FDI in Switzerland (Inward),Investment income,Investment income by ultimate beneficial owner,G9,Other European countries,Europe,CHF Millions,7656.5
2020,FDI in Switzerland (Inward),Investment income,Investment income by ultimate beneficial owner,RU,Russia,Europe,CHF Millions,460.8
2020,FDI in Switzerland (Inward),Investment income,Investment income by ultimate beneficial owner,ES,Spain,Europe,CHF Millions,254.2
2020,FDI in Switzerland (Inward),Investment income,Investment income by ultimate beneficial owner,SE,Sweden,Europe,CHF Millions,900.6
2020,FDI in Switzerland (Inward),Investment income,Investment income by ultimate beneficial owner,T0,Total,All / Total,CHF Millions,77003.8
2020,FDI in Switzerland (Inward),Investment income,Investment income by ultimate beneficial owner,T1,Total,Europe,CHF Millions,29202.6
2020,FDI in Switzerland (Inward),Investment income,Investment income by ultimate beneficial owner,T2,Total,North America,CHF Millions,42628.6
2020,FDI in Switzerland (Inward),Investment income,Investment income by ultimate beneficial owner,T3,Total,Central and South America,CHF Millions,3928.9
2020,FDI in Switzerland (Inward),Investment income,Investment income by ultimate beneficial owner,T4,Total,All / Total,CHF Millions,1243.8
2020,FDI in Switzerland (Inward),Investment income,Investment income by ultimate beneficial owner,AE,United Arab Emirates,All / Total,CHF Millions,3.8
2020,FDI in Switzerland (Inward),Investment income,Investment income by ultimate beneficial owner,GB,United Kingdom,Europe,CHF Millions,2273.8
2020,FDI in Switzerland (Inward),Investment income,Investment income by ultimate beneficial owner,US,United States,North America,CHF Millions,40811.9
2020,Swiss FDI abroad (Outward),Capital stocks,Not applicable (Directional outward),AR,Argentina,Central and South America,CHF Millions,3301.4
2020,Swiss FDI abroad (Outward),Capital stocks,Not applicable (Directional outward),AU,Australia,Oceania,CHF Millions,10198.8
2020,Swiss FDI abroad (Outward),Capital stocks,Not applicable (Directional outward),AT,Austria,Europe,CHF Millions,11215.4
2020,Swiss FDI abroad (Outward),Capital stocks,Not applicable (Directional outward),BD,Bangladesh,Asia,CHF Millions,-60.3
2020,Swiss FDI abroad (Outward),Capital stocks,Not applicable (Directional outward),BE,Belgium,Europe,CHF Millions,17134.4
2020,Swiss FDI abroad (Outward),Capital stocks,Not applicable (Directional outward),BO,Bolivia,Central and South America,CHF Millions,61.2
2020,Swiss FDI abroad (Outward),Capital stocks,Not applicable (Directional outward),BA,Bosnia and Herzegovina,Europe,CHF Millions,165.8
2020,Swiss FDI abroad (Outward),Capital stocks,Not applicable (Directional outward),BR,Brazil,Central and South America,CHF Millions,8352.5
2020,Swiss FDI abroad (Outward),Capital stocks,Not applicable (Directional outward),BG,Bulgaria,Europe,CHF Millions,2894.3
2020,Swiss FDI abroad (Outward),Capital stocks,Not applicable (Directional outward),CM,Cameroon,Africa,CHF Millions,115.1
2020,Swiss FDI abroad (Outward),Capital stocks,Not applicable (Directional outward),CA,Canada,North America,CHF Millions,31809.5
2020,Swiss FDI abroad (Outward),Capital stocks,Not applicable (Directional outward),CL,Chile,Central and South America,CHF Millions,2037.3
2020,Swiss FDI abroad (Outward),Capital stocks,Not applicable (Directional outward),CN,China,Asia,CHF Millions,25137.4
2020,Swiss FDI abroad (Outward),Capital stocks,Not applicable (Directional outward),CO,Colombia,Central and South America,CHF Millions,4576.0
2020,Swiss FDI abroad (Outward),Capital stocks,Not applicable (Directional outward),CR,Costa Rica,Central and South America,CHF Millions,1224.6
2020,Swiss FDI abroad (Outward),Capital stocks,Not applicable (Directional outward),HR,Croatia,Europe,CHF Millions,605.7
2020,Swiss FDI abroad (Outward),Capital stocks,Not applicable (Directional outward),CY,Cyprus,Europe,CHF Millions,42218.0
2020,Swiss FDI abroad (Outward),Capital stocks,Not applicable (Directional outward),CZ,Czechia,Europe,CHF Millions,3304.2
2020,Swiss FDI abroad (Outward),Capital stocks,Not applicable (Directional outward),CI,Côte d’Ivoire,Africa,CHF Millions,345.7
2020,Swiss FDI abroad (Outward),Capital stocks,Not applicable (Directional outward),DK,Denmark,Europe,CHF Millions,1397.2
2020,Swiss FDI abroad (Outward),Capital stocks,Not applicable (Directional outward),B3,EU,Europe,CHF Millions,684285.4
2020,Swiss FDI abroad (Outward),Capital stocks,Not applicable (Directional outward),EC,Ecuador,Central and South America,CHF Millions,282.3
2020,Swiss FDI abroad (Outward),Capital stocks,Not applicable (Directional outward),EG,Egypt,Africa,CHF Millions,925.6
2020,Swiss FDI abroad (Outward),Capital stocks,Not applicable (Directional outward),EE,Estonia,Europe,CHF Millions,290.2
2020,Swiss FDI abroad (Outward),Capital stocks,Not applicable (Directional outward),FI,Finland,Europe,CHF Millions,1305.1
2020,Swiss FDI abroad (Outward),Capital stocks,Not applicable (Directional outward),FR,France,Europe,CHF Millions,65403.2
2020,Swiss FDI abroad (Outward),Capital stocks,Not applicable (Directional outward),DE,Germany,Europe,CHF Millions,68711.7
2020,Swiss FDI abroad (Outward),Capital stocks,Not applicable (Directional outward),GR,Greece,Europe,CHF Millions,1181.9
2020,Swiss FDI abroad (Outward),Capital stocks,Not applicable (Directional outward),GT,Guatemala,Central and South America,CHF Millions,171.4
2020,Swiss FDI abroad (Outward),Capital stocks,Not applicable (Directional outward),HK,Hong Kong,Asia,CHF Millions,11302.0
2020,Swiss FDI abroad (Outward),Capital stocks,Not applicable (Directional outward),HU,Hungary,Europe,CHF Millions,49947.8
2020,Swiss FDI abroad (Outward),Capital stocks,Not applicable (Directional outward),IN,India,Asia,CHF Millions,5899.2
2020,Swiss FDI abroad (Outward),Capital stocks,Not applicable (Directional outward),ID,Indonesia,Asia,CHF Millions,2087.9
2020,Swiss FDI abroad (Outward),Capital stocks,Not applicable (Directional outward),IE,Ireland,Europe,CHF Millions,85522.1
2020,Swiss FDI abroad (Outward),Capital stocks,Not applicable (Directional outward),IL,Israel,Asia,CHF Millions,1051.2
2020,Swiss FDI abroad (Outward),Capital stocks,Not applicable (Directional outward),IT,Italy,Europe,CHF Millions,21373.7
2020,Swiss FDI abroad (Outward),Capital stocks,Not applicable (Directional outward),JP,Japan,Asia,CHF Millions,18920.3
2020,Swiss FDI abroad (Outward),Capital stocks,Not applicable (Directional outward),JO,Jordan,Asia,CHF Millions,185.8
2020,Swiss FDI abroad (Outward),Capital stocks,Not applicable (Directional outward),KE,Kenya,Africa,CHF Millions,347.0
2020,Swiss FDI abroad (Outward),Capital stocks,Not applicable (Directional outward),KR,"Korea, Republic of (South Korea)",Asia,CHF Millions,3922.0
2020,Swiss FDI abroad (Outward),Capital stocks,Not applicable (Directional outward),LV,Latvia,Europe,CHF Millions,200.8
2020,Swiss FDI abroad (Outward),Capital stocks,Not applicable (Directional outward),LB,Lebanon,Asia,CHF Millions,93.0
2020,Swiss FDI abroad (Outward),Capital stocks,Not applicable (Directional outward),LT,Lithuania,Europe,CHF Millions,753.0
2020,Swiss FDI abroad (Outward),Capital stocks,Not applicable (Directional outward),LU,Luxembourg,Europe,CHF Millions,107807.3
2020,Swiss FDI abroad (Outward),Capital stocks,Not applicable (Directional outward),MY,Malaysia,Asia,CHF Millions,4298.2
2020,Swiss FDI abroad (Outward),Capital stocks,Not applicable (Directional outward),MU,Mauritius,Africa,CHF Millions,593.5
2020,Swiss FDI abroad (Outward),Capital stocks,Not applicable (Directional outward),PMT,Memorandum item: All countries including real estate activities,All / Total,CHF Millions,1519708.2
2020,Swiss FDI abroad (Outward),Capital stocks,Not applicable (Directional outward),PMG,Memorandum item: Real estate activities,All / Total,CHF Millions,6705.0
2020,Swiss FDI abroad (Outward),Capital stocks,Not applicable (Directional outward),MX,Mexico,Central and South America,CHF Millions,7819.5
2020,Swiss FDI abroad (Outward),Capital stocks,Not applicable (Directional outward),MA,Morocco,Africa,CHF Millions,383.4
2020,Swiss FDI abroad (Outward),Capital stocks,Not applicable (Directional outward),NL,Netherlands,Europe,CHF Millions,159364.3
2020,Swiss FDI abroad (Outward),Capital stocks,Not applicable (Directional outward),NZ,New Zealand,Oceania,CHF Millions,586.6
2020,Swiss FDI abroad (Outward),Capital stocks,Not applicable (Directional outward),NG,Nigeria,Africa,CHF Millions,356.2
2020,Swiss FDI abroad (Outward),Capital stocks,Not applicable (Directional outward),NO,Norway,Europe,CHF Millions,1974.1
2020,Swiss FDI abroad (Outward),Capital stocks,Not applicable (Directional outward),S19,Offshore financial centres in Central and South America,Central and South America,CHF Millions,129253.4
2020,Swiss FDI abroad (Outward),Capital stocks,Not applicable (Directional outward),S21,Offshore financial centres in Europe,Europe,CHF Millions,28495.3
2020,Swiss FDI abroad (Outward),Capital stocks,Not applicable (Directional outward),G9,Other European countries,Europe,CHF Millions,164098.5
2020,Swiss FDI abroad (Outward),Capital stocks,Not applicable (Directional outward),PK,Pakistan,Asia,CHF Millions,1117.9
2020,Swiss FDI abroad (Outward),Capital stocks,Not applicable (Directional outward),PA,Panama,Central and South America,CHF Millions,2217.5
2020,Swiss FDI abroad (Outward),Capital stocks,Not applicable (Directional outward),PE,Peru,Central and South America,CHF Millions,986.4
2020,Swiss FDI abroad (Outward),Capital stocks,Not applicable (Directional outward),PH,Philippines,Asia,CHF Millions,2348.5
2020,Swiss FDI abroad (Outward),Capital stocks,Not applicable (Directional outward),PL,Poland,Europe,CHF Millions,6593.1
2020,Swiss FDI abroad (Outward),Capital stocks,Not applicable (Directional outward),PT,Portugal,Europe,CHF Millions,1222.3
2020,Swiss FDI abroad (Outward),Capital stocks,Not applicable (Directional outward),QA,Qatar,Asia,CHF Millions,299.7
2020,Swiss FDI abroad (Outward),Capital stocks,Not applicable (Directional outward),RO,Romania,Europe,CHF Millions,3655.9
2020,Swiss FDI abroad (Outward),Capital stocks,Not applicable (Directional outward),RU,Russia,Europe,CHF Millions,27647.0
2020,Swiss FDI abroad (Outward),Capital stocks,Not applicable (Directional outward),SA,Saudi Arabia,Asia,CHF Millions,1181.2
2020,Swiss FDI abroad (Outward),Capital stocks,Not applicable (Directional outward),RS,Serbia,Europe,CHF Millions,668.6
2020,Swiss FDI abroad (Outward),Capital stocks,Not applicable (Directional outward),SG,Singapore,Asia,CHF Millions,61526.9
2020,Swiss FDI abroad (Outward),Capital stocks,Not applicable (Directional outward),SK,Slovakia,Europe,CHF Millions,985.1
2020,Swiss FDI abroad (Outward),Capital stocks,Not applicable (Directional outward),ZA,South Africa,Africa,CHF Millions,1999.6
2020,Swiss FDI abroad (Outward),Capital stocks,Not applicable (Directional outward),ES,Spain,Europe,CHF Millions,18969.3
2020,Swiss FDI abroad (Outward),Capital stocks,Not applicable (Directional outward),LK,Sri Lanka,Asia,CHF Millions,112.3
2020,Swiss FDI abroad (Outward),Capital stocks,Not applicable (Directional outward),SE,Sweden,Europe,CHF Millions,10443.7
2020,Swiss FDI abroad (Outward),Capital stocks,Not applicable (Directional outward),TW,Taiwan,Asia,CHF Millions,2070.6
2020,Swiss FDI abroad (Outward),Capital stocks,Not applicable (Directional outward),TZ,Tanzania,Africa,CHF Millions,166.9
2020,Swiss FDI abroad (Outward),Capital stocks,Not applicable (Directional outward),TH,Thailand,Asia,CHF Millions,3236.3
2020,Swiss FDI abroad (Outward),Capital stocks,Not applicable (Directional outward),T0,Total,All / Total,CHF Millions,1513003.2
2020,Swiss FDI abroad (Outward),Capital stocks,Not applicable (Directional outward),T1,Total,Europe,CHF Millions,848383.9
2020,Swiss FDI abroad (Outward),Capital stocks,Not applicable (Directional outward),T2,Total,North America,CHF Millions,326049.1
2020,Swiss FDI abroad (Outward),Capital stocks,Not applicable (Directional outward),T3,Total,Central and South America,CHF Millions,162765.3
2020,Swiss FDI abroad (Outward),Capital stocks,Not applicable (Directional outward),T4,Total,Asia,CHF Millions,152824.6
2020,Swiss FDI abroad (Outward),Capital stocks,Not applicable (Directional outward),T5,Total,Africa,CHF Millions,12081.9
2020,Swiss FDI abroad (Outward),Capital stocks,Not applicable (Directional outward),T6,Total,Oceania,CHF Millions,10898.4
2020,Swiss FDI abroad (Outward),Capital stocks,Not applicable (Directional outward),TN,Tunisia,Africa,CHF Millions,43.1
2020,Swiss FDI abroad (Outward),Capital stocks,Not applicable (Directional outward),TR,Turkey,Europe,CHF Millions,2400.2
2020,Swiss FDI abroad (Outward),Capital stocks,Not applicable (Directional outward),UA,Ukraine,Europe,CHF Millions,3052.5
2020,Swiss FDI abroad (Outward),Capital stocks,Not applicable (Directional outward),AE,United Arab Emirates,Asia,CHF Millions,4688.3
2020,Swiss FDI abroad (Outward),Capital stocks,Not applicable (Directional outward),GB,United Kingdom,Europe,CHF Millions,99372.7
2020,Swiss FDI abroad (Outward),Capital stocks,Not applicable (Directional outward),US,United States,North America,CHF Millions,294239.6
2020,Swiss FDI abroad (Outward),Capital stocks,Not applicable (Directional outward),UY,Uruguay,Central and South America,CHF Millions,2344.9
2020,Swiss FDI abroad (Outward),Capital stocks,Not applicable (Directional outward),VE,Venezuela,Central and South America,CHF Millions,1289.7
2020,Swiss FDI abroad (Outward),Capital stocks,Not applicable (Directional outward),VN,Viet Nam,Asia,CHF Millions,977.6
2020,Swiss FDI abroad (Outward),Capital transactions (flows),Not applicable (Directional outward),AR,Argentina,Central and South America,CHF Millions,450.9
2020,Swiss FDI abroad (Outward),Capital transactions (flows),Not applicable (Directional outward),AU,Australia,Oceania,CHF Millions,3931.4
2020,Swiss FDI abroad (Outward),Capital transactions (flows),Not applicable (Directional outward),AT,Austria,Europe,CHF Millions,-273.8
2020,Swiss FDI abroad (Outward),Capital transactions (flows),Not applicable (Directional outward),BD,Bangladesh,Asia,CHF Millions,-9.5
2020,Swiss FDI abroad (Outward),Capital transactions (flows),Not applicable (Directional outward),BE,Belgium,Europe,CHF Millions,4021.5
2020,Swiss FDI abroad (Outward),Capital transactions (flows),Not applicable (Directional outward),BO,Bolivia,Central and South America,CHF Millions,-5.9
2020,Swiss FDI abroad (Outward),Capital transactions (flows),Not applicable (Directional outward),BA,Bosnia and Herzegovina,Europe,CHF Millions,-9.4
2020,Swiss FDI abroad (Outward),Capital transactions (flows),Not applicable (Directional outward),BR,Brazil,Central and South America,CHF Millions,-476.0
2020,Swiss FDI abroad (Outward),Capital transactions (flows),Not applicable (Directional outward),BG,Bulgaria,Europe,CHF Millions,2072.9
2020,Swiss FDI abroad (Outward),Capital transactions (flows),Not applicable (Directional outward),CM,Cameroon,Africa,CHF Millions,-5.9
2020,Swiss FDI abroad (Outward),Capital transactions (flows),Not applicable (Directional outward),CA,Canada,North America,CHF Millions,-2068.4
2020,Swiss FDI abroad (Outward),Capital transactions (flows),Not applicable (Directional outward),CL,Chile,Central and South America,CHF Millions,397.0
2020,Swiss FDI abroad (Outward),Capital transactions (flows),Not applicable (Directional outward),CN,China,Asia,CHF Millions,2553.3
2020,Swiss FDI abroad (Outward),Capital transactions (flows),Not applicable (Directional outward),CO,Colombia,Central and South America,CHF Millions,36.3
2020,Swiss FDI abroad (Outward),Capital transactions (flows),Not applicable (Directional outward),CR,Costa Rica,Central and South America,CHF Millions,17.9
2020,Swiss FDI abroad (Outward),Capital transactions (flows),Not applicable (Directional outward),HR,Croatia,Europe,CHF Millions,108.5
2020,Swiss FDI abroad (Outward),Capital transactions (flows),Not applicable (Directional outward),CY,Cyprus,Europe,CHF Millions,-42537.6
2020,Swiss FDI abroad (Outward),Capital transactions (flows),Not applicable (Directional outward),CZ,Czechia,Europe,CHF Millions,39.9
2020,Swiss FDI abroad (Outward),Capital transactions (flows),Not applicable (Directional outward),CI,Côte d’Ivoire,Africa,CHF Millions,30.4
2020,Swiss FDI abroad (Outward),Capital transactions (flows),Not applicable (Directional outward),DK,Denmark,Europe,CHF Millions,-20.5
2020,Swiss FDI abroad (Outward),Capital transactions (flows),Not applicable (Directional outward),B3,EU,Europe,CHF Millions,-49299.4
2020,Swiss FDI abroad (Outward),Capital transactions (flows),Not applicable (Directional outward),EC,Ecuador,Central and South America,CHF Millions,3.2
2020,Swiss FDI abroad (Outward),Capital transactions (flows),Not applicable (Directional outward),EG,Egypt,Africa,CHF Millions,218.9
2020,Swiss FDI abroad (Outward),Capital transactions (flows),Not applicable (Directional outward),EE,Estonia,Europe,CHF Millions,95.9
2020,Swiss FDI abroad (Outward),Capital transactions (flows),Not applicable (Directional outward),FI,Finland,Europe,CHF Millions,-0.8
2020,Swiss FDI abroad (Outward),Capital transactions (flows),Not applicable (Directional outward),FR,France,Europe,CHF Millions,555.5
2020,Swiss FDI abroad (Outward),Capital transactions (flows),Not applicable (Directional outward),DE,Germany,Europe,CHF Millions,3242.1
2020,Swiss FDI abroad (Outward),Capital transactions (flows),Not applicable (Directional outward),GR,Greece,Europe,CHF Millions,-14.8
2020,Swiss FDI abroad (Outward),Capital transactions (flows),Not applicable (Directional outward),GT,Guatemala,Central and South America,CHF Millions,-42.6
2020,Swiss FDI abroad (Outward),Capital transactions (flows),Not applicable (Directional outward),HK,Hong Kong,Asia,CHF Millions,805.3
2020,Swiss FDI abroad (Outward),Capital transactions (flows),Not applicable (Directional outward),HU,Hungary,Europe,CHF Millions,25482.6
2020,Swiss FDI abroad (Outward),Capital transactions (flows),Not applicable (Directional outward),IN,India,Asia,CHF Millions,-2.8
2020,Swiss FDI abroad (Outward),Capital transactions (flows),Not applicable (Directional outward),ID,Indonesia,Asia,CHF Millions,20.4
2020,Swiss FDI abroad (Outward),Capital transactions (flows),Not applicable (Directional outward),IE,Ireland,Europe,CHF Millions,-11995.5
2020,Swiss FDI abroad (Outward),Capital transactions (flows),Not applicable (Directional outward),IL,Israel,Asia,CHF Millions,-68.0
2020,Swiss FDI abroad (Outward),Capital transactions (flows),Not applicable (Directional outward),IT,Italy,Europe,CHF Millions,924.0
2020,Swiss FDI abroad (Outward),Capital transactions (flows),Not applicable (Directional outward),JP,Japan,Asia,CHF Millions,694.3
2020,Swiss FDI abroad (Outward),Capital transactions (flows),Not applicable (Directional outward),JO,Jordan,Asia,CHF Millions,-46.5
2020,Swiss FDI abroad (Outward),Capital transactions (flows),Not applicable (Directional outward),KE,Kenya,Africa,CHF Millions,-82.7
2020,Swiss FDI abroad (Outward),Capital transactions (flows),Not applicable (Directional outward),KR,"Korea, Republic of (South Korea)",Asia,CHF Millions,595.0
2020,Swiss FDI abroad (Outward),Capital transactions (flows),Not applicable (Directional outward),LV,Latvia,Europe,CHF Millions,-4.8
2020,Swiss FDI abroad (Outward),Capital transactions (flows),Not applicable (Directional outward),LB,Lebanon,Asia,CHF Millions,40.4
2020,Swiss FDI abroad (Outward),Capital transactions (flows),Not applicable (Directional outward),LT,Lithuania,Europe,CHF Millions,-37.9
2020,Swiss FDI abroad (Outward),Capital transactions (flows),Not applicable (Directional outward),LU,Luxembourg,Europe,CHF Millions,-21488.4
2020,Swiss FDI abroad (Outward),Capital transactions (flows),Not applicable (Directional outward),MY,Malaysia,Asia,CHF Millions,-13.8
2020,Swiss FDI abroad (Outward),Capital transactions (flows),Not applicable (Directional outward),MU,Mauritius,Africa,CHF Millions,39.0
2020,Swiss FDI abroad (Outward),Capital transactions (flows),Not applicable (Directional outward),PMA,Memorandum item: All countries including real estate activities,All / Total,CHF Millions,-25578.5
2020,Swiss FDI abroad (Outward),Capital transactions (flows),Not applicable (Directional outward),PMG,Memorandum item: Real estate activities,All / Total,CHF Millions,234.6
2020,Swiss FDI abroad (Outward),Capital transactions (flows),Not applicable (Directional outward),MX,Mexico,Central and South America,CHF Millions,-306.0
2020,Swiss FDI abroad (Outward),Capital transactions (flows),Not applicable (Directional outward),MA,Morocco,Africa,CHF Millions,27.5
2020,Swiss FDI abroad (Outward),Capital transactions (flows),Not applicable (Directional outward),NL,Netherlands,Europe,CHF Millions,-13434.8
2020,Swiss FDI abroad (Outward),Capital transactions (flows),Not applicable (Directional outward),NZ,New Zealand,Oceania,CHF Millions,-99.5
2020,Swiss FDI abroad (Outward),Capital transactions (flows),Not applicable (Directional outward),NG,Nigeria,Africa,CHF Millions,139.9
2020,Swiss FDI abroad (Outward),Capital transactions (flows),Not applicable (Directional outward),NO,Norway,Europe,CHF Millions,469.3
2020,Swiss FDI abroad (Outward),Capital transactions (flows),Not applicable (Directional outward),S21,Offshore financial centres in Europe,Europe,CHF Millions,-461.9
2020,Swiss FDI abroad (Outward),Capital transactions (flows),Not applicable (Directional outward),G9,Other European countries,Europe,CHF Millions,5834.0
2020,Swiss FDI abroad (Outward),Capital transactions (flows),Not applicable (Directional outward),PK,Pakistan,Asia,CHF Millions,116.1
2020,Swiss FDI abroad (Outward),Capital transactions (flows),Not applicable (Directional outward),PA,Panama,Central and South America,CHF Millions,-1741.6
2020,Swiss FDI abroad (Outward),Capital transactions (flows),Not applicable (Directional outward),PE,Peru,Central and South America,CHF Millions,3786.0
2020,Swiss FDI abroad (Outward),Capital transactions (flows),Not applicable (Directional outward),PH,Philippines,Asia,CHF Millions,-318.9
2020,Swiss FDI abroad (Outward),Capital transactions (flows),Not applicable (Directional outward),PL,Poland,Europe,CHF Millions,899.6
2020,Swiss FDI abroad (Outward),Capital transactions (flows),Not applicable (Directional outward),PT,Portugal,Europe,CHF Millions,496.6
2020,Swiss FDI abroad (Outward),Capital transactions (flows),Not applicable (Directional outward),QA,Qatar,Asia,CHF Millions,323.7
2020,Swiss FDI abroad (Outward),Capital transactions (flows),Not applicable (Directional outward),RO,Romania,Europe,CHF Millions,884.3
2020,Swiss FDI abroad (Outward),Capital transactions (flows),Not applicable (Directional outward),RU,Russia,Europe,CHF Millions,827.0
2020,Swiss FDI abroad (Outward),Capital transactions (flows),Not applicable (Directional outward),SA,Saudi Arabia,Asia,CHF Millions,-804.1
2020,Swiss FDI abroad (Outward),Capital transactions (flows),Not applicable (Directional outward),RS,Serbia,Europe,CHF Millions,33.0
2020,Swiss FDI abroad (Outward),Capital transactions (flows),Not applicable (Directional outward),SG,Singapore,Asia,CHF Millions,25268.2
2020,Swiss FDI abroad (Outward),Capital transactions (flows),Not applicable (Directional outward),SK,Slovakia,Europe,CHF Millions,-292.6
2020,Swiss FDI abroad (Outward),Capital transactions (flows),Not applicable (Directional outward),ZA,South Africa,Africa,CHF Millions,53.9
2020,Swiss FDI abroad (Outward),Capital transactions (flows),Not applicable (Directional outward),ES,Spain,Europe,CHF Millions,3123.0
2020,Swiss FDI abroad (Outward),Capital transactions (flows),Not applicable (Directional outward),LK,Sri Lanka,Asia,CHF Millions,78.1
2020,Swiss FDI abroad (Outward),Capital transactions (flows),Not applicable (Directional outward),SE,Sweden,Europe,CHF Millions,-1049.9
2020,Swiss FDI abroad (Outward),Capital transactions (flows),Not applicable (Directional outward),TW,Taiwan,Asia,CHF Millions,293.9
2020,Swiss FDI abroad (Outward),Capital transactions (flows),Not applicable (Directional outward),TZ,Tanzania,Africa,CHF Millions,-17.5
2020,Swiss FDI abroad (Outward),Capital transactions (flows),Not applicable (Directional outward),TH,Thailand,Asia,CHF Millions,356.8
2020,Swiss FDI abroad (Outward),Capital transactions (flows),Not applicable (Directional outward),T0,Total,All / Total,CHF Millions,-25813.1
2020,Swiss FDI abroad (Outward),Capital transactions (flows),Not applicable (Directional outward),T1,Total,Europe,CHF Millions,-43465.5
2020,Swiss FDI abroad (Outward),Capital transactions (flows),Not applicable (Directional outward),S22,Total,Europe,CHF Millions,53.1
2020,Swiss FDI abroad (Outward),Capital transactions (flows),Not applicable (Directional outward),T2,Total,North America,CHF Millions,9011.3
2020,Swiss FDI abroad (Outward),Capital transactions (flows),Not applicable (Directional outward),T3,Total,Central and South America,CHF Millions,-24680.1
2020,Swiss FDI abroad (Outward),Capital transactions (flows),Not applicable (Directional outward),S19,Total,Central and South America,CHF Millions,-27606.5
2020,Swiss FDI abroad (Outward),Capital transactions (flows),Not applicable (Directional outward),T4,Total,Asia,CHF Millions,27361.7
2020,Swiss FDI abroad (Outward),Capital transactions (flows),Not applicable (Directional outward),T5,Total,Africa,CHF Millions,2211.8
2020,Swiss FDI abroad (Outward),Capital transactions (flows),Not applicable (Directional outward),T6,Total,Oceania,CHF Millions,3747.6
2020,Swiss FDI abroad (Outward),Capital transactions (flows),Not applicable (Directional outward),TN,Tunisia,Africa,CHF Millions,9.0
2020,Swiss FDI abroad (Outward),Capital transactions (flows),Not applicable (Directional outward),TR,Turkey,Europe,CHF Millions,896.5
2020,Swiss FDI abroad (Outward),Capital transactions (flows),Not applicable (Directional outward),UA,Ukraine,Europe,CHF Millions,590.4
2020,Swiss FDI abroad (Outward),Capital transactions (flows),Not applicable (Directional outward),AE,United Arab Emirates,Asia,CHF Millions,-2204.7
2020,Swiss FDI abroad (Outward),Capital transactions (flows),Not applicable (Directional outward),GB,United Kingdom,Europe,CHF Millions,3371.8
2020,Swiss FDI abroad (Outward),Capital transactions (flows),Not applicable (Directional outward),US,United States,North America,CHF Millions,11079.7
2020,Swiss FDI abroad (Outward),Capital transactions (flows),Not applicable (Directional outward),UY,Uruguay,Central and South America,CHF Millions,57.5
2020,Swiss FDI abroad (Outward),Capital transactions (flows),Not applicable (Directional outward),VE,Venezuela,Central and South America,CHF Millions,-1033.9
2020,Swiss FDI abroad (Outward),Capital transactions (flows),Not applicable (Directional outward),VN,Viet Nam,Asia,CHF Millions,-19.1
2020,Swiss FDI abroad (Outward),Investment income,Not applicable (Directional outward),AR,Argentina,Central and South America,CHF Millions,407.9
2020,Swiss FDI abroad (Outward),Investment income,Not applicable (Directional outward),AU,Australia,Oceania,CHF Millions,556.1
2020,Swiss FDI abroad (Outward),Investment income,Not applicable (Directional outward),AT,Austria,Europe,CHF Millions,512.0
2020,Swiss FDI abroad (Outward),Investment income,Not applicable (Directional outward),BD,Bangladesh,Asia,CHF Millions,31.8
2020,Swiss FDI abroad (Outward),Investment income,Not applicable (Directional outward),BE,Belgium,Europe,CHF Millions,91.6
2020,Swiss FDI abroad (Outward),Investment income,Not applicable (Directional outward),BO,Bolivia,Central and South America,CHF Millions,1.7
2020,Swiss FDI abroad (Outward),Investment income,Not applicable (Directional outward),BA,Bosnia and Herzegovina,Europe,CHF Millions,1.1
2020,Swiss FDI abroad (Outward),Investment income,Not applicable (Directional outward),BR,Brazil,Central and South America,CHF Millions,-92.8
2020,Swiss FDI abroad (Outward),Investment income,Not applicable (Directional outward),BG,Bulgaria,Europe,CHF Millions,-47.0
2020,Swiss FDI abroad (Outward),Investment income,Not applicable (Directional outward),CM,Cameroon,Africa,CHF Millions,7.6
2020,Swiss FDI abroad (Outward),Investment income,Not applicable (Directional outward),CA,Canada,North America,CHF Millions,-1700.8
2020,Swiss FDI abroad (Outward),Investment income,Not applicable (Directional outward),CL,Chile,Central and South America,CHF Millions,111.6
2020,Swiss FDI abroad (Outward),Investment income,Not applicable (Directional outward),CN,China,Asia,CHF Millions,3880.2
2020,Swiss FDI abroad (Outward),Investment income,Not applicable (Directional outward),CO,Colombia,Central and South America,CHF Millions,68.7
2020,Swiss FDI abroad (Outward),Investment income,Not applicable (Directional outward),CR,Costa Rica,Central and South America,CHF Millions,135.8
2020,Swiss FDI abroad (Outward),Investment income,Not applicable (Directional outward),HR,Croatia,Europe,CHF Millions,62.1
2020,Swiss FDI abroad (Outward),Investment income,Not applicable (Directional outward),CY,Cyprus,Europe,CHF Millions,-90.1
2020,Swiss FDI abroad (Outward),Investment income,Not applicable (Directional outward),CZ,Czechia,Europe,CHF Millions,251.5
2020,Swiss FDI abroad (Outward),Investment income,Not applicable (Directional outward),CI,Côte d’Ivoire,Africa,CHF Millions,40.8
2020,Swiss FDI abroad (Outward),Investment income,Not applicable (Directional outward),DK,Denmark,Europe,CHF Millions,650.6
2020,Swiss FDI abroad (Outward),Investment income,Not applicable (Directional outward),B3,EU,Europe,CHF Millions,22043.0
2020,Swiss FDI abroad (Outward),Investment income,Not applicable (Directional outward),EC,Ecuador,Central and South America,CHF Millions,27.9
2020,Swiss FDI abroad (Outward),Investment income,Not applicable (Directional outward),EG,Egypt,Africa,CHF Millions,240.8
2020,Swiss FDI abroad (Outward),Investment income,Not applicable (Directional outward),EE,Estonia,Europe,CHF Millions,33.5
2020,Swiss FDI abroad (Outward),Investment income,Not applicable (Directional outward),FI,Finland,Europe,CHF Millions,156.2
2020,Swiss FDI abroad (Outward),Investment income,Not applicable (Directional outward),FR,France,Europe,CHF Millions,3406.6
2020,Swiss FDI abroad (Outward),Investment income,Not applicable (Directional outward),DE,Germany,Europe,CHF Millions,4445.7
2020,Swiss FDI abroad (Outward),Investment income,Not applicable (Directional outward),GR,Greece,Europe,CHF Millions,-174.1
2020,Swiss FDI abroad (Outward),Investment income,Not applicable (Directional outward),GT,Guatemala,Central and South America,CHF Millions,19.9
2020,Swiss FDI abroad (Outward),Investment income,Not applicable (Directional outward),HK,Hong Kong,Asia,CHF Millions,3118.7
2020,Swiss FDI abroad (Outward),Investment income,Not applicable (Directional outward),HU,Hungary,Europe,CHF Millions,387.2
2020,Swiss FDI abroad (Outward),Investment income,Not applicable (Directional outward),IN,India,Asia,CHF Millions,496.2
2020,Swiss FDI abroad (Outward),Investment income,Not applicable (Directional outward),ID,Indonesia,Asia,CHF Millions,266.4
2020,Swiss FDI abroad (Outward),Investment income,Not applicable (Directional outward),IE,Ireland,Europe,CHF Millions,2041.8
2020,Swiss FDI abroad (Outward),Investment income,Not applicable (Directional outward),IL,Israel,Asia,CHF Millions,166.1
2020,Swiss FDI abroad (Outward),Investment income,Not applicable (Directional outward),IT,Italy,Europe,CHF Millions,287.1
2020,Swiss FDI abroad (Outward),Investment income,Not applicable (Directional outward),JP,Japan,Asia,CHF Millions,2481.2
2020,Swiss FDI abroad (Outward),Investment income,Not applicable (Directional outward),JO,Jordan,Asia,CHF Millions,-18.0
2020,Swiss FDI abroad (Outward),Investment income,Not applicable (Directional outward),KE,Kenya,Africa,CHF Millions,1.1
2020,Swiss FDI abroad (Outward),Investment income,Not applicable (Directional outward),KR,"Korea, Republic of (South Korea)",Asia,CHF Millions,322.7
2020,Swiss FDI abroad (Outward),Investment income,Not applicable (Directional outward),LV,Latvia,Europe,CHF Millions,14.0
2020,Swiss FDI abroad (Outward),Investment income,Not applicable (Directional outward),LB,Lebanon,Asia,CHF Millions,2.9
2020,Swiss FDI abroad (Outward),Investment income,Not applicable (Directional outward),LT,Lithuania,Europe,CHF Millions,36.2
2020,Swiss FDI abroad (Outward),Investment income,Not applicable (Directional outward),LU,Luxembourg,Europe,CHF Millions,2143.6
2020,Swiss FDI abroad (Outward),Investment income,Not applicable (Directional outward),MY,Malaysia,Asia,CHF Millions,593.9
2020,Swiss FDI abroad (Outward),Investment income,Not applicable (Directional outward),MU,Mauritius,Africa,CHF Millions,134.2
2020,Swiss FDI abroad (Outward),Investment income,Not applicable (Directional outward),MX,Mexico,Central and South America,CHF Millions,353.1
2020,Swiss FDI abroad (Outward),Investment income,Not applicable (Directional outward),MA,Morocco,Africa,CHF Millions,-2.6
2020,Swiss FDI abroad (Outward),Investment income,Not applicable (Directional outward),NL,Netherlands,Europe,CHF Millions,6187.4
2020,Swiss FDI abroad (Outward),Investment income,Not applicable (Directional outward),NZ,New Zealand,Oceania,CHF Millions,67.8
2020,Swiss FDI abroad (Outward),Investment income,Not applicable (Directional outward),NG,Nigeria,Africa,CHF Millions,76.6
2020,Swiss FDI abroad (Outward),Investment income,Not applicable (Directional outward),NO,Norway,Europe,CHF Millions,147.5
2020,Swiss FDI abroad (Outward),Investment income,Not applicable (Directional outward),S21,Offshore financial centres in Europe,Europe,CHF Millions,1131.3
2020,Swiss FDI abroad (Outward),Investment income,Not applicable (Directional outward),G9,Other European countries,Europe,CHF Millions,3442.6
2020,Swiss FDI abroad (Outward),Investment income,Not applicable (Directional outward),PK,Pakistan,Asia,CHF Millions,176.3
2020,Swiss FDI abroad (Outward),Investment income,Not applicable (Directional outward),PA,Panama,Central and South America,CHF Millions,238.2
2020,Swiss FDI abroad (Outward),Investment income,Not applicable (Directional outward),PE,Peru,Central and South America,CHF Millions,-78.4
2020,Swiss FDI abroad (Outward),Investment income,Not applicable (Directional outward),PH,Philippines,Asia,CHF Millions,-46.3
2020,Swiss FDI abroad (Outward),Investment income,Not applicable (Directional outward),PL,Poland,Europe,CHF Millions,515.8
2020,Swiss FDI abroad (Outward),Investment income,Not applicable (Directional outward),PT,Portugal,Europe,CHF Millions,224.4
2020,Swiss FDI abroad (Outward),Investment income,Not applicable (Directional outward),QA,Qatar,Asia,CHF Millions,293.4
2020,Swiss FDI abroad (Outward),Investment income,Not applicable (Directional outward),RO,Romania,Europe,CHF Millions,83.8
2020,Swiss FDI abroad (Outward),Investment income,Not applicable (Directional outward),RU,Russia,Europe,CHF Millions,837.0
2020,Swiss FDI abroad (Outward),Investment income,Not applicable (Directional outward),SA,Saudi Arabia,Asia,CHF Millions,77.5
2020,Swiss FDI abroad (Outward),Investment income,Not applicable (Directional outward),RS,Serbia,Europe,CHF Millions,130.4
2020,Swiss FDI abroad (Outward),Investment income,Not applicable (Directional outward),SG,Singapore,Asia,CHF Millions,5573.7
2020,Swiss FDI abroad (Outward),Investment income,Not applicable (Directional outward),SK,Slovakia,Europe,CHF Millions,67.1
2020,Swiss FDI abroad (Outward),Investment income,Not applicable (Directional outward),ZA,South Africa,Africa,CHF Millions,59.2
2020,Swiss FDI abroad (Outward),Investment income,Not applicable (Directional outward),ES,Spain,Europe,CHF Millions,512.5
2020,Swiss FDI abroad (Outward),Investment income,Not applicable (Directional outward),LK,Sri Lanka,Asia,CHF Millions,13.2
2020,Swiss FDI abroad (Outward),Investment income,Not applicable (Directional outward),SE,Sweden,Europe,CHF Millions,103.5
2020,Swiss FDI abroad (Outward),Investment income,Not applicable (Directional outward),TW,Taiwan,Asia,CHF Millions,382.0
2020,Swiss FDI abroad (Outward),Investment income,Not applicable (Directional outward),TZ,Tanzania,Africa,CHF Millions,-14.1
2020,Swiss FDI abroad (Outward),Investment income,Not applicable (Directional outward),TH,Thailand,Asia,CHF Millions,419.5
2020,Swiss FDI abroad (Outward),Investment income,Not applicable (Directional outward),T0,Total,All / Total,CHF Millions,74365.2
2020,Swiss FDI abroad (Outward),Investment income,Not applicable (Directional outward),T1,Total,Europe,CHF Millions,25485.5
2020,Swiss FDI abroad (Outward),Investment income,Not applicable (Directional outward),S22,Total,Europe,CHF Millions,83.7
2020,Swiss FDI abroad (Outward),Investment income,Not applicable (Directional outward),T2,Total,North America,CHF Millions,17206.3
2020,Swiss FDI abroad (Outward),Investment income,Not applicable (Directional outward),T3,Total,Central and South America,CHF Millions,10255.6
2020,Swiss FDI abroad (Outward),Investment income,Not applicable (Directional outward),S19,Total,Central and South America,CHF Millions,9090.3
2020,Swiss FDI abroad (Outward),Investment income,Not applicable (Directional outward),T4,Total,Asia,CHF Millions,20205.5
2020,Swiss FDI abroad (Outward),Investment income,Not applicable (Directional outward),T5,Total,Africa,CHF Millions,579.3
2020,Swiss FDI abroad (Outward),Investment income,Not applicable (Directional outward),T6,Total,Oceania,CHF Millions,633.0
2020,Swiss FDI abroad (Outward),Investment income,Not applicable (Directional outward),TN,Tunisia,Africa,CHF Millions,12.1
2020,Swiss FDI abroad (Outward),Investment income,Not applicable (Directional outward),TR,Turkey,Europe,CHF Millions,276.5
2020,Swiss FDI abroad (Outward),Investment income,Not applicable (Directional outward),UA,Ukraine,Europe,CHF Millions,710.2
2020,Swiss FDI abroad (Outward),Investment income,Not applicable (Directional outward),AE,United Arab Emirates,Asia,CHF Millions,1466.1
2020,Swiss FDI abroad (Outward),Investment income,Not applicable (Directional outward),GB,United Kingdom,Europe,CHF Millions,315.4
2020,Swiss FDI abroad (Outward),Investment income,Not applicable (Directional outward),US,United States,North America,CHF Millions,18907.1
2020,Swiss FDI abroad (Outward),Investment income,Not applicable (Directional outward),UY,Uruguay,Central and South America,CHF Millions,122.6
2020,Swiss FDI abroad (Outward),Investment income,Not applicable (Directional outward),VE,Venezuela,Central and South America,CHF Millions,-43.7
2020,Swiss FDI abroad (Outward),Investment income,Not applicable (Directional outward),VN,Viet Nam,Asia,CHF Millions,169.7
2021,FDI in Switzerland (Inward),Capital stocks,Capital stocks by immediate investor,AU,Australia,All / Total,CHF Millions,
2021,FDI in Switzerland (Inward),Capital stocks,Capital stocks by immediate investor,AT,Austria,Europe,CHF Millions,16821.0
2021,FDI in Switzerland (Inward),Capital stocks,Capital stocks by immediate investor,BE,Belgium,Europe,CHF Millions,21592.5
2021,FDI in Switzerland (Inward),Capital stocks,Capital stocks by immediate investor,CA,Canada,North America,CHF Millions,778.2
2021,FDI in Switzerland (Inward),Capital stocks,Capital stocks by immediate investor,CN,China,All / Total,CHF Millions,
2021,FDI in Switzerland (Inward),Capital stocks,Capital stocks by immediate investor,CY,Cyprus,Europe,CHF Millions,11741.5
2021,FDI in Switzerland (Inward),Capital stocks,Capital stocks by immediate investor,DK,Denmark,Europe,CHF Millions,2239.0
2021,FDI in Switzerland (Inward),Capital stocks,Capital stocks by immediate investor,B3,EU,Europe,CHF Millions,718544.1
2021,FDI in Switzerland (Inward),Capital stocks,Capital stocks by immediate investor,FR,France,Europe,CHF Millions,39592.5
2021,FDI in Switzerland (Inward),Capital stocks,Capital stocks by immediate investor,DE,Germany,Europe,CHF Millions,18207.8
2021,FDI in Switzerland (Inward),Capital stocks,Capital stocks by immediate investor,HU,Hungary,Europe,CHF Millions,26766.5
2021,FDI in Switzerland (Inward),Capital stocks,Capital stocks by immediate investor,IN,India,All / Total,CHF Millions,
2021,FDI in Switzerland (Inward),Capital stocks,Capital stocks by immediate investor,IE,Ireland,Europe,CHF Millions,37327.8
2021,FDI in Switzerland (Inward),Capital stocks,Capital stocks by immediate investor,IL,Israel,All / Total,CHF Millions,720.7
2021,FDI in Switzerland (Inward),Capital stocks,Capital stocks by immediate investor,IT,Italy,Europe,CHF Millions,2589.6
2021,FDI in Switzerland (Inward),Capital stocks,Capital stocks by immediate investor,JP,Japan,All / Total,CHF Millions,41378.8
2021,FDI in Switzerland (Inward),Capital stocks,Capital stocks by immediate investor,LU,Luxembourg,Europe,CHF Millions,214301.9
2021,FDI in Switzerland (Inward),Capital stocks,Capital stocks by immediate investor,PMA,Memorandum item: All countries including real estate activities,All / Total,CHF Millions,1133311.6
2021,FDI in Switzerland (Inward),Capital stocks,Capital stocks by immediate investor,PMG,Memorandum item: Real estate activities,All / Total,CHF Millions,38739.8
2021,FDI in Switzerland (Inward),Capital stocks,Capital stocks by immediate investor,MX,Mexico,Central and South America,CHF Millions,
2021,FDI in Switzerland (Inward),Capital stocks,Capital stocks by immediate investor,NL,Netherlands,Europe,CHF Millions,313364.9
2021,FDI in Switzerland (Inward),Capital stocks,Capital stocks by immediate investor,S19,Offshore financial centres,Central and South America,CHF Millions,33098.1
2021,FDI in Switzerland (Inward),Capital stocks,Capital stocks by immediate investor,SNBBS21,Offshore financial centres in Europe,Europe,CHF Millions,
2021,FDI in Switzerland (Inward),Capital stocks,Capital stocks by immediate investor,G9,Other European countries,Europe,CHF Millions,88741.7
2021,FDI in Switzerland (Inward),Capital stocks,Capital stocks by immediate investor,RU,Russia,Europe,CHF Millions,
2021,FDI in Switzerland (Inward),Capital stocks,Capital stocks by immediate investor,ES,Spain,Europe,CHF Millions,-685.7
2021,FDI in Switzerland (Inward),Capital stocks,Capital stocks by immediate investor,SE,Sweden,Europe,CHF Millions,11964.7
2021,FDI in Switzerland (Inward),Capital stocks,Capital stocks by immediate investor,T0,Total,All / Total,CHF Millions,1094571.7
2021,FDI in Switzerland (Inward),Capital stocks,Capital stocks by immediate investor,T1,Total,Europe,CHF Millions,807285.7
2021,FDI in Switzerland (Inward),Capital stocks,Capital stocks by immediate investor,T2,Total,North America,CHF Millions,176802.1
2021,FDI in Switzerland (Inward),Capital stocks,Capital stocks by immediate investor,T3,Total,Central and South America,CHF Millions,32317.3
2021,FDI in Switzerland (Inward),Capital stocks,Capital stocks by immediate investor,T4,Total,All / Total,CHF Millions,78166.7
2021,FDI in Switzerland (Inward),Capital stocks,Capital stocks by immediate investor,AE,United Arab Emirates,All / Total,CHF Millions,
2021,FDI in Switzerland (Inward),Capital stocks,Capital stocks by immediate investor,GB,United Kingdom,Europe,CHF Millions,50952.6
2021,FDI in Switzerland (Inward),Capital stocks,Capital stocks by immediate investor,US,United States,North America,CHF Millions,176024.0
2021,FDI in Switzerland (Inward),Capital stocks,Capital stocks by ultimate beneficial owner,AU,Australia,All / Total,CHF Millions,4878.2
2021,FDI in Switzerland (Inward),Capital stocks,Capital stocks by ultimate beneficial owner,AT,Austria,Europe,CHF Millions,13792.4
2021,FDI in Switzerland (Inward),Capital stocks,Capital stocks by ultimate beneficial owner,BE,Belgium,Europe,CHF Millions,20901.2
2021,FDI in Switzerland (Inward),Capital stocks,Capital stocks by ultimate beneficial owner,CA,Canada,North America,CHF Millions,24986.5
2021,FDI in Switzerland (Inward),Capital stocks,Capital stocks by ultimate beneficial owner,CN,China,All / Total,CHF Millions,17731.0
2021,FDI in Switzerland (Inward),Capital stocks,Capital stocks by ultimate beneficial owner,CY,Cyprus,Europe,CHF Millions,
2021,FDI in Switzerland (Inward),Capital stocks,Capital stocks by ultimate beneficial owner,DK,Denmark,Europe,CHF Millions,1934.8
2021,FDI in Switzerland (Inward),Capital stocks,Capital stocks by ultimate beneficial owner,B3,EU,Europe,CHF Millions,308216.7
2021,FDI in Switzerland (Inward),Capital stocks,Capital stocks by ultimate beneficial owner,FR,France,Europe,CHF Millions,49268.6
2021,FDI in Switzerland (Inward),Capital stocks,Capital stocks by ultimate beneficial owner,DE,Germany,Europe,CHF Millions,44458.7
2021,FDI in Switzerland (Inward),Capital stocks,Capital stocks by ultimate beneficial owner,HU,Hungary,Europe,CHF Millions,
2021,FDI in Switzerland (Inward),Capital stocks,Capital stocks by ultimate beneficial owner,IN,India,All / Total,CHF Millions,1049.8
2021,FDI in Switzerland (Inward),Capital stocks,Capital stocks by ultimate beneficial owner,IE,Ireland,Europe,CHF Millions,104628.0
2021,FDI in Switzerland (Inward),Capital stocks,Capital stocks by ultimate beneficial owner,IL,Israel,All / Total,CHF Millions,3564.3
2021,FDI in Switzerland (Inward),Capital stocks,Capital stocks by ultimate beneficial owner,IT,Italy,Europe,CHF Millions,4006.2
2021,FDI in Switzerland (Inward),Capital stocks,Capital stocks by ultimate beneficial owner,JP,Japan,All / Total,CHF Millions,46242.3
2021,FDI in Switzerland (Inward),Capital stocks,Capital stocks by ultimate beneficial owner,LU,Luxembourg,Europe,CHF Millions,9319.4
2021,FDI in Switzerland (Inward),Capital stocks,Capital stocks by ultimate beneficial owner,PMA,Memorandum item: All countries including real estate activities,All / Total,CHF Millions,1133311.6
2021,FDI in Switzerland (Inward),Capital stocks,Capital stocks by ultimate beneficial owner,PMG,Memorandum item: Real estate activities,All / Total,CHF Millions,38739.8
2021,FDI in Switzerland (Inward),Capital stocks,Capital stocks by ultimate beneficial owner,MX,Mexico,Central and South America,CHF Millions,2866.4
2021,FDI in Switzerland (Inward),Capital stocks,Capital stocks by ultimate beneficial owner,NL,Netherlands,Europe,CHF Millions,42736.5
2021,FDI in Switzerland (Inward),Capital stocks,Capital stocks by ultimate beneficial owner,S19,Offshore financial centres,Central and South America,CHF Millions,32869.0
2021,FDI in Switzerland (Inward),Capital stocks,Capital stocks by ultimate beneficial owner,SNBBS21,Offshore financial centres in Europe,Europe,CHF Millions,20064.8
2021,FDI in Switzerland (Inward),Capital stocks,Capital stocks by ultimate beneficial owner,G9,Other European countries,Europe,CHF Millions,134161.6
2021,FDI in Switzerland (Inward),Capital stocks,Capital stocks by ultimate beneficial owner,RU,Russia,Europe,CHF Millions,18150.2
2021,FDI in Switzerland (Inward),Capital stocks,Capital stocks by ultimate beneficial owner,ES,Spain,Europe,CHF Millions,447.5
2021,FDI in Switzerland (Inward),Capital stocks,Capital stocks by ultimate beneficial owner,SE,Sweden,Europe,CHF Millions,12128.4
2021,FDI in Switzerland (Inward),Capital stocks,Capital stocks by ultimate beneficial owner,T0,Total,All / Total,CHF Millions,1094571.7
2021,FDI in Switzerland (Inward),Capital stocks,Capital stocks by ultimate beneficial owner,T1,Total,Europe,CHF Millions,442378.3
2021,FDI in Switzerland (Inward),Capital stocks,Capital stocks by ultimate beneficial owner,T2,Total,North America,CHF Millions,492616.5
2021,FDI in Switzerland (Inward),Capital stocks,Capital stocks by ultimate beneficial owner,T3,Total,Central and South America,CHF Millions,53920.3
2021,FDI in Switzerland (Inward),Capital stocks,Capital stocks by ultimate beneficial owner,T4,Total,All / Total,CHF Millions,105656.6
2021,FDI in Switzerland (Inward),Capital stocks,Capital stocks by ultimate beneficial owner,AE,United Arab Emirates,All / Total,CHF Millions,1335.7
2021,FDI in Switzerland (Inward),Capital stocks,Capital stocks by ultimate beneficial owner,GB,United Kingdom,Europe,CHF Millions,32762.8
2021,FDI in Switzerland (Inward),Capital stocks,Capital stocks by ultimate beneficial owner,US,United States,North America,CHF Millions,467630.0
2021,FDI in Switzerland (Inward),Capital transactions (flows),Immediate investor,AT,Austria,Europe,CHF Millions,1380.7
2021,FDI in Switzerland (Inward),Capital transactions (flows),Immediate investor,BE,Belgium,Europe,CHF Millions,1386.0
2021,FDI in Switzerland (Inward),Capital transactions (flows),Immediate investor,CA,Canada,North America,CHF Millions,1003.3
2021,FDI in Switzerland (Inward),Capital transactions (flows),Immediate investor,CY,Cyprus,Europe,CHF Millions,456.5
2021,FDI in Switzerland (Inward),Capital transactions (flows),Immediate investor,DK,Denmark,Europe,CHF Millions,-417.6
2021,FDI in Switzerland (Inward),Capital transactions (flows),Immediate investor,B3,EU,Europe,CHF Millions,-179246.1
2021,FDI in Switzerland (Inward),Capital transactions (flows),Immediate investor,FR,France,Europe,CHF Millions,2896.8
2021,FDI in Switzerland (Inward),Capital transactions (flows),Immediate investor,DE,Germany,Europe,CHF Millions,5072.4
2021,FDI in Switzerland (Inward),Capital transactions (flows),Immediate investor,HU,Hungary,Europe,CHF Millions,-2572.2
2021,FDI in Switzerland (Inward),Capital transactions (flows),Immediate investor,IE,Ireland,Europe,CHF Millions,-49773.9
2021,FDI in Switzerland (Inward),Capital transactions (flows),Immediate investor,IL,Israel,All / Total,CHF Millions,-2.5
2021,FDI in Switzerland (Inward),Capital transactions (flows),Immediate investor,IT,Italy,Europe,CHF Millions,-298.4
2021,FDI in Switzerland (Inward),Capital transactions (flows),Immediate investor,JP,Japan,All / Total,CHF Millions,11551.7
2021,FDI in Switzerland (Inward),Capital transactions (flows),Immediate investor,LU,Luxembourg,Europe,CHF Millions,-85628.2
2021,FDI in Switzerland (Inward),Capital transactions (flows),Immediate investor,PMA,Memorandum item: All countries including real estate activities,All / Total,CHF Millions,-136255.4
2021,FDI in Switzerland (Inward),Capital transactions (flows),Immediate investor,PMG,Memorandum item: Real estate activities,All / Total,CHF Millions,455.3
2021,FDI in Switzerland (Inward),Capital transactions (flows),Immediate investor,NL,Netherlands,Europe,CHF Millions,-43542.1
2021,FDI in Switzerland (Inward),Capital transactions (flows),Immediate investor,S19,Offshore financial centres,Central and South America,CHF Millions,-4586.2
2021,FDI in Switzerland (Inward),Capital transactions (flows),Immediate investor,G9,Other European countries,Europe,CHF Millions,-9175.2
2021,FDI in Switzerland (Inward),Capital transactions (flows),Immediate investor,ES,Spain,Europe,CHF Millions,-2490.1
2021,FDI in Switzerland (Inward),Capital transactions (flows),Immediate investor,SE,Sweden,Europe,CHF Millions,-662.4
2021,FDI in Switzerland (Inward),Capital transactions (flows),Immediate investor,T0,Total,All / Total,CHF Millions,-136710.7
2021,FDI in Switzerland (Inward),Capital transactions (flows),Immediate investor,T1,Total,Europe,CHF Millions,-188421.3
2021,FDI in Switzerland (Inward),Capital transactions (flows),Immediate investor,T2,Total,North America,CHF Millions,38700.1
2021,FDI in Switzerland (Inward),Capital transactions (flows),Immediate investor,T3,Total,Central and South America,CHF Millions,-1166.9
2021,FDI in Switzerland (Inward),Capital transactions (flows),Immediate investor,T4,Total,All / Total,CHF Millions,14177.1
2021,FDI in Switzerland (Inward),Capital transactions (flows),Immediate investor,GB,United Kingdom,Europe,CHF Millions,-12569.9
2021,FDI in Switzerland (Inward),Capital transactions (flows),Immediate investor,US,United States,North America,CHF Millions,37696.8
2021,FDI in Switzerland (Inward),Investment income,Investment income by immediate investor,AU,Australia,All / Total,CHF Millions,
2021,FDI in Switzerland (Inward),Investment income,Investment income by immediate investor,AT,Austria,Europe,CHF Millions,819.2
2021,FDI in Switzerland (Inward),Investment income,Investment income by immediate investor,BE,Belgium,Europe,CHF Millions,1057.8
2021,FDI in Switzerland (Inward),Investment income,Investment income by immediate investor,CA,Canada,North America,CHF Millions,56.7
2021,FDI in Switzerland (Inward),Investment income,Investment income by immediate investor,CN,China,All / Total,CHF Millions,
2021,FDI in Switzerland (Inward),Investment income,Investment income by immediate investor,CY,Cyprus,Europe,CHF Millions,732.7
2021,FDI in Switzerland (Inward),Investment income,Investment income by immediate investor,DK,Denmark,Europe,CHF Millions,1767.9
2021,FDI in Switzerland (Inward),Investment income,Investment income by immediate investor,B3,EU,Europe,CHF Millions,69736.2
2021,FDI in Switzerland (Inward),Investment income,Investment income by immediate investor,FR,France,Europe,CHF Millions,4939.6
2021,FDI in Switzerland (Inward),Investment income,Investment income by immediate investor,DE,Germany,Europe,CHF Millions,3176.5
2021,FDI in Switzerland (Inward),Investment income,Investment income by immediate investor,HU,Hungary,Europe,CHF Millions,324.3
2021,FDI in Switzerland (Inward),Investment income,Investment income by immediate investor,IN,India,All / Total,CHF Millions,
2021,FDI in Switzerland (Inward),Investment income,Investment income by immediate investor,IE,Ireland,Europe,CHF Millions,7591.7
2021,FDI in Switzerland (Inward),Investment income,Investment income by immediate investor,IL,Israel,All / Total,CHF Millions,-15.9
2021,FDI in Switzerland (Inward),Investment income,Investment income by immediate investor,IT,Italy,Europe,CHF Millions,286.2
2021,FDI in Switzerland (Inward),Investment income,Investment income by immediate investor,JP,Japan,All / Total,CHF Millions,822.2
2021,FDI in Switzerland (Inward),Investment income,Investment income by immediate investor,LU,Luxembourg,Europe,CHF Millions,12331.1
2021,FDI in Switzerland (Inward),Investment income,Investment income by immediate investor,MX,Mexico,Central and South America,CHF Millions,
2021,FDI in Switzerland (Inward),Investment income,Investment income by immediate investor,NL,Netherlands,Europe,CHF Millions,36142.9
2021,FDI in Switzerland (Inward),Investment income,Investment income by immediate investor,S19,Offshore financial centres,Central and South America,CHF Millions,1447.8
2021,FDI in Switzerland (Inward),Investment income,Investment income by immediate investor,SNBBS21,Offshore financial centres in Europe,Europe,CHF Millions,
2021,FDI in Switzerland (Inward),Investment income,Investment income by immediate investor,G9,Other European countries,Europe,CHF Millions,17023.1
2021,FDI in Switzerland (Inward),Investment income,Investment income by immediate investor,RU,Russia,Europe,CHF Millions,
2021,FDI in Switzerland (Inward),Investment income,Investment income by immediate investor,ES,Spain,Europe,CHF Millions,94.3
2021,FDI in Switzerland (Inward),Investment income,Investment income by immediate investor,SE,Sweden,Europe,CHF Millions,617.2
2021,FDI in Switzerland (Inward),Investment income,Investment income by immediate investor,T0,Total,All / Total,CHF Millions,105979.0
2021,FDI in Switzerland (Inward),Investment income,Investment income by immediate investor,T1,Total,Europe,CHF Millions,86759.3
2021,FDI in Switzerland (Inward),Investment income,Investment income by immediate investor,T2,Total,North America,CHF Millions,16053.2
2021,FDI in Switzerland (Inward),Investment income,Investment income by immediate investor,T3,Total,Central and South America,CHF Millions,930.4
2021,FDI in Switzerland (Inward),Investment income,Investment income by immediate investor,T4,Total,All / Total,CHF Millions,2236.3
2021,FDI in Switzerland (Inward),Investment income,Investment income by immediate investor,AE,United Arab Emirates,All / Total,CHF Millions,
2021,FDI in Switzerland (Inward),Investment income,Investment income by immediate investor,GB,United Kingdom,Europe,CHF Millions,10380.0
2021,FDI in Switzerland (Inward),Investment income,Investment income by immediate investor,US,United States,North America,CHF Millions,15996.4
2021,FDI in Switzerland (Inward),Investment income,Investment income by ultimate beneficial owner,AU,Australia,All / Total,CHF Millions,1089.9
2021,FDI in Switzerland (Inward),Investment income,Investment income by ultimate beneficial owner,AT,Austria,Europe,CHF Millions,405.1
2021,FDI in Switzerland (Inward),Investment income,Investment income by ultimate beneficial owner,BE,Belgium,Europe,CHF Millions,1284.8
2021,FDI in Switzerland (Inward),Investment income,Investment income by ultimate beneficial owner,CA,Canada,North America,CHF Millions,2657.3
2021,FDI in Switzerland (Inward),Investment income,Investment income by ultimate beneficial owner,CN,China,All / Total,CHF Millions,1040.3
2021,FDI in Switzerland (Inward),Investment income,Investment income by ultimate beneficial owner,CY,Cyprus,Europe,CHF Millions,
2021,FDI in Switzerland (Inward),Investment income,Investment income by ultimate beneficial owner,DK,Denmark,Europe,CHF Millions,1731.9
2021,FDI in Switzerland (Inward),Investment income,Investment income by ultimate beneficial owner,B3,EU,Europe,CHF Millions,25202.9
2021,FDI in Switzerland (Inward),Investment income,Investment income by ultimate beneficial owner,FR,France,Europe,CHF Millions,5824.1
2021,FDI in Switzerland (Inward),Investment income,Investment income by ultimate beneficial owner,DE,Germany,Europe,CHF Millions,5712.9
2021,FDI in Switzerland (Inward),Investment income,Investment income by ultimate beneficial owner,HU,Hungary,Europe,CHF Millions,
2021,FDI in Switzerland (Inward),Investment income,Investment income by ultimate beneficial owner,IN,India,All / Total,CHF Millions,30.3
2021,FDI in Switzerland (Inward),Investment income,Investment income by ultimate beneficial owner,IE,Ireland,Europe,CHF Millions,2438.1
2021,FDI in Switzerland (Inward),Investment income,Investment income by ultimate beneficial owner,IL,Israel,All / Total,CHF Millions,-274.0
2021,FDI in Switzerland (Inward),Investment income,Investment income by ultimate beneficial owner,IT,Italy,Europe,CHF Millions,255.6
2021,FDI in Switzerland (Inward),Investment income,Investment income by ultimate beneficial owner,JP,Japan,All / Total,CHF Millions,1931.7
2021,FDI in Switzerland (Inward),Investment income,Investment income by ultimate beneficial owner,LU,Luxembourg,Europe,CHF Millions,847.5
2021,FDI in Switzerland (Inward),Investment income,Investment income by ultimate beneficial owner,MX,Mexico,Central and South America,CHF Millions,-50.2
2021,FDI in Switzerland (Inward),Investment income,Investment income by ultimate beneficial owner,NL,Netherlands,Europe,CHF Millions,4947.9
2021,FDI in Switzerland (Inward),Investment income,Investment income by ultimate beneficial owner,S19,Offshore financial centres,Central and South America,CHF Millions,1882.6
2021,FDI in Switzerland (Inward),Investment income,Investment income by ultimate beneficial owner,SNBBS21,Offshore financial centres in Europe,Europe,CHF Millions,5819.4
2021,FDI in Switzerland (Inward),Investment income,Investment income by ultimate beneficial owner,G9,Other European countries,Europe,CHF Millions,13192.3
2021,FDI in Switzerland (Inward),Investment income,Investment income by ultimate beneficial owner,RU,Russia,Europe,CHF Millions,1132.0
2021,FDI in Switzerland (Inward),Investment income,Investment income by ultimate beneficial owner,ES,Spain,Europe,CHF Millions,599.7
2021,FDI in Switzerland (Inward),Investment income,Investment income by ultimate beneficial owner,SE,Sweden,Europe,CHF Millions,571.8
2021,FDI in Switzerland (Inward),Investment income,Investment income by ultimate beneficial owner,T0,Total,All / Total,CHF Millions,105979.0
2021,FDI in Switzerland (Inward),Investment income,Investment income by ultimate beneficial owner,T1,Total,Europe,CHF Millions,38395.2
2021,FDI in Switzerland (Inward),Investment income,Investment income by ultimate beneficial owner,T2,Total,North America,CHF Millions,60733.3
2021,FDI in Switzerland (Inward),Investment income,Investment income by ultimate beneficial owner,T3,Total,Central and South America,CHF Millions,2618.8
2021,FDI in Switzerland (Inward),Investment income,Investment income by ultimate beneficial owner,T4,Total,All / Total,CHF Millions,4231.8
2021,FDI in Switzerland (Inward),Investment income,Investment income by ultimate beneficial owner,AE,United Arab Emirates,All / Total,CHF Millions,88.3
2021,FDI in Switzerland (Inward),Investment income,Investment income by ultimate beneficial owner,GB,United Kingdom,Europe,CHF Millions,2488.7
2021,FDI in Switzerland (Inward),Investment income,Investment income by ultimate beneficial owner,US,United States,North America,CHF Millions,58076.0
2021,Swiss FDI abroad (Outward),Capital stocks,Not applicable (Directional outward),AR,Argentina,Central and South America,CHF Millions,3400.8
2021,Swiss FDI abroad (Outward),Capital stocks,Not applicable (Directional outward),AU,Australia,Oceania,CHF Millions,11166.5
2021,Swiss FDI abroad (Outward),Capital stocks,Not applicable (Directional outward),AT,Austria,Europe,CHF Millions,12329.8
2021,Swiss FDI abroad (Outward),Capital stocks,Not applicable (Directional outward),BD,Bangladesh,Asia,CHF Millions,94.8
2021,Swiss FDI abroad (Outward),Capital stocks,Not applicable (Directional outward),BE,Belgium,Europe,CHF Millions,15918.8
2021,Swiss FDI abroad (Outward),Capital stocks,Not applicable (Directional outward),BO,Bolivia,Central and South America,CHF Millions,62.7
2021,Swiss FDI abroad (Outward),Capital stocks,Not applicable (Directional outward),BA,Bosnia and Herzegovina,Europe,CHF Millions,264.7
2021,Swiss FDI abroad (Outward),Capital stocks,Not applicable (Directional outward),BR,Brazil,Central and South America,CHF Millions,8172.1
2021,Swiss FDI abroad (Outward),Capital stocks,Not applicable (Directional outward),BG,Bulgaria,Europe,CHF Millions,2301.7
2021,Swiss FDI abroad (Outward),Capital stocks,Not applicable (Directional outward),CM,Cameroon,Africa,CHF Millions,117.8
2021,Swiss FDI abroad (Outward),Capital stocks,Not applicable (Directional outward),CA,Canada,North America,CHF Millions,33545.5
2021,Swiss FDI abroad (Outward),Capital stocks,Not applicable (Directional outward),CL,Chile,Central and South America,CHF Millions,1608.7
2021,Swiss FDI abroad (Outward),Capital stocks,Not applicable (Directional outward),CN,China,Asia,CHF Millions,25252.7
2021,Swiss FDI abroad (Outward),Capital stocks,Not applicable (Directional outward),CO,Colombia,Central and South America,CHF Millions,5218.9
2021,Swiss FDI abroad (Outward),Capital stocks,Not applicable (Directional outward),CR,Costa Rica,Central and South America,CHF Millions,1481.2
2021,Swiss FDI abroad (Outward),Capital stocks,Not applicable (Directional outward),HR,Croatia,Europe,CHF Millions,701.7
2021,Swiss FDI abroad (Outward),Capital stocks,Not applicable (Directional outward),CY,Cyprus,Europe,CHF Millions,-16284.6
2021,Swiss FDI abroad (Outward),Capital stocks,Not applicable (Directional outward),CZ,Czechia,Europe,CHF Millions,3582.0
2021,Swiss FDI abroad (Outward),Capital stocks,Not applicable (Directional outward),CI,Côte d’Ivoire,Africa,CHF Millions,346.5
2021,Swiss FDI abroad (Outward),Capital stocks,Not applicable (Directional outward),DK,Denmark,Europe,CHF Millions,1311.7
2021,Swiss FDI abroad (Outward),Capital stocks,Not applicable (Directional outward),B3,EU,Europe,CHF Millions,589347.9
2021,Swiss FDI abroad (Outward),Capital stocks,Not applicable (Directional outward),EC,Ecuador,Central and South America,CHF Millions,287.7
2021,Swiss FDI abroad (Outward),Capital stocks,Not applicable (Directional outward),EG,Egypt,Africa,CHF Millions,1139.1
2021,Swiss FDI abroad (Outward),Capital stocks,Not applicable (Directional outward),EE,Estonia,Europe,CHF Millions,139.1
2021,Swiss FDI abroad (Outward),Capital stocks,Not applicable (Directional outward),FI,Finland,Europe,CHF Millions,2708.2
2021,Swiss FDI abroad (Outward),Capital stocks,Not applicable (Directional outward),FR,France,Europe,CHF Millions,64313.9
2021,Swiss FDI abroad (Outward),Capital stocks,Not applicable (Directional outward),DE,Germany,Europe,CHF Millions,70021.5
2021,Swiss FDI abroad (Outward),Capital stocks,Not applicable (Directional outward),GR,Greece,Europe,CHF Millions,1203.2
2021,Swiss FDI abroad (Outward),Capital stocks,Not applicable (Directional outward),GT,Guatemala,Central and South America,CHF Millions,5.9
2021,Swiss FDI abroad (Outward),Capital stocks,Not applicable (Directional outward),HK,Hong Kong,Asia,CHF Millions,10655.0
2021,Swiss FDI abroad (Outward),Capital stocks,Not applicable (Directional outward),HU,Hungary,Europe,CHF Millions,50853.2
2021,Swiss FDI abroad (Outward),Capital stocks,Not applicable (Directional outward),IN,India,Asia,CHF Millions,7395.2
2021,Swiss FDI abroad (Outward),Capital stocks,Not applicable (Directional outward),ID,Indonesia,Asia,CHF Millions,1718.8
2021,Swiss FDI abroad (Outward),Capital stocks,Not applicable (Directional outward),IE,Ireland,Europe,CHF Millions,50512.4
2021,Swiss FDI abroad (Outward),Capital stocks,Not applicable (Directional outward),IL,Israel,Asia,CHF Millions,1187.0
2021,Swiss FDI abroad (Outward),Capital stocks,Not applicable (Directional outward),IT,Italy,Europe,CHF Millions,23117.5
2021,Swiss FDI abroad (Outward),Capital stocks,Not applicable (Directional outward),JP,Japan,Asia,CHF Millions,19376.9
2021,Swiss FDI abroad (Outward),Capital stocks,Not applicable (Directional outward),JO,Jordan,Asia,CHF Millions,219.5
2021,Swiss FDI abroad (Outward),Capital stocks,Not applicable (Directional outward),KE,Kenya,Africa,CHF Millions,511.2
2021,Swiss FDI abroad (Outward),Capital stocks,Not applicable (Directional outward),KR,"Korea, Republic of (South Korea)",Asia,CHF Millions,4103.9
2021,Swiss FDI abroad (Outward),Capital stocks,Not applicable (Directional outward),LV,Latvia,Europe,CHF Millions,172.9
2021,Swiss FDI abroad (Outward),Capital stocks,Not applicable (Directional outward),LB,Lebanon,Asia,CHF Millions,97.0
2021,Swiss FDI abroad (Outward),Capital stocks,Not applicable (Directional outward),LT,Lithuania,Europe,CHF Millions,1088.6
2021,Swiss FDI abroad (Outward),Capital stocks,Not applicable (Directional outward),LU,Luxembourg,Europe,CHF Millions,88706.0
2021,Swiss FDI abroad (Outward),Capital stocks,Not applicable (Directional outward),MY,Malaysia,Asia,CHF Millions,3956.0
2021,Swiss FDI abroad (Outward),Capital stocks,Not applicable (Directional outward),MU,Mauritius,Africa,CHF Millions,552.1
2021,Swiss FDI abroad (Outward),Capital stocks,Not applicable (Directional outward),PMT,Memorandum item: All countries including real estate activities,All / Total,CHF Millions,1464346.4
2021,Swiss FDI abroad (Outward),Capital stocks,Not applicable (Directional outward),PMG,Memorandum item: Real estate activities,All / Total,CHF Millions,7276.6
2021,Swiss FDI abroad (Outward),Capital stocks,Not applicable (Directional outward),MX,Mexico,Central and South America,CHF Millions,8272.7
2021,Swiss FDI abroad (Outward),Capital stocks,Not applicable (Directional outward),MA,Morocco,Africa,CHF Millions,410.6
2021,Swiss FDI abroad (Outward),Capital stocks,Not applicable (Directional outward),NL,Netherlands,Europe,CHF Millions,170299.0
2021,Swiss FDI abroad (Outward),Capital stocks,Not applicable (Directional outward),NZ,New Zealand,Oceania,CHF Millions,586.1
2021,Swiss FDI abroad (Outward),Capital stocks,Not applicable (Directional outward),NG,Nigeria,Africa,CHF Millions,389.4
2021,Swiss FDI abroad (Outward),Capital stocks,Not applicable (Directional outward),NO,Norway,Europe,CHF Millions,8095.6
2021,Swiss FDI abroad (Outward),Capital stocks,Not applicable (Directional outward),S19,Offshore financial centres in Central and South America,Central and South America,CHF Millions,151580.1
2021,Swiss FDI abroad (Outward),Capital stocks,Not applicable (Directional outward),S21,Offshore financial centres in Europe,Europe,CHF Millions,31036.2
2021,Swiss FDI abroad (Outward),Capital stocks,Not applicable (Directional outward),G9,Other European countries,Europe,CHF Millions,153408.3
2021,Swiss FDI abroad (Outward),Capital stocks,Not applicable (Directional outward),PK,Pakistan,Asia,CHF Millions,1140.2
2021,Swiss FDI abroad (Outward),Capital stocks,Not applicable (Directional outward),PA,Panama,Central and South America,CHF Millions,1581.2
2021,Swiss FDI abroad (Outward),Capital stocks,Not applicable (Directional outward),PE,Peru,Central and South America,CHF Millions,709.7
2021,Swiss FDI abroad (Outward),Capital stocks,Not applicable (Directional outward),PH,Philippines,Asia,CHF Millions,2783.2
2021,Swiss FDI abroad (Outward),Capital stocks,Not applicable (Directional outward),PL,Poland,Europe,CHF Millions,6512.8
2021,Swiss FDI abroad (Outward),Capital stocks,Not applicable (Directional outward),PT,Portugal,Europe,CHF Millions,1811.4
2021,Swiss FDI abroad (Outward),Capital stocks,Not applicable (Directional outward),QA,Qatar,Asia,CHF Millions,232.0
2021,Swiss FDI abroad (Outward),Capital stocks,Not applicable (Directional outward),RO,Romania,Europe,CHF Millions,2852.1
2021,Swiss FDI abroad (Outward),Capital stocks,Not applicable (Directional outward),RU,Russia,Europe,CHF Millions,30163.7
2021,Swiss FDI abroad (Outward),Capital stocks,Not applicable (Directional outward),SA,Saudi Arabia,Asia,CHF Millions,1334.7
2021,Swiss FDI abroad (Outward),Capital stocks,Not applicable (Directional outward),RS,Serbia,Europe,CHF Millions,442.3
2021,Swiss FDI abroad (Outward),Capital stocks,Not applicable (Directional outward),SG,Singapore,Asia,CHF Millions,57915.9
2021,Swiss FDI abroad (Outward),Capital stocks,Not applicable (Directional outward),SK,Slovakia,Europe,CHF Millions,976.6
2021,Swiss FDI abroad (Outward),Capital stocks,Not applicable (Directional outward),ZA,South Africa,Africa,CHF Millions,2151.6
2021,Swiss FDI abroad (Outward),Capital stocks,Not applicable (Directional outward),ES,Spain,Europe,CHF Millions,18594.6
2021,Swiss FDI abroad (Outward),Capital stocks,Not applicable (Directional outward),LK,Sri Lanka,Asia,CHF Millions,109.7
2021,Swiss FDI abroad (Outward),Capital stocks,Not applicable (Directional outward),SE,Sweden,Europe,CHF Millions,13326.6
2021,Swiss FDI abroad (Outward),Capital stocks,Not applicable (Directional outward),TW,Taiwan,Asia,CHF Millions,2465.2
2021,Swiss FDI abroad (Outward),Capital stocks,Not applicable (Directional outward),TZ,Tanzania,Africa,CHF Millions,247.8
2021,Swiss FDI abroad (Outward),Capital stocks,Not applicable (Directional outward),TH,Thailand,Asia,CHF Millions,1868.6
2021,Swiss FDI abroad (Outward),Capital stocks,Not applicable (Directional outward),T0,Total,All / Total,CHF Millions,1457069.9
2021,Swiss FDI abroad (Outward),Capital stocks,Not applicable (Directional outward),T1,Total,Europe,CHF Millions,742756.2
2021,Swiss FDI abroad (Outward),Capital stocks,Not applicable (Directional outward),T2,Total,North America,CHF Millions,350091.2
2021,Swiss FDI abroad (Outward),Capital stocks,Not applicable (Directional outward),T3,Total,Central and South America,CHF Millions,184922.1
2021,Swiss FDI abroad (Outward),Capital stocks,Not applicable (Directional outward),T4,Total,Asia,CHF Millions,158346.5
2021,Swiss FDI abroad (Outward),Capital stocks,Not applicable (Directional outward),T5,Total,Africa,CHF Millions,9141.8
2021,Swiss FDI abroad (Outward),Capital stocks,Not applicable (Directional outward),T6,Total,Oceania,CHF Millions,11812.1
2021,Swiss FDI abroad (Outward),Capital stocks,Not applicable (Directional outward),TN,Tunisia,Africa,CHF Millions,37.5
2021,Swiss FDI abroad (Outward),Capital stocks,Not applicable (Directional outward),TR,Turkey,Europe,CHF Millions,2963.9
2021,Swiss FDI abroad (Outward),Capital stocks,Not applicable (Directional outward),UA,Ukraine,Europe,CHF Millions,3384.3
2021,Swiss FDI abroad (Outward),Capital stocks,Not applicable (Directional outward),AE,United Arab Emirates,Asia,CHF Millions,12581.6
2021,Swiss FDI abroad (Outward),Capital stocks,Not applicable (Directional outward),GB,United Kingdom,Europe,CHF Millions,76775.4
2021,Swiss FDI abroad (Outward),Capital stocks,Not applicable (Directional outward),US,United States,North America,CHF Millions,316545.7
2021,Swiss FDI abroad (Outward),Capital stocks,Not applicable (Directional outward),UY,Uruguay,Central and South America,CHF Millions,2345.4
2021,Swiss FDI abroad (Outward),Capital stocks,Not applicable (Directional outward),VE,Venezuela,Central and South America,CHF Millions,786.2
2021,Swiss FDI abroad (Outward),Capital stocks,Not applicable (Directional outward),VN,Viet Nam,Asia,CHF Millions,1161.0
2021,Swiss FDI abroad (Outward),Capital transactions (flows),Not applicable (Directional outward),AR,Argentina,Central and South America,CHF Millions,408.9
2021,Swiss FDI abroad (Outward),Capital transactions (flows),Not applicable (Directional outward),AU,Australia,Oceania,CHF Millions,1064.8
2021,Swiss FDI abroad (Outward),Capital transactions (flows),Not applicable (Directional outward),AT,Austria,Europe,CHF Millions,1966.1
2021,Swiss FDI abroad (Outward),Capital transactions (flows),Not applicable (Directional outward),BD,Bangladesh,Asia,CHF Millions,25.8
2021,Swiss FDI abroad (Outward),Capital transactions (flows),Not applicable (Directional outward),BE,Belgium,Europe,CHF Millions,-271.9
2021,Swiss FDI abroad (Outward),Capital transactions (flows),Not applicable (Directional outward),BO,Bolivia,Central and South America,CHF Millions,0.2
2021,Swiss FDI abroad (Outward),Capital transactions (flows),Not applicable (Directional outward),BA,Bosnia and Herzegovina,Europe,CHF Millions,110.0
2021,Swiss FDI abroad (Outward),Capital transactions (flows),Not applicable (Directional outward),BR,Brazil,Central and South America,CHF Millions,368.8
2021,Swiss FDI abroad (Outward),Capital transactions (flows),Not applicable (Directional outward),BG,Bulgaria,Europe,CHF Millions,-263.6
2021,Swiss FDI abroad (Outward),Capital transactions (flows),Not applicable (Directional outward),CM,Cameroon,Africa,CHF Millions,-0.5
2021,Swiss FDI abroad (Outward),Capital transactions (flows),Not applicable (Directional outward),CA,Canada,North America,CHF Millions,-210.9
2021,Swiss FDI abroad (Outward),Capital transactions (flows),Not applicable (Directional outward),CL,Chile,Central and South America,CHF Millions,-146.7
2021,Swiss FDI abroad (Outward),Capital transactions (flows),Not applicable (Directional outward),CN,China,Asia,CHF Millions,2441.5
2021,Swiss FDI abroad (Outward),Capital transactions (flows),Not applicable (Directional outward),CO,Colombia,Central and South America,CHF Millions,543.1
2021,Swiss FDI abroad (Outward),Capital transactions (flows),Not applicable (Directional outward),CR,Costa Rica,Central and South America,CHF Millions,221.4
2021,Swiss FDI abroad (Outward),Capital transactions (flows),Not applicable (Directional outward),HR,Croatia,Europe,CHF Millions,127.5
2021,Swiss FDI abroad (Outward),Capital transactions (flows),Not applicable (Directional outward),CY,Cyprus,Europe,CHF Millions,-84112.8
2021,Swiss FDI abroad (Outward),Capital transactions (flows),Not applicable (Directional outward),CZ,Czechia,Europe,CHF Millions,181.6
2021,Swiss FDI abroad (Outward),Capital transactions (flows),Not applicable (Directional outward),CI,Côte d’Ivoire,Africa,CHF Millions,28.6
2021,Swiss FDI abroad (Outward),Capital transactions (flows),Not applicable (Directional outward),DK,Denmark,Europe,CHF Millions,-68.6
2021,Swiss FDI abroad (Outward),Capital transactions (flows),Not applicable (Directional outward),B3,EU,Europe,CHF Millions,-136266.8
2021,Swiss FDI abroad (Outward),Capital transactions (flows),Not applicable (Directional outward),EC,Ecuador,Central and South America,CHF Millions,21.7
2021,Swiss FDI abroad (Outward),Capital transactions (flows),Not applicable (Directional outward),EG,Egypt,Africa,CHF Millions,279.5
2021,Swiss FDI abroad (Outward),Capital transactions (flows),Not applicable (Directional outward),EE,Estonia,Europe,CHF Millions,-93.8
2021,Swiss FDI abroad (Outward),Capital transactions (flows),Not applicable (Directional outward),FI,Finland,Europe,CHF Millions,1524.4
2021,Swiss FDI abroad (Outward),Capital transactions (flows),Not applicable (Directional outward),FR,France,Europe,CHF Millions,-6670.6
2021,Swiss FDI abroad (Outward),Capital transactions (flows),Not applicable (Directional outward),DE,Germany,Europe,CHF Millions,3131.5
2021,Swiss FDI abroad (Outward),Capital transactions (flows),Not applicable (Directional outward),GR,Greece,Europe,CHF Millions,105.2
2021,Swiss FDI abroad (Outward),Capital transactions (flows),Not applicable (Directional outward),GT,Guatemala,Central and South America,CHF Millions,10.7
2021,Swiss FDI abroad (Outward),Capital transactions (flows),Not applicable (Directional outward),HK,Hong Kong,Asia,CHF Millions,1212.6
2021,Swiss FDI abroad (Outward),Capital transactions (flows),Not applicable (Directional outward),HU,Hungary,Europe,CHF Millions,712.7
2021,Swiss FDI abroad (Outward),Capital transactions (flows),Not applicable (Directional outward),IN,India,Asia,CHF Millions,4597.2
2021,Swiss FDI abroad (Outward),Capital transactions (flows),Not applicable (Directional outward),ID,Indonesia,Asia,CHF Millions,132.5
2021,Swiss FDI abroad (Outward),Capital transactions (flows),Not applicable (Directional outward),IE,Ireland,Europe,CHF Millions,-42256.5
2021,Swiss FDI abroad (Outward),Capital transactions (flows),Not applicable (Directional outward),IL,Israel,Asia,CHF Millions,56.5
2021,Swiss FDI abroad (Outward),Capital transactions (flows),Not applicable (Directional outward),IT,Italy,Europe,CHF Millions,2731.9
2021,Swiss FDI abroad (Outward),Capital transactions (flows),Not applicable (Directional outward),JP,Japan,Asia,CHF Millions,2532.6
2021,Swiss FDI abroad (Outward),Capital transactions (flows),Not applicable (Directional outward),JO,Jordan,Asia,CHF Millions,48.4
2021,Swiss FDI abroad (Outward),Capital transactions (flows),Not applicable (Directional outward),KE,Kenya,Africa,CHF Millions,102.3
2021,Swiss FDI abroad (Outward),Capital transactions (flows),Not applicable (Directional outward),KR,"Korea, Republic of (South Korea)",Asia,CHF Millions,357.4
2021,Swiss FDI abroad (Outward),Capital transactions (flows),Not applicable (Directional outward),LV,Latvia,Europe,CHF Millions,-13.5
2021,Swiss FDI abroad (Outward),Capital transactions (flows),Not applicable (Directional outward),LB,Lebanon,Asia,CHF Millions,6.8
2021,Swiss FDI abroad (Outward),Capital transactions (flows),Not applicable (Directional outward),LT,Lithuania,Europe,CHF Millions,-46.9
2021,Swiss FDI abroad (Outward),Capital transactions (flows),Not applicable (Directional outward),LU,Luxembourg,Europe,CHF Millions,-19202.1
2021,Swiss FDI abroad (Outward),Capital transactions (flows),Not applicable (Directional outward),MY,Malaysia,Asia,CHF Millions,-171.7
2021,Swiss FDI abroad (Outward),Capital transactions (flows),Not applicable (Directional outward),MU,Mauritius,Africa,CHF Millions,-97.1
2021,Swiss FDI abroad (Outward),Capital transactions (flows),Not applicable (Directional outward),PMA,Memorandum item: All countries including real estate activities,All / Total,CHF Millions,-111163.6
2021,Swiss FDI abroad (Outward),Capital transactions (flows),Not applicable (Directional outward),PMG,Memorandum item: Real estate activities,All / Total,CHF Millions,865.5
2021,Swiss FDI abroad (Outward),Capital transactions (flows),Not applicable (Directional outward),MX,Mexico,Central and South America,CHF Millions,498.5
2021,Swiss FDI abroad (Outward),Capital transactions (flows),Not applicable (Directional outward),MA,Morocco,Africa,CHF Millions,54.8
2021,Swiss FDI abroad (Outward),Capital transactions (flows),Not applicable (Directional outward),NL,Netherlands,Europe,CHF Millions,2805.6
2021,Swiss FDI abroad (Outward),Capital transactions (flows),Not applicable (Directional outward),NZ,New Zealand,Oceania,CHF Millions,-4.8
2021,Swiss FDI abroad (Outward),Capital transactions (flows),Not applicable (Directional outward),NG,Nigeria,Africa,CHF Millions,97.7
2021,Swiss FDI abroad (Outward),Capital transactions (flows),Not applicable (Directional outward),NO,Norway,Europe,CHF Millions,9061.6
2021,Swiss FDI abroad (Outward),Capital transactions (flows),Not applicable (Directional outward),S21,Offshore financial centres in Europe,Europe,CHF Millions,-2005.3
2021,Swiss FDI abroad (Outward),Capital transactions (flows),Not applicable (Directional outward),G9,Other European countries,Europe,CHF Millions,5853.6
2021,Swiss FDI abroad (Outward),Capital transactions (flows),Not applicable (Directional outward),PK,Pakistan,Asia,CHF Millions,142.3
2021,Swiss FDI abroad (Outward),Capital transactions (flows),Not applicable (Directional outward),PA,Panama,Central and South America,CHF Millions,-606.7
2021,Swiss FDI abroad (Outward),Capital transactions (flows),Not applicable (Directional outward),PE,Peru,Central and South America,CHF Millions,-261.1
2021,Swiss FDI abroad (Outward),Capital transactions (flows),Not applicable (Directional outward),PH,Philippines,Asia,CHF Millions,746.7
2021,Swiss FDI abroad (Outward),Capital transactions (flows),Not applicable (Directional outward),PL,Poland,Europe,CHF Millions,608.2
2021,Swiss FDI abroad (Outward),Capital transactions (flows),Not applicable (Directional outward),PT,Portugal,Europe,CHF Millions,268.0
2021,Swiss FDI abroad (Outward),Capital transactions (flows),Not applicable (Directional outward),QA,Qatar,Asia,CHF Millions,99.0
2021,Swiss FDI abroad (Outward),Capital transactions (flows),Not applicable (Directional outward),RO,Romania,Europe,CHF Millions,-337.1
2021,Swiss FDI abroad (Outward),Capital transactions (flows),Not applicable (Directional outward),RU,Russia,Europe,CHF Millions,4579.9
2021,Swiss FDI abroad (Outward),Capital transactions (flows),Not applicable (Directional outward),SA,Saudi Arabia,Asia,CHF Millions,450.9
2021,Swiss FDI abroad (Outward),Capital transactions (flows),Not applicable (Directional outward),RS,Serbia,Europe,CHF Millions,24.5
2021,Swiss FDI abroad (Outward),Capital transactions (flows),Not applicable (Directional outward),SG,Singapore,Asia,CHF Millions,-8022.0
2021,Swiss FDI abroad (Outward),Capital transactions (flows),Not applicable (Directional outward),SK,Slovakia,Europe,CHF Millions,52.8
2021,Swiss FDI abroad (Outward),Capital transactions (flows),Not applicable (Directional outward),ZA,South Africa,Africa,CHF Millions,125.3
2021,Swiss FDI abroad (Outward),Capital transactions (flows),Not applicable (Directional outward),ES,Spain,Europe,CHF Millions,1417.4
2021,Swiss FDI abroad (Outward),Capital transactions (flows),Not applicable (Directional outward),LK,Sri Lanka,Asia,CHF Millions,63.4
2021,Swiss FDI abroad (Outward),Capital transactions (flows),Not applicable (Directional outward),SE,Sweden,Europe,CHF Millions,896.8
2021,Swiss FDI abroad (Outward),Capital transactions (flows),Not applicable (Directional outward),TW,Taiwan,Asia,CHF Millions,293.7
2021,Swiss FDI abroad (Outward),Capital transactions (flows),Not applicable (Directional outward),TZ,Tanzania,Africa,CHF Millions,67.5
2021,Swiss FDI abroad (Outward),Capital transactions (flows),Not applicable (Directional outward),TH,Thailand,Asia,CHF Millions,126.5
2021,Swiss FDI abroad (Outward),Capital transactions (flows),Not applicable (Directional outward),T0,Total,All / Total,CHF Millions,-112029.1
2021,Swiss FDI abroad (Outward),Capital transactions (flows),Not applicable (Directional outward),T1,Total,Europe,CHF Millions,-130413.2
2021,Swiss FDI abroad (Outward),Capital transactions (flows),Not applicable (Directional outward),S22,Total,Europe,CHF Millions,-154.3
2021,Swiss FDI abroad (Outward),Capital transactions (flows),Not applicable (Directional outward),T2,Total,North America,CHF Millions,9905.6
2021,Swiss FDI abroad (Outward),Capital transactions (flows),Not applicable (Directional outward),T3,Total,Central and South America,CHF Millions,-1254.9
2021,Swiss FDI abroad (Outward),Capital transactions (flows),Not applicable (Directional outward),S19,Total,Central and South America,CHF Millions,-2555.2
2021,Swiss FDI abroad (Outward),Capital transactions (flows),Not applicable (Directional outward),T4,Total,Asia,CHF Millions,11909.3
2021,Swiss FDI abroad (Outward),Capital transactions (flows),Not applicable (Directional outward),T5,Total,Africa,CHF Millions,-3184.5
2021,Swiss FDI abroad (Outward),Capital transactions (flows),Not applicable (Directional outward),T6,Total,Oceania,CHF Millions,1008.8
2021,Swiss FDI abroad (Outward),Capital transactions (flows),Not applicable (Directional outward),TN,Tunisia,Africa,CHF Millions,4.0
2021,Swiss FDI abroad (Outward),Capital transactions (flows),Not applicable (Directional outward),TR,Turkey,Europe,CHF Millions,895.2
2021,Swiss FDI abroad (Outward),Capital transactions (flows),Not applicable (Directional outward),UA,Ukraine,Europe,CHF Millions,370.1
2021,Swiss FDI abroad (Outward),Capital transactions (flows),Not applicable (Directional outward),AE,United Arab Emirates,Asia,CHF Millions,6349.9
2021,Swiss FDI abroad (Outward),Capital transactions (flows),Not applicable (Directional outward),GB,United Kingdom,Europe,CHF Millions,-7280.4
2021,Swiss FDI abroad (Outward),Capital transactions (flows),Not applicable (Directional outward),US,United States,North America,CHF Millions,10116.5
2021,Swiss FDI abroad (Outward),Capital transactions (flows),Not applicable (Directional outward),UY,Uruguay,Central and South America,CHF Millions,-76.4
2021,Swiss FDI abroad (Outward),Capital transactions (flows),Not applicable (Directional outward),VE,Venezuela,Central and South America,CHF Millions,-196.6
2021,Swiss FDI abroad (Outward),Capital transactions (flows),Not applicable (Directional outward),VN,Viet Nam,Asia,CHF Millions,189.4
2021,Swiss FDI abroad (Outward),Investment income,Not applicable (Directional outward),AR,Argentina,Central and South America,CHF Millions,256.2
2021,Swiss FDI abroad (Outward),Investment income,Not applicable (Directional outward),AU,Australia,Oceania,CHF Millions,913.4
2021,Swiss FDI abroad (Outward),Investment income,Not applicable (Directional outward),AT,Austria,Europe,CHF Millions,1670.9
2021,Swiss FDI abroad (Outward),Investment income,Not applicable (Directional outward),BD,Bangladesh,Asia,CHF Millions,41.1
2021,Swiss FDI abroad (Outward),Investment income,Not applicable (Directional outward),BE,Belgium,Europe,CHF Millions,773.5
2021,Swiss FDI abroad (Outward),Investment income,Not applicable (Directional outward),BO,Bolivia,Central and South America,CHF Millions,-0.9
2021,Swiss FDI abroad (Outward),Investment income,Not applicable (Directional outward),BA,Bosnia and Herzegovina,Europe,CHF Millions,124.5
2021,Swiss FDI abroad (Outward),Investment income,Not applicable (Directional outward),BR,Brazil,Central and South America,CHF Millions,543.7
2021,Swiss FDI abroad (Outward),Investment income,Not applicable (Directional outward),BG,Bulgaria,Europe,CHF Millions,52.5
2021,Swiss FDI abroad (Outward),Investment income,Not applicable (Directional outward),CM,Cameroon,Africa,CHF Millions,49.4
2021,Swiss FDI abroad (Outward),Investment income,Not applicable (Directional outward),CA,Canada,North America,CHF Millions,857.1
2021,Swiss FDI abroad (Outward),Investment income,Not applicable (Directional outward),CL,Chile,Central and South America,CHF Millions,285.2
2021,Swiss FDI abroad (Outward),Investment income,Not applicable (Directional outward),CN,China,Asia,CHF Millions,3601.8
2021,Swiss FDI abroad (Outward),Investment income,Not applicable (Directional outward),CO,Colombia,Central and South America,CHF Millions,81.5
2021,Swiss FDI abroad (Outward),Investment income,Not applicable (Directional outward),CR,Costa Rica,Central and South America,CHF Millions,168.4
2021,Swiss FDI abroad (Outward),Investment income,Not applicable (Directional outward),HR,Croatia,Europe,CHF Millions,62.8
2021,Swiss FDI abroad (Outward),Investment income,Not applicable (Directional outward),CY,Cyprus,Europe,CHF Millions,4570.4
2021,Swiss FDI abroad (Outward),Investment income,Not applicable (Directional outward),CZ,Czechia,Europe,CHF Millions,298.0
2021,Swiss FDI abroad (Outward),Investment income,Not applicable (Directional outward),CI,Côte d’Ivoire,Africa,CHF Millions,49.7
2021,Swiss FDI abroad (Outward),Investment income,Not applicable (Directional outward),DK,Denmark,Europe,CHF Millions,280.5
2021,Swiss FDI abroad (Outward),Investment income,Not applicable (Directional outward),B3,EU,Europe,CHF Millions,42115.5
2021,Swiss FDI abroad (Outward),Investment income,Not applicable (Directional outward),EC,Ecuador,Central and South America,CHF Millions,29.5
2021,Swiss FDI abroad (Outward),Investment income,Not applicable (Directional outward),EG,Egypt,Africa,CHF Millions,128.5
2021,Swiss FDI abroad (Outward),Investment income,Not applicable (Directional outward),EE,Estonia,Europe,CHF Millions,14.0
2021,Swiss FDI abroad (Outward),Investment income,Not applicable (Directional outward),FI,Finland,Europe,CHF Millions,217.0
2021,Swiss FDI abroad (Outward),Investment income,Not applicable (Directional outward),FR,France,Europe,CHF Millions,4656.7
2021,Swiss FDI abroad (Outward),Investment income,Not applicable (Directional outward),DE,Germany,Europe,CHF Millions,6368.1
2021,Swiss FDI abroad (Outward),Investment income,Not applicable (Directional outward),GR,Greece,Europe,CHF Millions,82.2
2021,Swiss FDI abroad (Outward),Investment income,Not applicable (Directional outward),GT,Guatemala,Central and South America,CHF Millions,28.8
2021,Swiss FDI abroad (Outward),Investment income,Not applicable (Directional outward),HK,Hong Kong,Asia,CHF Millions,3618.8
2021,Swiss FDI abroad (Outward),Investment income,Not applicable (Directional outward),HU,Hungary,Europe,CHF Millions,994.3
2021,Swiss FDI abroad (Outward),Investment income,Not applicable (Directional outward),IN,India,Asia,CHF Millions,1086.1
2021,Swiss FDI abroad (Outward),Investment income,Not applicable (Directional outward),ID,Indonesia,Asia,CHF Millions,289.2
2021,Swiss FDI abroad (Outward),Investment income,Not applicable (Directional outward),IE,Ireland,Europe,CHF Millions,23.5
2021,Swiss FDI abroad (Outward),Investment income,Not applicable (Directional outward),IL,Israel,Asia,CHF Millions,143.9
2021,Swiss FDI abroad (Outward),Investment income,Not applicable (Directional outward),IT,Italy,Europe,CHF Millions,2931.0
2021,Swiss FDI abroad (Outward),Investment income,Not applicable (Directional outward),JP,Japan,Asia,CHF Millions,3250.2
2021,Swiss FDI abroad (Outward),Investment income,Not applicable (Directional outward),JO,Jordan,Asia,CHF Millions,67.5
2021,Swiss FDI abroad (Outward),Investment income,Not applicable (Directional outward),KE,Kenya,Africa,CHF Millions,-1.3
2021,Swiss FDI abroad (Outward),Investment income,Not applicable (Directional outward),KR,"Korea, Republic of (South Korea)",Asia,CHF Millions,351.3
2021,Swiss FDI abroad (Outward),Investment income,Not applicable (Directional outward),LV,Latvia,Europe,CHF Millions,19.3
2021,Swiss FDI abroad (Outward),Investment income,Not applicable (Directional outward),LB,Lebanon,Asia,CHF Millions,5.2
2021,Swiss FDI abroad (Outward),Investment income,Not applicable (Directional outward),LT,Lithuania,Europe,CHF Millions,176.3
2021,Swiss FDI abroad (Outward),Investment income,Not applicable (Directional outward),LU,Luxembourg,Europe,CHF Millions,4102.4
2021,Swiss FDI abroad (Outward),Investment income,Not applicable (Directional outward),MY,Malaysia,Asia,CHF Millions,811.7
2021,Swiss FDI abroad (Outward),Investment income,Not applicable (Directional outward),MU,Mauritius,Africa,CHF Millions,38.6
2021,Swiss FDI abroad (Outward),Investment income,Not applicable (Directional outward),MX,Mexico,Central and South America,CHF Millions,1141.8
2021,Swiss FDI abroad (Outward),Investment income,Not applicable (Directional outward),MA,Morocco,Africa,CHF Millions,4.5
2021,Swiss FDI abroad (Outward),Investment income,Not applicable (Directional outward),NL,Netherlands,Europe,CHF Millions,11184.5
2021,Swiss FDI abroad (Outward),Investment income,Not applicable (Directional outward),NZ,New Zealand,Oceania,CHF Millions,83.2
2021,Swiss FDI abroad (Outward),Investment income,Not applicable (Directional outward),NG,Nigeria,Africa,CHF Millions,90.1
2021,Swiss FDI abroad (Outward),Investment income,Not applicable (Directional outward),NO,Norway,Europe,CHF Millions,242.3
2021,Swiss FDI abroad (Outward),Investment income,Not applicable (Directional outward),S21,Offshore financial centres in Europe,Europe,CHF Millions,-1919.8
2021,Swiss FDI abroad (Outward),Investment income,Not applicable (Directional outward),G9,Other European countries,Europe,CHF Millions,3361.4
2021,Swiss FDI abroad (Outward),Investment income,Not applicable (Directional outward),PK,Pakistan,Asia,CHF Millions,191.2
2021,Swiss FDI abroad (Outward),Investment income,Not applicable (Directional outward),PA,Panama,Central and South America,CHF Millions,342.5
2021,Swiss FDI abroad (Outward),Investment income,Not applicable (Directional outward),PE,Peru,Central and South America,CHF Millions,52.0
2021,Swiss FDI abroad (Outward),Investment income,Not applicable (Directional outward),PH,Philippines,Asia,CHF Millions,1073.2
2021,Swiss FDI abroad (Outward),Investment income,Not applicable (Directional outward),PL,Poland,Europe,CHF Millions,628.1
2021,Swiss FDI abroad (Outward),Investment income,Not applicable (Directional outward),PT,Portugal,Europe,CHF Millions,234.8
2021,Swiss FDI abroad (Outward),Investment income,Not applicable (Directional outward),QA,Qatar,Asia,CHF Millions,44.0
2021,Swiss FDI abroad (Outward),Investment income,Not applicable (Directional outward),RO,Romania,Europe,CHF Millions,18.7
2021,Swiss FDI abroad (Outward),Investment income,Not applicable (Directional outward),RU,Russia,Europe,CHF Millions,4869.7
2021,Swiss FDI abroad (Outward),Investment income,Not applicable (Directional outward),SA,Saudi Arabia,Asia,CHF Millions,75.6
2021,Swiss FDI abroad (Outward),Investment income,Not applicable (Directional outward),RS,Serbia,Europe,CHF Millions,54.6
2021,Swiss FDI abroad (Outward),Investment income,Not applicable (Directional outward),SG,Singapore,Asia,CHF Millions,5038.6
2021,Swiss FDI abroad (Outward),Investment income,Not applicable (Directional outward),SK,Slovakia,Europe,CHF Millions,65.3
2021,Swiss FDI abroad (Outward),Investment income,Not applicable (Directional outward),ZA,South Africa,Africa,CHF Millions,407.9
2021,Swiss FDI abroad (Outward),Investment income,Not applicable (Directional outward),ES,Spain,Europe,CHF Millions,1535.8
2021,Swiss FDI abroad (Outward),Investment income,Not applicable (Directional outward),LK,Sri Lanka,Asia,CHF Millions,24.1
2021,Swiss FDI abroad (Outward),Investment income,Not applicable (Directional outward),SE,Sweden,Europe,CHF Millions,914.5
2021,Swiss FDI abroad (Outward),Investment income,Not applicable (Directional outward),TW,Taiwan,Asia,CHF Millions,476.5
2021,Swiss FDI abroad (Outward),Investment income,Not applicable (Directional outward),TZ,Tanzania,Africa,CHF Millions,10.0
2021,Swiss FDI abroad (Outward),Investment income,Not applicable (Directional outward),TH,Thailand,Asia,CHF Millions,311.5
2021,Swiss FDI abroad (Outward),Investment income,Not applicable (Directional outward),T0,Total,All / Total,CHF Millions,104389.5
2021,Swiss FDI abroad (Outward),Investment income,Not applicable (Directional outward),T1,Total,Europe,CHF Millions,45476.9
2021,Swiss FDI abroad (Outward),Investment income,Not applicable (Directional outward),S22,Total,Europe,CHF Millions,209.6
2021,Swiss FDI abroad (Outward),Investment income,Not applicable (Directional outward),T2,Total,North America,CHF Millions,24266.9
2021,Swiss FDI abroad (Outward),Investment income,Not applicable (Directional outward),T3,Total,Central and South America,CHF Millions,10472.1
2021,Swiss FDI abroad (Outward),Investment income,Not applicable (Directional outward),S19,Total,Central and South America,CHF Millions,7657.6
2021,Swiss FDI abroad (Outward),Investment income,Not applicable (Directional outward),T4,Total,Asia,CHF Millions,22250.6
2021,Swiss FDI abroad (Outward),Investment income,Not applicable (Directional outward),T5,Total,Africa,CHF Millions,904.5
2021,Swiss FDI abroad (Outward),Investment income,Not applicable (Directional outward),T6,Total,Oceania,CHF Millions,1018.7
2021,Swiss FDI abroad (Outward),Investment income,Not applicable (Directional outward),TN,Tunisia,Africa,CHF Millions,-0.7
2021,Swiss FDI abroad (Outward),Investment income,Not applicable (Directional outward),TR,Turkey,Europe,CHF Millions,205.2
2021,Swiss FDI abroad (Outward),Investment income,Not applicable (Directional outward),UA,Ukraine,Europe,CHF Millions,899.3
2021,Swiss FDI abroad (Outward),Investment income,Not applicable (Directional outward),AE,United Arab Emirates,Asia,CHF Millions,992.0
2021,Swiss FDI abroad (Outward),Investment income,Not applicable (Directional outward),GB,United Kingdom,Europe,CHF Millions,-1208.3
2021,Swiss FDI abroad (Outward),Investment income,Not applicable (Directional outward),US,United States,North America,CHF Millions,23409.8
2021,Swiss FDI abroad (Outward),Investment income,Not applicable (Directional outward),UY,Uruguay,Central and South America,CHF Millions,97.6
2021,Swiss FDI abroad (Outward),Investment income,Not applicable (Directional outward),VE,Venezuela,Central and South America,CHF Millions,-23.1
2021,Swiss FDI abroad (Outward),Investment income,Not applicable (Directional outward),VN,Viet Nam,Asia,CHF Millions,212.5
2022,FDI in Switzerland (Inward),Capital stocks,Capital stocks by immediate investor,AU,Australia,All / Total,CHF Millions,
2022,FDI in Switzerland (Inward),Capital stocks,Capital stocks by immediate investor,AT,Austria,Europe,CHF Millions,15136.9
2022,FDI in Switzerland (Inward),Capital stocks,Capital stocks by immediate investor,BE,Belgium,Europe,CHF Millions,22022.2
2022,FDI in Switzerland (Inward),Capital stocks,Capital stocks by immediate investor,CA,Canada,North America,CHF Millions,507.0
2022,FDI in Switzerland (Inward),Capital stocks,Capital stocks by immediate investor,CN,China,All / Total,CHF Millions,
2022,FDI in Switzerland (Inward),Capital stocks,Capital stocks by immediate investor,CY,Cyprus,Europe,CHF Millions,12457.1
2022,FDI in Switzerland (Inward),Capital stocks,Capital stocks by immediate investor,DK,Denmark,Europe,CHF Millions,3489.1
2022,FDI in Switzerland (Inward),Capital stocks,Capital stocks by immediate investor,B3,EU,Europe,CHF Millions,677828.1
2022,FDI in Switzerland (Inward),Capital stocks,Capital stocks by immediate investor,FR,France,Europe,CHF Millions,34620.9
2022,FDI in Switzerland (Inward),Capital stocks,Capital stocks by immediate investor,DE,Germany,Europe,CHF Millions,19263.7
2022,FDI in Switzerland (Inward),Capital stocks,Capital stocks by immediate investor,HU,Hungary,Europe,CHF Millions,9299.8
2022,FDI in Switzerland (Inward),Capital stocks,Capital stocks by immediate investor,IN,India,All / Total,CHF Millions,
2022,FDI in Switzerland (Inward),Capital stocks,Capital stocks by immediate investor,IE,Ireland,Europe,CHF Millions,27123.7
2022,FDI in Switzerland (Inward),Capital stocks,Capital stocks by immediate investor,IL,Israel,All / Total,CHF Millions,835.9
2022,FDI in Switzerland (Inward),Capital stocks,Capital stocks by immediate investor,IT,Italy,Europe,CHF Millions,2567.4
2022,FDI in Switzerland (Inward),Capital stocks,Capital stocks by immediate investor,JP,Japan,All / Total,CHF Millions,35381.8
2022,FDI in Switzerland (Inward),Capital stocks,Capital stocks by immediate investor,LU,Luxembourg,Europe,CHF Millions,208861.0
2022,FDI in Switzerland (Inward),Capital stocks,Capital stocks by immediate investor,PMA,Memorandum item: All countries including real estate activities,All / Total,CHF Millions,1072621.9
2022,FDI in Switzerland (Inward),Capital stocks,Capital stocks by immediate investor,PMG,Memorandum item: Real estate activities,All / Total,CHF Millions,38967.9
2022,FDI in Switzerland (Inward),Capital stocks,Capital stocks by immediate investor,MX,Mexico,Central and South America,CHF Millions,
2022,FDI in Switzerland (Inward),Capital stocks,Capital stocks by immediate investor,NL,Netherlands,Europe,CHF Millions,305839.2
2022,FDI in Switzerland (Inward),Capital stocks,Capital stocks by immediate investor,S19,Offshore financial centres,Central and South America,CHF Millions,25778.8
2022,FDI in Switzerland (Inward),Capital stocks,Capital stocks by immediate investor,SNBBS21,Offshore financial centres in Europe,Europe,CHF Millions,
2022,FDI in Switzerland (Inward),Capital stocks,Capital stocks by immediate investor,G9,Other European countries,Europe,CHF Millions,86010.8
2022,FDI in Switzerland (Inward),Capital stocks,Capital stocks by immediate investor,RU,Russia,Europe,CHF Millions,
2022,FDI in Switzerland (Inward),Capital stocks,Capital stocks by immediate investor,ES,Spain,Europe,CHF Millions,524.3
2022,FDI in Switzerland (Inward),Capital stocks,Capital stocks by immediate investor,SE,Sweden,Europe,CHF Millions,11379.1
2022,FDI in Switzerland (Inward),Capital stocks,Capital stocks by immediate investor,T0,Total,All / Total,CHF Millions,1033654.0
2022,FDI in Switzerland (Inward),Capital stocks,Capital stocks by immediate investor,T1,Total,Europe,CHF Millions,763838.9
2022,FDI in Switzerland (Inward),Capital stocks,Capital stocks by immediate investor,T2,Total,North America,CHF Millions,163725.0
2022,FDI in Switzerland (Inward),Capital stocks,Capital stocks by immediate investor,T3,Total,Central and South America,CHF Millions,28712.3
2022,FDI in Switzerland (Inward),Capital stocks,Capital stocks by immediate investor,T4,Total,All / Total,CHF Millions,77378.0
2022,FDI in Switzerland (Inward),Capital stocks,Capital stocks by immediate investor,AE,United Arab Emirates,All / Total,CHF Millions,
2022,FDI in Switzerland (Inward),Capital stocks,Capital stocks by immediate investor,GB,United Kingdom,Europe,CHF Millions,62947.2
2022,FDI in Switzerland (Inward),Capital stocks,Capital stocks by immediate investor,US,United States,North America,CHF Millions,163218.1
2022,FDI in Switzerland (Inward),Capital stocks,Capital stocks by ultimate beneficial owner,AU,Australia,All / Total,CHF Millions,11209.6
2022,FDI in Switzerland (Inward),Capital stocks,Capital stocks by ultimate beneficial owner,AT,Austria,Europe,CHF Millions,10496.3
2022,FDI in Switzerland (Inward),Capital stocks,Capital stocks by ultimate beneficial owner,BE,Belgium,Europe,CHF Millions,21201.3
2022,FDI in Switzerland (Inward),Capital stocks,Capital stocks by ultimate beneficial owner,CA,Canada,North America,CHF Millions,21779.6
2022,FDI in Switzerland (Inward),Capital stocks,Capital stocks by ultimate beneficial owner,CN,China,All / Total,CHF Millions,18787.3
2022,FDI in Switzerland (Inward),Capital stocks,Capital stocks by ultimate beneficial owner,CY,Cyprus,Europe,CHF Millions,
2022,FDI in Switzerland (Inward),Capital stocks,Capital stocks by ultimate beneficial owner,DK,Denmark,Europe,CHF Millions,3186.8
2022,FDI in Switzerland (Inward),Capital stocks,Capital stocks by ultimate beneficial owner,B3,EU,Europe,CHF Millions,322210.7
2022,FDI in Switzerland (Inward),Capital stocks,Capital stocks by ultimate beneficial owner,FR,France,Europe,CHF Millions,44576.8
2022,FDI in Switzerland (Inward),Capital stocks,Capital stocks by ultimate beneficial owner,DE,Germany,Europe,CHF Millions,44201.9
2022,FDI in Switzerland (Inward),Capital stocks,Capital stocks by ultimate beneficial owner,HU,Hungary,Europe,CHF Millions,
2022,FDI in Switzerland (Inward),Capital stocks,Capital stocks by ultimate beneficial owner,IN,India,All / Total,CHF Millions,775.2
2022,FDI in Switzerland (Inward),Capital stocks,Capital stocks by ultimate beneficial owner,IE,Ireland,Europe,CHF Millions,113499.4
2022,FDI in Switzerland (Inward),Capital stocks,Capital stocks by ultimate beneficial owner,IL,Israel,All / Total,CHF Millions,2899.7
2022,FDI in Switzerland (Inward),Capital stocks,Capital stocks by ultimate beneficial owner,IT,Italy,Europe,CHF Millions,3090.7
2022,FDI in Switzerland (Inward),Capital stocks,Capital stocks by ultimate beneficial owner,JP,Japan,All / Total,CHF Millions,40292.8
2022,FDI in Switzerland (Inward),Capital stocks,Capital stocks by ultimate beneficial owner,LU,Luxembourg,Europe,CHF Millions,9161.3
2022,FDI in Switzerland (Inward),Capital stocks,Capital stocks by ultimate beneficial owner,PMA,Memorandum item: All countries including real estate activities,All / Total,CHF Millions,1072621.9
2022,FDI in Switzerland (Inward),Capital stocks,Capital stocks by ultimate beneficial owner,PMG,Memorandum item: Real estate activities,All / Total,CHF Millions,38967.9
2022,FDI in Switzerland (Inward),Capital stocks,Capital stocks by ultimate beneficial owner,MX,Mexico,Central and South America,CHF Millions,4496.9
2022,FDI in Switzerland (Inward),Capital stocks,Capital stocks by ultimate beneficial owner,NL,Netherlands,Europe,CHF Millions,51753.0
2022,FDI in Switzerland (Inward),Capital stocks,Capital stocks by ultimate beneficial owner,S19,Offshore financial centres,Central and South America,CHF Millions,24910.2
2022,FDI in Switzerland (Inward),Capital stocks,Capital stocks by ultimate beneficial owner,SNBBS21,Offshore financial centres in Europe,Europe,CHF Millions,9081.7
2022,FDI in Switzerland (Inward),Capital stocks,Capital stocks by ultimate beneficial owner,G9,Other European countries,Europe,CHF Millions,124816.2
2022,FDI in Switzerland (Inward),Capital stocks,Capital stocks by ultimate beneficial owner,RU,Russia,Europe,CHF Millions,16319.4
2022,FDI in Switzerland (Inward),Capital stocks,Capital stocks by ultimate beneficial owner,ES,Spain,Europe,CHF Millions,1608.8
2022,FDI in Switzerland (Inward),Capital stocks,Capital stocks by ultimate beneficial owner,SE,Sweden,Europe,CHF Millions,11722.6
2022,FDI in Switzerland (Inward),Capital stocks,Capital stocks by ultimate beneficial owner,T0,Total,All / Total,CHF Millions,1033654.0
2022,FDI in Switzerland (Inward),Capital stocks,Capital stocks by ultimate beneficial owner,T1,Total,Europe,CHF Millions,447026.9
2022,FDI in Switzerland (Inward),Capital stocks,Capital stocks by ultimate beneficial owner,T2,Total,North America,CHF Millions,429316.0
2022,FDI in Switzerland (Inward),Capital stocks,Capital stocks by ultimate beneficial owner,T3,Total,Central and South America,CHF Millions,47766.3
2022,FDI in Switzerland (Inward),Capital stocks,Capital stocks by ultimate beneficial owner,T4,Total,All / Total,CHF Millions,109545.1
2022,FDI in Switzerland (Inward),Capital stocks,Capital stocks by ultimate beneficial owner,AE,United Arab Emirates,All / Total,CHF Millions,4499.0
2022,FDI in Switzerland (Inward),Capital stocks,Capital stocks by ultimate beneficial owner,GB,United Kingdom,Europe,CHF Millions,43958.7
2022,FDI in Switzerland (Inward),Capital stocks,Capital stocks by ultimate beneficial owner,US,United States,North America,CHF Millions,407536.3
2022,FDI in Switzerland (Inward),Capital transactions (flows),Immediate investor,AT,Austria,Europe,CHF Millions,-1319.2
2022,FDI in Switzerland (Inward),Capital transactions (flows),Immediate investor,BE,Belgium,Europe,CHF Millions,438.5
2022,FDI in Switzerland (Inward),Capital transactions (flows),Immediate investor,CA,Canada,North America,CHF Millions,-708.9
2022,FDI in Switzerland (Inward),Capital transactions (flows),Immediate investor,CY,Cyprus,Europe,CHF Millions,1523.0
2022,FDI in Switzerland (Inward),Capital transactions (flows),Immediate investor,DK,Denmark,Europe,CHF Millions,1208.1
2022,FDI in Switzerland (Inward),Capital transactions (flows),Immediate investor,B3,EU,Europe,CHF Millions,-57079.2
2022,FDI in Switzerland (Inward),Capital transactions (flows),Immediate investor,FR,France,Europe,CHF Millions,534.3
2022,FDI in Switzerland (Inward),Capital transactions (flows),Immediate investor,DE,Germany,Europe,CHF Millions,1616.0
2022,FDI in Switzerland (Inward),Capital transactions (flows),Immediate investor,HU,Hungary,Europe,CHF Millions,-17211.7
2022,FDI in Switzerland (Inward),Capital transactions (flows),Immediate investor,IE,Ireland,Europe,CHF Millions,-14885.7
2022,FDI in Switzerland (Inward),Capital transactions (flows),Immediate investor,IL,Israel,All / Total,CHF Millions,99.6
2022,FDI in Switzerland (Inward),Capital transactions (flows),Immediate investor,IT,Italy,Europe,CHF Millions,-881.4
2022,FDI in Switzerland (Inward),Capital transactions (flows),Immediate investor,JP,Japan,All / Total,CHF Millions,-4041.5
2022,FDI in Switzerland (Inward),Capital transactions (flows),Immediate investor,LU,Luxembourg,Europe,CHF Millions,-9901.2
2022,FDI in Switzerland (Inward),Capital transactions (flows),Immediate investor,PMA,Memorandum item: All countries including real estate activities,All / Total,CHF Millions,-59370.3
2022,FDI in Switzerland (Inward),Capital transactions (flows),Immediate investor,PMG,Memorandum item: Real estate activities,All / Total,CHF Millions,454.3
2022,FDI in Switzerland (Inward),Capital transactions (flows),Immediate investor,NL,Netherlands,Europe,CHF Millions,-20319.3
2022,FDI in Switzerland (Inward),Capital transactions (flows),Immediate investor,S19,Offshore financial centres,Central and South America,CHF Millions,-7849.2
2022,FDI in Switzerland (Inward),Capital transactions (flows),Immediate investor,G9,Other European countries,Europe,CHF Millions,8719.0
2022,FDI in Switzerland (Inward),Capital transactions (flows),Immediate investor,ES,Spain,Europe,CHF Millions,924.8
2022,FDI in Switzerland (Inward),Capital transactions (flows),Immediate investor,SE,Sweden,Europe,CHF Millions,786.2
2022,FDI in Switzerland (Inward),Capital transactions (flows),Immediate investor,T0,Total,All / Total,CHF Millions,-59824.6
2022,FDI in Switzerland (Inward),Capital transactions (flows),Immediate investor,T1,Total,Europe,CHF Millions,-48360.2
2022,FDI in Switzerland (Inward),Capital transactions (flows),Immediate investor,T2,Total,North America,CHF Millions,-6706.3
2022,FDI in Switzerland (Inward),Capital transactions (flows),Immediate investor,T3,Total,Central and South America,CHF Millions,-3645.3
2022,FDI in Switzerland (Inward),Capital transactions (flows),Immediate investor,T4,Total,All / Total,CHF Millions,-1112.6
2022,FDI in Switzerland (Inward),Capital transactions (flows),Immediate investor,GB,United Kingdom,Europe,CHF Millions,17774.1
2022,FDI in Switzerland (Inward),Capital transactions (flows),Immediate investor,US,United States,North America,CHF Millions,-5997.5
2022,FDI in Switzerland (Inward),Investment income,Investment income by immediate investor,AU,Australia,All / Total,CHF Millions,
2022,FDI in Switzerland (Inward),Investment income,Investment income by immediate investor,AT,Austria,Europe,CHF Millions,1255.1
2022,FDI in Switzerland (Inward),Investment income,Investment income by immediate investor,BE,Belgium,Europe,CHF Millions,704.6
2022,FDI in Switzerland (Inward),Investment income,Investment income by immediate investor,CA,Canada,North America,CHF Millions,24.0
2022,FDI in Switzerland (Inward),Investment income,Investment income by immediate investor,CN,China,All / Total,CHF Millions,
2022,FDI in Switzerland (Inward),Investment income,Investment income by immediate investor,CY,Cyprus,Europe,CHF Millions,1777.6
2022,FDI in Switzerland (Inward),Investment income,Investment income by immediate investor,DK,Denmark,Europe,CHF Millions,1814.3
2022,FDI in Switzerland (Inward),Investment income,Investment income by immediate investor,B3,EU,Europe,CHF Millions,69316.4
2022,FDI in Switzerland (Inward),Investment income,Investment income by immediate investor,FR,France,Europe,CHF Millions,6197.5
2022,FDI in Switzerland (Inward),Investment income,Investment income by immediate investor,DE,Germany,Europe,CHF Millions,2650.2
2022,FDI in Switzerland (Inward),Investment income,Investment income by immediate investor,HU,Hungary,Europe,CHF Millions,545.8
2022,FDI in Switzerland (Inward),Investment income,Investment income by immediate investor,IN,India,All / Total,CHF Millions,
2022,FDI in Switzerland (Inward),Investment income,Investment income by immediate investor,IE,Ireland,Europe,CHF Millions,6704.8
2022,FDI in Switzerland (Inward),Investment income,Investment income by immediate investor,IL,Israel,All / Total,CHF Millions,-26.9
2022,FDI in Switzerland (Inward),Investment income,Investment income by immediate investor,IT,Italy,Europe,CHF Millions,266.9
2022,FDI in Switzerland (Inward),Investment income,Investment income by immediate investor,JP,Japan,All / Total,CHF Millions,1438.7
2022,FDI in Switzerland (Inward),Investment income,Investment income by immediate investor,LU,Luxembourg,Europe,CHF Millions,10069.0
2022,FDI in Switzerland (Inward),Investment income,Investment income by immediate investor,MX,Mexico,Central and South America,CHF Millions,
2022,FDI in Switzerland (Inward),Investment income,Investment income by immediate investor,NL,Netherlands,Europe,CHF Millions,36030.4
2022,FDI in Switzerland (Inward),Investment income,Investment income by immediate investor,S19,Offshore financial centres,Central and South America,CHF Millions,922.8
2022,FDI in Switzerland (Inward),Investment income,Investment income by immediate investor,SNBBS21,Offshore financial centres in Europe,Europe,CHF Millions,
2022,FDI in Switzerland (Inward),Investment income,Investment income by immediate investor,G9,Other European countries,Europe,CHF Millions,17446.0
2022,FDI in Switzerland (Inward),Investment income,Investment income by immediate investor,RU,Russia,Europe,CHF Millions,
2022,FDI in Switzerland (Inward),Investment income,Investment income by immediate investor,ES,Spain,Europe,CHF Millions,192.8
2022,FDI in Switzerland (Inward),Investment income,Investment income by immediate investor,SE,Sweden,Europe,CHF Millions,1034.0
2022,FDI in Switzerland (Inward),Investment income,Investment income by immediate investor,T0,Total,All / Total,CHF Millions,108705.7
2022,FDI in Switzerland (Inward),Investment income,Investment income by immediate investor,T1,Total,Europe,CHF Millions,86762.4
2022,FDI in Switzerland (Inward),Investment income,Investment income by immediate investor,T2,Total,North America,CHF Millions,16834.8
2022,FDI in Switzerland (Inward),Investment income,Investment income by immediate investor,T3,Total,Central and South America,CHF Millions,485.7
2022,FDI in Switzerland (Inward),Investment income,Investment income by immediate investor,T4,Total,All / Total,CHF Millions,4622.8
2022,FDI in Switzerland (Inward),Investment income,Investment income by immediate investor,AE,United Arab Emirates,All / Total,CHF Millions,
2022,FDI in Switzerland (Inward),Investment income,Investment income by immediate investor,GB,United Kingdom,Europe,CHF Millions,11268.6
2022,FDI in Switzerland (Inward),Investment income,Investment income by immediate investor,US,United States,North America,CHF Millions,16810.8
2022,FDI in Switzerland (Inward),Investment income,Investment income by ultimate beneficial owner,AU,Australia,All / Total,CHF Millions,1882.2
2022,FDI in Switzerland (Inward),Investment income,Investment income by ultimate beneficial owner,AT,Austria,Europe,CHF Millions,-232.3
2022,FDI in Switzerland (Inward),Investment income,Investment income by ultimate beneficial owner,BE,Belgium,Europe,CHF Millions,960.8
2022,FDI in Switzerland (Inward),Investment income,Investment income by ultimate beneficial owner,CA,Canada,North America,CHF Millions,1727.3
2022,FDI in Switzerland (Inward),Investment income,Investment income by ultimate beneficial owner,CN,China,All / Total,CHF Millions,1115.4
2022,FDI in Switzerland (Inward),Investment income,Investment income by ultimate beneficial owner,CY,Cyprus,Europe,CHF Millions,
2022,FDI in Switzerland (Inward),Investment income,Investment income by ultimate beneficial owner,DK,Denmark,Europe,CHF Millions,1605.9
2022,FDI in Switzerland (Inward),Investment income,Investment income by ultimate beneficial owner,B3,EU,Europe,CHF Millions,28541.4
2022,FDI in Switzerland (Inward),Investment income,Investment income by ultimate beneficial owner,FR,France,Europe,CHF Millions,7562.4
2022,FDI in Switzerland (Inward),Investment income,Investment income by ultimate beneficial owner,DE,Germany,Europe,CHF Millions,4424.1
2022,FDI in Switzerland (Inward),Investment income,Investment income by ultimate beneficial owner,HU,Hungary,Europe,CHF Millions,
2022,FDI in Switzerland (Inward),Investment income,Investment income by ultimate beneficial owner,IN,India,All / Total,CHF Millions,-0.6
2022,FDI in Switzerland (Inward),Investment income,Investment income by ultimate beneficial owner,IE,Ireland,Europe,CHF Millions,3515.8
2022,FDI in Switzerland (Inward),Investment income,Investment income by ultimate beneficial owner,IL,Israel,All / Total,CHF Millions,-279.2
2022,FDI in Switzerland (Inward),Investment income,Investment income by ultimate beneficial owner,IT,Italy,Europe,CHF Millions,270.9
2022,FDI in Switzerland (Inward),Investment income,Investment income by ultimate beneficial owner,JP,Japan,All / Total,CHF Millions,2610.0
2022,FDI in Switzerland (Inward),Investment income,Investment income by ultimate beneficial owner,LU,Luxembourg,Europe,CHF Millions,537.5
2022,FDI in Switzerland (Inward),Investment income,Investment income by ultimate beneficial owner,MX,Mexico,Central and South America,CHF Millions,185.5
2022,FDI in Switzerland (Inward),Investment income,Investment income by ultimate beneficial owner,NL,Netherlands,Europe,CHF Millions,6817.7
2022,FDI in Switzerland (Inward),Investment income,Investment income by ultimate beneficial owner,S19,Offshore financial centres,Central and South America,CHF Millions,2219.6
2022,FDI in Switzerland (Inward),Investment income,Investment income by ultimate beneficial owner,SNBBS21,Offshore financial centres in Europe,Europe,CHF Millions,6231.0
2022,FDI in Switzerland (Inward),Investment income,Investment income by ultimate beneficial owner,G9,Other European countries,Europe,CHF Millions,14767.4
2022,FDI in Switzerland (Inward),Investment income,Investment income by ultimate beneficial owner,RU,Russia,Europe,CHF Millions,913.0
2022,FDI in Switzerland (Inward),Investment income,Investment income by ultimate beneficial owner,ES,Spain,Europe,CHF Millions,655.6
2022,FDI in Switzerland (Inward),Investment income,Investment income by ultimate beneficial owner,SE,Sweden,Europe,CHF Millions,1124.3
2022,FDI in Switzerland (Inward),Investment income,Investment income by ultimate beneficial owner,T0,Total,All / Total,CHF Millions,108705.7
2022,FDI in Switzerland (Inward),Investment income,Investment income by ultimate beneficial owner,T1,Total,Europe,CHF Millions,43308.8
2022,FDI in Switzerland (Inward),Investment income,Investment income by ultimate beneficial owner,T2,Total,North America,CHF Millions,56289.9
2022,FDI in Switzerland (Inward),Investment income,Investment income by ultimate beneficial owner,T3,Total,Central and South America,CHF Millions,2876.4
2022,FDI in Switzerland (Inward),Investment income,Investment income by ultimate beneficial owner,T4,Total,All / Total,CHF Millions,6230.5
2022,FDI in Switzerland (Inward),Investment income,Investment income by ultimate beneficial owner,AE,United Arab Emirates,All / Total,CHF Millions,349.5
2022,FDI in Switzerland (Inward),Investment income,Investment income by ultimate beneficial owner,GB,United Kingdom,Europe,CHF Millions,3784.1
2022,FDI in Switzerland (Inward),Investment income,Investment income by ultimate beneficial owner,US,United States,North America,CHF Millions,54562.6
2022,Swiss FDI abroad (Outward),Capital stocks,Not applicable (Directional outward),AR,Argentina,Central and South America,CHF Millions,3558.7
2022,Swiss FDI abroad (Outward),Capital stocks,Not applicable (Directional outward),AU,Australia,Oceania,CHF Millions,9349.0
2022,Swiss FDI abroad (Outward),Capital stocks,Not applicable (Directional outward),AT,Austria,Europe,CHF Millions,13855.1
2022,Swiss FDI abroad (Outward),Capital stocks,Not applicable (Directional outward),BD,Bangladesh,Asia,CHF Millions,101.6
2022,Swiss FDI abroad (Outward),Capital stocks,Not applicable (Directional outward),BE,Belgium,Europe,CHF Millions,16746.0
2022,Swiss FDI abroad (Outward),Capital stocks,Not applicable (Directional outward),BO,Bolivia,Central and South America,CHF Millions,37.5
2022,Swiss FDI abroad (Outward),Capital stocks,Not applicable (Directional outward),BA,Bosnia and Herzegovina,Europe,CHF Millions,304.8
2022,Swiss FDI abroad (Outward),Capital stocks,Not applicable (Directional outward),BR,Brazil,Central and South America,CHF Millions,11297.0
2022,Swiss FDI abroad (Outward),Capital stocks,Not applicable (Directional outward),BG,Bulgaria,Europe,CHF Millions,2445.3
2022,Swiss FDI abroad (Outward),Capital stocks,Not applicable (Directional outward),CM,Cameroon,Africa,CHF Millions,152.1
2022,Swiss FDI abroad (Outward),Capital stocks,Not applicable (Directional outward),CA,Canada,North America,CHF Millions,29169.2
2022,Swiss FDI abroad (Outward),Capital stocks,Not applicable (Directional outward),CL,Chile,Central and South America,CHF Millions,461.9
2022,Swiss FDI abroad (Outward),Capital stocks,Not applicable (Directional outward),CN,China,Asia,CHF Millions,28089.3
2022,Swiss FDI abroad (Outward),Capital stocks,Not applicable (Directional outward),CO,Colombia,Central and South America,CHF Millions,5454.5
2022,Swiss FDI abroad (Outward),Capital stocks,Not applicable (Directional outward),CR,Costa Rica,Central and South America,CHF Millions,1969.6
2022,Swiss FDI abroad (Outward),Capital stocks,Not applicable (Directional outward),HR,Croatia,Europe,CHF Millions,740.0
2022,Swiss FDI abroad (Outward),Capital stocks,Not applicable (Directional outward),CY,Cyprus,Europe,CHF Millions,-31156.5
2022,Swiss FDI abroad (Outward),Capital stocks,Not applicable (Directional outward),CZ,Czechia,Europe,CHF Millions,3886.2
2022,Swiss FDI abroad (Outward),Capital stocks,Not applicable (Directional outward),CI,Côte d’Ivoire,Africa,CHF Millions,363.0
2022,Swiss FDI abroad (Outward),Capital stocks,Not applicable (Directional outward),DK,Denmark,Europe,CHF Millions,1275.5
2022,Swiss FDI abroad (Outward),Capital stocks,Not applicable (Directional outward),B3,EU,Europe,CHF Millions,544904.2
2022,Swiss FDI abroad (Outward),Capital stocks,Not applicable (Directional outward),EC,Ecuador,Central and South America,CHF Millions,313.6
2022,Swiss FDI abroad (Outward),Capital stocks,Not applicable (Directional outward),EG,Egypt,Africa,CHF Millions,1163.7
2022,Swiss FDI abroad (Outward),Capital stocks,Not applicable (Directional outward),EE,Estonia,Europe,CHF Millions,143.1
2022,Swiss FDI abroad (Outward),Capital stocks,Not applicable (Directional outward),FI,Finland,Europe,CHF Millions,1991.1
2022,Swiss FDI abroad (Outward),Capital stocks,Not applicable (Directional outward),FR,France,Europe,CHF Millions,58300.1
2022,Swiss FDI abroad (Outward),Capital stocks,Not applicable (Directional outward),DE,Germany,Europe,CHF Millions,66581.2
2022,Swiss FDI abroad (Outward),Capital stocks,Not applicable (Directional outward),GR,Greece,Europe,CHF Millions,1463.5
2022,Swiss FDI abroad (Outward),Capital stocks,Not applicable (Directional outward),GT,Guatemala,Central and South America,CHF Millions,-23.8
2022,Swiss FDI abroad (Outward),Capital stocks,Not applicable (Directional outward),HK,Hong Kong,Asia,CHF Millions,7574.0
2022,Swiss FDI abroad (Outward),Capital stocks,Not applicable (Directional outward),HU,Hungary,Europe,CHF Millions,51029.9
2022,Swiss FDI abroad (Outward),Capital stocks,Not applicable (Directional outward),IN,India,Asia,CHF Millions,8200.1
2022,Swiss FDI abroad (Outward),Capital stocks,Not applicable (Directional outward),ID,Indonesia,Asia,CHF Millions,1844.8
2022,Swiss FDI abroad (Outward),Capital stocks,Not applicable (Directional outward),IE,Ireland,Europe,CHF Millions,44089.5
2022,Swiss FDI abroad (Outward),Capital stocks,Not applicable (Directional outward),IL,Israel,Asia,CHF Millions,628.3
2022,Swiss FDI abroad (Outward),Capital stocks,Not applicable (Directional outward),IT,Italy,Europe,CHF Millions,23564.5
2022,Swiss FDI abroad (Outward),Capital stocks,Not applicable (Directional outward),JP,Japan,Asia,CHF Millions,15553.3
2022,Swiss FDI abroad (Outward),Capital stocks,Not applicable (Directional outward),JO,Jordan,Asia,CHF Millions,252.3
2022,Swiss FDI abroad (Outward),Capital stocks,Not applicable (Directional outward),KE,Kenya,Africa,CHF Millions,510.2
2022,Swiss FDI abroad (Outward),Capital stocks,Not applicable (Directional outward),KR,"Korea, Republic of (South Korea)",Asia,CHF Millions,7966.6
2022,Swiss FDI abroad (Outward),Capital stocks,Not applicable (Directional outward),LV,Latvia,Europe,CHF Millions,176.0
2022,Swiss FDI abroad (Outward),Capital stocks,Not applicable (Directional outward),LB,Lebanon,Asia,CHF Millions,79.2
2022,Swiss FDI abroad (Outward),Capital stocks,Not applicable (Directional outward),LT,Lithuania,Europe,CHF Millions,772.0
2022,Swiss FDI abroad (Outward),Capital stocks,Not applicable (Directional outward),LU,Luxembourg,Europe,CHF Millions,81527.4
2022,Swiss FDI abroad (Outward),Capital stocks,Not applicable (Directional outward),MY,Malaysia,Asia,CHF Millions,3397.0
2022,Swiss FDI abroad (Outward),Capital stocks,Not applicable (Directional outward),MU,Mauritius,Africa,CHF Millions,472.8
2022,Swiss FDI abroad (Outward),Capital stocks,Not applicable (Directional outward),PMT,Memorandum item: All countries including real estate activities,All / Total,CHF Millions,1320038.3
2022,Swiss FDI abroad (Outward),Capital stocks,Not applicable (Directional outward),PMG,Memorandum item: Real estate activities,All / Total,CHF Millions,8004.8
2022,Swiss FDI abroad (Outward),Capital stocks,Not applicable (Directional outward),MX,Mexico,Central and South America,CHF Millions,8787.5
2022,Swiss FDI abroad (Outward),Capital stocks,Not applicable (Directional outward),MA,Morocco,Africa,CHF Millions,392.1
2022,Swiss FDI abroad (Outward),Capital stocks,Not applicable (Directional outward),NL,Netherlands,Europe,CHF Millions,164596.9
2022,Swiss FDI abroad (Outward),Capital stocks,Not applicable (Directional outward),NZ,New Zealand,Oceania,CHF Millions,720.9
2022,Swiss FDI abroad (Outward),Capital stocks,Not applicable (Directional outward),NG,Nigeria,Africa,CHF Millions,455.2
2022,Swiss FDI abroad (Outward),Capital stocks,Not applicable (Directional outward),NO,Norway,Europe,CHF Millions,4009.2
2022,Swiss FDI abroad (Outward),Capital stocks,Not applicable (Directional outward),S19,Offshore financial centres in Central and South America,Central and South America,CHF Millions,99422.8
2022,Swiss FDI abroad (Outward),Capital stocks,Not applicable (Directional outward),S21,Offshore financial centres in Europe,Europe,CHF Millions,26577.8
2022,Swiss FDI abroad (Outward),Capital stocks,Not applicable (Directional outward),G9,Other European countries,Europe,CHF Millions,122004.3
2022,Swiss FDI abroad (Outward),Capital stocks,Not applicable (Directional outward),PK,Pakistan,Asia,CHF Millions,1178.0
2022,Swiss FDI abroad (Outward),Capital stocks,Not applicable (Directional outward),PA,Panama,Central and South America,CHF Millions,1429.8
2022,Swiss FDI abroad (Outward),Capital stocks,Not applicable (Directional outward),PE,Peru,Central and South America,CHF Millions,242.0
2022,Swiss FDI abroad (Outward),Capital stocks,Not applicable (Directional outward),PH,Philippines,Asia,CHF Millions,2666.0
2022,Swiss FDI abroad (Outward),Capital stocks,Not applicable (Directional outward),PL,Poland,Europe,CHF Millions,6335.1
2022,Swiss FDI abroad (Outward),Capital stocks,Not applicable (Directional outward),PT,Portugal,Europe,CHF Millions,1817.4
2022,Swiss FDI abroad (Outward),Capital stocks,Not applicable (Directional outward),QA,Qatar,Asia,CHF Millions,180.7
2022,Swiss FDI abroad (Outward),Capital stocks,Not applicable (Directional outward),RO,Romania,Europe,CHF Millions,3162.2
2022,Swiss FDI abroad (Outward),Capital stocks,Not applicable (Directional outward),RU,Russia,Europe,CHF Millions,26561.6
2022,Swiss FDI abroad (Outward),Capital stocks,Not applicable (Directional outward),SA,Saudi Arabia,Asia,CHF Millions,1329.7
2022,Swiss FDI abroad (Outward),Capital stocks,Not applicable (Directional outward),RS,Serbia,Europe,CHF Millions,491.7
2022,Swiss FDI abroad (Outward),Capital stocks,Not applicable (Directional outward),SG,Singapore,Asia,CHF Millions,66378.9
2022,Swiss FDI abroad (Outward),Capital stocks,Not applicable (Directional outward),SK,Slovakia,Europe,CHF Millions,822.9
2022,Swiss FDI abroad (Outward),Capital stocks,Not applicable (Directional outward),ZA,South Africa,Africa,CHF Millions,2270.6
2022,Swiss FDI abroad (Outward),Capital stocks,Not applicable (Directional outward),ES,Spain,Europe,CHF Millions,18729.8
2022,Swiss FDI abroad (Outward),Capital stocks,Not applicable (Directional outward),LK,Sri Lanka,Asia,CHF Millions,86.4
2022,Swiss FDI abroad (Outward),Capital stocks,Not applicable (Directional outward),SE,Sweden,Europe,CHF Millions,9577.2
2022,Swiss FDI abroad (Outward),Capital stocks,Not applicable (Directional outward),TW,Taiwan,Asia,CHF Millions,2485.0
2022,Swiss FDI abroad (Outward),Capital stocks,Not applicable (Directional outward),TZ,Tanzania,Africa,CHF Millions,296.2
2022,Swiss FDI abroad (Outward),Capital stocks,Not applicable (Directional outward),TH,Thailand,Asia,CHF Millions,2102.9
2022,Swiss FDI abroad (Outward),Capital stocks,Not applicable (Directional outward),T0,Total,All / Total,CHF Millions,1312033.4
2022,Swiss FDI abroad (Outward),Capital stocks,Not applicable (Directional outward),T1,Total,Europe,CHF Millions,666908.5
2022,Swiss FDI abroad (Outward),Capital stocks,Not applicable (Directional outward),T2,Total,North America,CHF Millions,328318.5
2022,Swiss FDI abroad (Outward),Capital stocks,Not applicable (Directional outward),T3,Total,Central and South America,CHF Millions,136269.7
2022,Swiss FDI abroad (Outward),Capital stocks,Not applicable (Directional outward),T4,Total,Asia,CHF Millions,161249.1
2022,Swiss FDI abroad (Outward),Capital stocks,Not applicable (Directional outward),T5,Total,Africa,CHF Millions,9158.9
2022,Swiss FDI abroad (Outward),Capital stocks,Not applicable (Directional outward),T6,Total,Oceania,CHF Millions,10129.2
2022,Swiss FDI abroad (Outward),Capital stocks,Not applicable (Directional outward),TN,Tunisia,Africa,CHF Millions,48.6
2022,Swiss FDI abroad (Outward),Capital stocks,Not applicable (Directional outward),TR,Turkey,Europe,CHF Millions,3694.7
2022,Swiss FDI abroad (Outward),Capital stocks,Not applicable (Directional outward),UA,Ukraine,Europe,CHF Millions,2294.1
2022,Swiss FDI abroad (Outward),Capital stocks,Not applicable (Directional outward),AE,United Arab Emirates,Asia,CHF Millions,6162.3
2022,Swiss FDI abroad (Outward),Capital stocks,Not applicable (Directional outward),GB,United Kingdom,Europe,CHF Millions,57389.6
2022,Swiss FDI abroad (Outward),Capital stocks,Not applicable (Directional outward),US,United States,North America,CHF Millions,299149.3
2022,Swiss FDI abroad (Outward),Capital stocks,Not applicable (Directional outward),UY,Uruguay,Central and South America,CHF Millions,2365.6
2022,Swiss FDI abroad (Outward),Capital stocks,Not applicable (Directional outward),VE,Venezuela,Central and South America,CHF Millions,797.0
2022,Swiss FDI abroad (Outward),Capital stocks,Not applicable (Directional outward),VN,Viet Nam,Asia,CHF Millions,1127.7
2022,Swiss FDI abroad (Outward),Capital transactions (flows),Not applicable (Directional outward),AR,Argentina,Central and South America,CHF Millions,415.8
2022,Swiss FDI abroad (Outward),Capital transactions (flows),Not applicable (Directional outward),AU,Australia,Oceania,CHF Millions,-866.4
2022,Swiss FDI abroad (Outward),Capital transactions (flows),Not applicable (Directional outward),AT,Austria,Europe,CHF Millions,2562.0
2022,Swiss FDI abroad (Outward),Capital transactions (flows),Not applicable (Directional outward),BD,Bangladesh,Asia,CHF Millions,2.2
2022,Swiss FDI abroad (Outward),Capital transactions (flows),Not applicable (Directional outward),BE,Belgium,Europe,CHF Millions,20.3
2022,Swiss FDI abroad (Outward),Capital transactions (flows),Not applicable (Directional outward),BO,Bolivia,Central and South America,CHF Millions,-22.9
2022,Swiss FDI abroad (Outward),Capital transactions (flows),Not applicable (Directional outward),BA,Bosnia and Herzegovina,Europe,CHF Millions,51.7
2022,Swiss FDI abroad (Outward),Capital transactions (flows),Not applicable (Directional outward),BR,Brazil,Central and South America,CHF Millions,1509.0
2022,Swiss FDI abroad (Outward),Capital transactions (flows),Not applicable (Directional outward),BG,Bulgaria,Europe,CHF Millions,127.3
2022,Swiss FDI abroad (Outward),Capital transactions (flows),Not applicable (Directional outward),CM,Cameroon,Africa,CHF Millions,57.8
2022,Swiss FDI abroad (Outward),Capital transactions (flows),Not applicable (Directional outward),CA,Canada,North America,CHF Millions,-692.3
2022,Swiss FDI abroad (Outward),Capital transactions (flows),Not applicable (Directional outward),CL,Chile,Central and South America,CHF Millions,-1081.1
2022,Swiss FDI abroad (Outward),Capital transactions (flows),Not applicable (Directional outward),CN,China,Asia,CHF Millions,2397.2
2022,Swiss FDI abroad (Outward),Capital transactions (flows),Not applicable (Directional outward),CO,Colombia,Central and South America,CHF Millions,55.3
2022,Swiss FDI abroad (Outward),Capital transactions (flows),Not applicable (Directional outward),CR,Costa Rica,Central and South America,CHF Millions,227.3
2022,Swiss FDI abroad (Outward),Capital transactions (flows),Not applicable (Directional outward),HR,Croatia,Europe,CHF Millions,52.0
2022,Swiss FDI abroad (Outward),Capital transactions (flows),Not applicable (Directional outward),CY,Cyprus,Europe,CHF Millions,-15124.0
2022,Swiss FDI abroad (Outward),Capital transactions (flows),Not applicable (Directional outward),CZ,Czechia,Europe,CHF Millions,185.2
2022,Swiss FDI abroad (Outward),Capital transactions (flows),Not applicable (Directional outward),CI,Côte d’Ivoire,Africa,CHF Millions,-3.4
2022,Swiss FDI abroad (Outward),Capital transactions (flows),Not applicable (Directional outward),DK,Denmark,Europe,CHF Millions,-5.6
2022,Swiss FDI abroad (Outward),Capital transactions (flows),Not applicable (Directional outward),B3,EU,Europe,CHF Millions,-18698.6
2022,Swiss FDI abroad (Outward),Capital transactions (flows),Not applicable (Directional outward),EC,Ecuador,Central and South America,CHF Millions,11.3
2022,Swiss FDI abroad (Outward),Capital transactions (flows),Not applicable (Directional outward),EG,Egypt,Africa,CHF Millions,225.0
2022,Swiss FDI abroad (Outward),Capital transactions (flows),Not applicable (Directional outward),EE,Estonia,Europe,CHF Millions,8.4
2022,Swiss FDI abroad (Outward),Capital transactions (flows),Not applicable (Directional outward),FI,Finland,Europe,CHF Millions,-714.8
2022,Swiss FDI abroad (Outward),Capital transactions (flows),Not applicable (Directional outward),FR,France,Europe,CHF Millions,-963.0
2022,Swiss FDI abroad (Outward),Capital transactions (flows),Not applicable (Directional outward),DE,Germany,Europe,CHF Millions,4046.9
2022,Swiss FDI abroad (Outward),Capital transactions (flows),Not applicable (Directional outward),GR,Greece,Europe,CHF Millions,1382.1
2022,Swiss FDI abroad (Outward),Capital transactions (flows),Not applicable (Directional outward),GT,Guatemala,Central and South America,CHF Millions,-30.8
2022,Swiss FDI abroad (Outward),Capital transactions (flows),Not applicable (Directional outward),HK,Hong Kong,Asia,CHF Millions,-2807.4
2022,Swiss FDI abroad (Outward),Capital transactions (flows),Not applicable (Directional outward),HU,Hungary,Europe,CHF Millions,1020.0
2022,Swiss FDI abroad (Outward),Capital transactions (flows),Not applicable (Directional outward),IN,India,Asia,CHF Millions,1146.0
2022,Swiss FDI abroad (Outward),Capital transactions (flows),Not applicable (Directional outward),ID,Indonesia,Asia,CHF Millions,164.3
2022,Swiss FDI abroad (Outward),Capital transactions (flows),Not applicable (Directional outward),IE,Ireland,Europe,CHF Millions,-14207.4
2022,Swiss FDI abroad (Outward),Capital transactions (flows),Not applicable (Directional outward),IL,Israel,Asia,CHF Millions,-449.2
2022,Swiss FDI abroad (Outward),Capital transactions (flows),Not applicable (Directional outward),IT,Italy,Europe,CHF Millions,2169.1
2022,Swiss FDI abroad (Outward),Capital transactions (flows),Not applicable (Directional outward),JP,Japan,Asia,CHF Millions,-1158.8
2022,Swiss FDI abroad (Outward),Capital transactions (flows),Not applicable (Directional outward),JO,Jordan,Asia,CHF Millions,41.6
2022,Swiss FDI abroad (Outward),Capital transactions (flows),Not applicable (Directional outward),KE,Kenya,Africa,CHF Millions,-19.4
2022,Swiss FDI abroad (Outward),Capital transactions (flows),Not applicable (Directional outward),KR,"Korea, Republic of (South Korea)",Asia,CHF Millions,3936.0
2022,Swiss FDI abroad (Outward),Capital transactions (flows),Not applicable (Directional outward),LV,Latvia,Europe,CHF Millions,12.1
2022,Swiss FDI abroad (Outward),Capital transactions (flows),Not applicable (Directional outward),LB,Lebanon,Asia,CHF Millions,-11.8
2022,Swiss FDI abroad (Outward),Capital transactions (flows),Not applicable (Directional outward),LT,Lithuania,Europe,CHF Millions,226.5
2022,Swiss FDI abroad (Outward),Capital transactions (flows),Not applicable (Directional outward),LU,Luxembourg,Europe,CHF Millions,-9970.4
2022,Swiss FDI abroad (Outward),Capital transactions (flows),Not applicable (Directional outward),MY,Malaysia,Asia,CHF Millions,-374.7
2022,Swiss FDI abroad (Outward),Capital transactions (flows),Not applicable (Directional outward),MU,Mauritius,Africa,CHF Millions,-262.8
2022,Swiss FDI abroad (Outward),Capital transactions (flows),Not applicable (Directional outward),PMA,Memorandum item: All countries including real estate activities,All / Total,CHF Millions,-76215.9
2022,Swiss FDI abroad (Outward),Capital transactions (flows),Not applicable (Directional outward),PMG,Memorandum item: Real estate activities,All / Total,CHF Millions,1412.7
2022,Swiss FDI abroad (Outward),Capital transactions (flows),Not applicable (Directional outward),MX,Mexico,Central and South America,CHF Millions,1132.3
2022,Swiss FDI abroad (Outward),Capital transactions (flows),Not applicable (Directional outward),MA,Morocco,Africa,CHF Millions,-9.1
2022,Swiss FDI abroad (Outward),Capital transactions (flows),Not applicable (Directional outward),NL,Netherlands,Europe,CHF Millions,9068.3
2022,Swiss FDI abroad (Outward),Capital transactions (flows),Not applicable (Directional outward),NZ,New Zealand,Oceania,CHF Millions,247.5
2022,Swiss FDI abroad (Outward),Capital transactions (flows),Not applicable (Directional outward),NG,Nigeria,Africa,CHF Millions,126.6
2022,Swiss FDI abroad (Outward),Capital transactions (flows),Not applicable (Directional outward),NO,Norway,Europe,CHF Millions,-1605.8
2022,Swiss FDI abroad (Outward),Capital transactions (flows),Not applicable (Directional outward),S21,Offshore financial centres in Europe,Europe,CHF Millions,-1171.3
2022,Swiss FDI abroad (Outward),Capital transactions (flows),Not applicable (Directional outward),G9,Other European countries,Europe,CHF Millions,-13272.9
2022,Swiss FDI abroad (Outward),Capital transactions (flows),Not applicable (Directional outward),PK,Pakistan,Asia,CHF Millions,147.0
2022,Swiss FDI abroad (Outward),Capital transactions (flows),Not applicable (Directional outward),PA,Panama,Central and South America,CHF Millions,76.3
2022,Swiss FDI abroad (Outward),Capital transactions (flows),Not applicable (Directional outward),PE,Peru,Central and South America,CHF Millions,-516.0
2022,Swiss FDI abroad (Outward),Capital transactions (flows),Not applicable (Directional outward),PH,Philippines,Asia,CHF Millions,175.1
2022,Swiss FDI abroad (Outward),Capital transactions (flows),Not applicable (Directional outward),PL,Poland,Europe,CHF Millions,122.6
2022,Swiss FDI abroad (Outward),Capital transactions (flows),Not applicable (Directional outward),PT,Portugal,Europe,CHF Millions,144.7
2022,Swiss FDI abroad (Outward),Capital transactions (flows),Not applicable (Directional outward),QA,Qatar,Asia,CHF Millions,60.3
2022,Swiss FDI abroad (Outward),Capital transactions (flows),Not applicable (Directional outward),RO,Romania,Europe,CHF Millions,530.9
2022,Swiss FDI abroad (Outward),Capital transactions (flows),Not applicable (Directional outward),RU,Russia,Europe,CHF Millions,505.7
2022,Swiss FDI abroad (Outward),Capital transactions (flows),Not applicable (Directional outward),SA,Saudi Arabia,Asia,CHF Millions,62.8
2022,Swiss FDI abroad (Outward),Capital transactions (flows),Not applicable (Directional outward),RS,Serbia,Europe,CHF Millions,93.7
2022,Swiss FDI abroad (Outward),Capital transactions (flows),Not applicable (Directional outward),SG,Singapore,Asia,CHF Millions,2937.4
2022,Swiss FDI abroad (Outward),Capital transactions (flows),Not applicable (Directional outward),SK,Slovakia,Europe,CHF Millions,-81.2
2022,Swiss FDI abroad (Outward),Capital transactions (flows),Not applicable (Directional outward),ZA,South Africa,Africa,CHF Millions,198.2
2022,Swiss FDI abroad (Outward),Capital transactions (flows),Not applicable (Directional outward),ES,Spain,Europe,CHF Millions,619.2
2022,Swiss FDI abroad (Outward),Capital transactions (flows),Not applicable (Directional outward),LK,Sri Lanka,Asia,CHF Millions,-16.9
2022,Swiss FDI abroad (Outward),Capital transactions (flows),Not applicable (Directional outward),SE,Sweden,Europe,CHF Millions,-93.7
2022,Swiss FDI abroad (Outward),Capital transactions (flows),Not applicable (Directional outward),TW,Taiwan,Asia,CHF Millions,229.2
2022,Swiss FDI abroad (Outward),Capital transactions (flows),Not applicable (Directional outward),TZ,Tanzania,Africa,CHF Millions,26.9
2022,Swiss FDI abroad (Outward),Capital transactions (flows),Not applicable (Directional outward),TH,Thailand,Asia,CHF Millions,264.6
2022,Swiss FDI abroad (Outward),Capital transactions (flows),Not applicable (Directional outward),T0,Total,All / Total,CHF Millions,-77628.5
2022,Swiss FDI abroad (Outward),Capital transactions (flows),Not applicable (Directional outward),T1,Total,Europe,CHF Millions,-31971.5
2022,Swiss FDI abroad (Outward),Capital transactions (flows),Not applicable (Directional outward),S22,Total,Europe,CHF Millions,247.1
2022,Swiss FDI abroad (Outward),Capital transactions (flows),Not applicable (Directional outward),T2,Total,North America,CHF Millions,-5368.1
2022,Swiss FDI abroad (Outward),Capital transactions (flows),Not applicable (Directional outward),T3,Total,Central and South America,CHF Millions,-42943.2
2022,Swiss FDI abroad (Outward),Capital transactions (flows),Not applicable (Directional outward),S19,Total,Central and South America,CHF Millions,-45190.8
2022,Swiss FDI abroad (Outward),Capital transactions (flows),Not applicable (Directional outward),T4,Total,Asia,CHF Millions,3239.2
2022,Swiss FDI abroad (Outward),Capital transactions (flows),Not applicable (Directional outward),T5,Total,Africa,CHF Millions,36.7
2022,Swiss FDI abroad (Outward),Capital transactions (flows),Not applicable (Directional outward),T6,Total,Oceania,CHF Millions,-621.1
2022,Swiss FDI abroad (Outward),Capital transactions (flows),Not applicable (Directional outward),TN,Tunisia,Africa,CHF Millions,5.9
2022,Swiss FDI abroad (Outward),Capital transactions (flows),Not applicable (Directional outward),TR,Turkey,Europe,CHF Millions,1313.4
2022,Swiss FDI abroad (Outward),Capital transactions (flows),Not applicable (Directional outward),UA,Ukraine,Europe,CHF Millions,-177.5
2022,Swiss FDI abroad (Outward),Capital transactions (flows),Not applicable (Directional outward),AE,United Arab Emirates,Asia,CHF Millions,-5019.3
2022,Swiss FDI abroad (Outward),Capital transactions (flows),Not applicable (Directional outward),GB,United Kingdom,Europe,CHF Millions,-12649.8
2022,Swiss FDI abroad (Outward),Capital transactions (flows),Not applicable (Directional outward),US,United States,North America,CHF Millions,-4676.2
2022,Swiss FDI abroad (Outward),Capital transactions (flows),Not applicable (Directional outward),UY,Uruguay,Central and South America,CHF Millions,-65.9
2022,Swiss FDI abroad (Outward),Capital transactions (flows),Not applicable (Directional outward),VE,Venezuela,Central and South America,CHF Millions,26.9
2022,Swiss FDI abroad (Outward),Capital transactions (flows),Not applicable (Directional outward),VN,Viet Nam,Asia,CHF Millions,202.3
2022,Swiss FDI abroad (Outward),Investment income,Not applicable (Directional outward),AR,Argentina,Central and South America,CHF Millions,385.5
2022,Swiss FDI abroad (Outward),Investment income,Not applicable (Directional outward),AU,Australia,Oceania,CHF Millions,738.0
2022,Swiss FDI abroad (Outward),Investment income,Not applicable (Directional outward),AT,Austria,Europe,CHF Millions,1679.6
2022,Swiss FDI abroad (Outward),Investment income,Not applicable (Directional outward),BD,Bangladesh,Asia,CHF Millions,43.6
2022,Swiss FDI abroad (Outward),Investment income,Not applicable (Directional outward),BE,Belgium,Europe,CHF Millions,163.4
2022,Swiss FDI abroad (Outward),Investment income,Not applicable (Directional outward),BO,Bolivia,Central and South America,CHF Millions,0.2
2022,Swiss FDI abroad (Outward),Investment income,Not applicable (Directional outward),BA,Bosnia and Herzegovina,Europe,CHF Millions,30.6
2022,Swiss FDI abroad (Outward),Investment income,Not applicable (Directional outward),BR,Brazil,Central and South America,CHF Millions,1493.0
2022,Swiss FDI abroad (Outward),Investment income,Not applicable (Directional outward),BG,Bulgaria,Europe,CHF Millions,204.3
2022,Swiss FDI abroad (Outward),Investment income,Not applicable (Directional outward),CM,Cameroon,Africa,CHF Millions,47.7
2022,Swiss FDI abroad (Outward),Investment income,Not applicable (Directional outward),CA,Canada,North America,CHF Millions,1511.0
2022,Swiss FDI abroad (Outward),Investment income,Not applicable (Directional outward),CL,Chile,Central and South America,CHF Millions,293.0
2022,Swiss FDI abroad (Outward),Investment income,Not applicable (Directional outward),CN,China,Asia,CHF Millions,4354.6
2022,Swiss FDI abroad (Outward),Investment income,Not applicable (Directional outward),CO,Colombia,Central and South America,CHF Millions,93.7
2022,Swiss FDI abroad (Outward),Investment income,Not applicable (Directional outward),CR,Costa Rica,Central and South America,CHF Millions,175.6
2022,Swiss FDI abroad (Outward),Investment income,Not applicable (Directional outward),HR,Croatia,Europe,CHF Millions,69.0
2022,Swiss FDI abroad (Outward),Investment income,Not applicable (Directional outward),CY,Cyprus,Europe,CHF Millions,4331.2
2022,Swiss FDI abroad (Outward),Investment income,Not applicable (Directional outward),CZ,Czechia,Europe,CHF Millions,233.2
2022,Swiss FDI abroad (Outward),Investment income,Not applicable (Directional outward),CI,Côte d’Ivoire,Africa,CHF Millions,19.5
2022,Swiss FDI abroad (Outward),Investment income,Not applicable (Directional outward),DK,Denmark,Europe,CHF Millions,215.3
2022,Swiss FDI abroad (Outward),Investment income,Not applicable (Directional outward),B3,EU,Europe,CHF Millions,56532.8
2022,Swiss FDI abroad (Outward),Investment income,Not applicable (Directional outward),EC,Ecuador,Central and South America,CHF Millions,23.4
2022,Swiss FDI abroad (Outward),Investment income,Not applicable (Directional outward),EG,Egypt,Africa,CHF Millions,177.1
2022,Swiss FDI abroad (Outward),Investment income,Not applicable (Directional outward),EE,Estonia,Europe,CHF Millions,8.2
2022,Swiss FDI abroad (Outward),Investment income,Not applicable (Directional outward),FI,Finland,Europe,CHF Millions,142.0
2022,Swiss FDI abroad (Outward),Investment income,Not applicable (Directional outward),FR,France,Europe,CHF Millions,4413.7
2022,Swiss FDI abroad (Outward),Investment income,Not applicable (Directional outward),DE,Germany,Europe,CHF Millions,5502.6
2022,Swiss FDI abroad (Outward),Investment income,Not applicable (Directional outward),GR,Greece,Europe,CHF Millions,140.2
2022,Swiss FDI abroad (Outward),Investment income,Not applicable (Directional outward),GT,Guatemala,Central and South America,CHF Millions,27.7
2022,Swiss FDI abroad (Outward),Investment income,Not applicable (Directional outward),HK,Hong Kong,Asia,CHF Millions,1784.9
2022,Swiss FDI abroad (Outward),Investment income,Not applicable (Directional outward),HU,Hungary,Europe,CHF Millions,1856.2
2022,Swiss FDI abroad (Outward),Investment income,Not applicable (Directional outward),IN,India,Asia,CHF Millions,1134.6
2022,Swiss FDI abroad (Outward),Investment income,Not applicable (Directional outward),ID,Indonesia,Asia,CHF Millions,263.2
2022,Swiss FDI abroad (Outward),Investment income,Not applicable (Directional outward),IE,Ireland,Europe,CHF Millions,5530.7
2022,Swiss FDI abroad (Outward),Investment income,Not applicable (Directional outward),IL,Israel,Asia,CHF Millions,-49.6
2022,Swiss FDI abroad (Outward),Investment income,Not applicable (Directional outward),IT,Italy,Europe,CHF Millions,4145.3
2022,Swiss FDI abroad (Outward),Investment income,Not applicable (Directional outward),JP,Japan,Asia,CHF Millions,3079.4
2022,Swiss FDI abroad (Outward),Investment income,Not applicable (Directional outward),JO,Jordan,Asia,CHF Millions,62.9
2022,Swiss FDI abroad (Outward),Investment income,Not applicable (Directional outward),KE,Kenya,Africa,CHF Millions,13.5
2022,Swiss FDI abroad (Outward),Investment income,Not applicable (Directional outward),KR,"Korea, Republic of (South Korea)",Asia,CHF Millions,420.9
2022,Swiss FDI abroad (Outward),Investment income,Not applicable (Directional outward),LV,Latvia,Europe,CHF Millions,8.4
2022,Swiss FDI abroad (Outward),Investment income,Not applicable (Directional outward),LB,Lebanon,Asia,CHF Millions,0.4
2022,Swiss FDI abroad (Outward),Investment income,Not applicable (Directional outward),LT,Lithuania,Europe,CHF Millions,20.9
2022,Swiss FDI abroad (Outward),Investment income,Not applicable (Directional outward),LU,Luxembourg,Europe,CHF Millions,6233.5
2022,Swiss FDI abroad (Outward),Investment income,Not applicable (Directional outward),MY,Malaysia,Asia,CHF Millions,537.8
2022,Swiss FDI abroad (Outward),Investment income,Not applicable (Directional outward),MU,Mauritius,Africa,CHF Millions,178.3
2022,Swiss FDI abroad (Outward),Investment income,Not applicable (Directional outward),MX,Mexico,Central and South America,CHF Millions,1402.0
2022,Swiss FDI abroad (Outward),Investment income,Not applicable (Directional outward),MA,Morocco,Africa,CHF Millions,50.3
2022,Swiss FDI abroad (Outward),Investment income,Not applicable (Directional outward),NL,Netherlands,Europe,CHF Millions,18124.0
2022,Swiss FDI abroad (Outward),Investment income,Not applicable (Directional outward),NZ,New Zealand,Oceania,CHF Millions,210.4
2022,Swiss FDI abroad (Outward),Investment income,Not applicable (Directional outward),NG,Nigeria,Africa,CHF Millions,111.1
2022,Swiss FDI abroad (Outward),Investment income,Not applicable (Directional outward),NO,Norway,Europe,CHF Millions,151.7
2022,Swiss FDI abroad (Outward),Investment income,Not applicable (Directional outward),S21,Offshore financial centres in Europe,Europe,CHF Millions,-743.7
2022,Swiss FDI abroad (Outward),Investment income,Not applicable (Directional outward),G9,Other European countries,Europe,CHF Millions,6527.0
2022,Swiss FDI abroad (Outward),Investment income,Not applicable (Directional outward),PK,Pakistan,Asia,CHF Millions,139.9
2022,Swiss FDI abroad (Outward),Investment income,Not applicable (Directional outward),PA,Panama,Central and South America,CHF Millions,325.1
2022,Swiss FDI abroad (Outward),Investment income,Not applicable (Directional outward),PE,Peru,Central and South America,CHF Millions,91.6
2022,Swiss FDI abroad (Outward),Investment income,Not applicable (Directional outward),PH,Philippines,Asia,CHF Millions,880.0
2022,Swiss FDI abroad (Outward),Investment income,Not applicable (Directional outward),PL,Poland,Europe,CHF Millions,613.0
2022,Swiss FDI abroad (Outward),Investment income,Not applicable (Directional outward),PT,Portugal,Europe,CHF Millions,250.4
2022,Swiss FDI abroad (Outward),Investment income,Not applicable (Directional outward),QA,Qatar,Asia,CHF Millions,30.4
2022,Swiss FDI abroad (Outward),Investment income,Not applicable (Directional outward),RO,Romania,Europe,CHF Millions,264.2
2022,Swiss FDI abroad (Outward),Investment income,Not applicable (Directional outward),RU,Russia,Europe,CHF Millions,1026.4
2022,Swiss FDI abroad (Outward),Investment income,Not applicable (Directional outward),SA,Saudi Arabia,Asia,CHF Millions,-5.0
2022,Swiss FDI abroad (Outward),Investment income,Not applicable (Directional outward),RS,Serbia,Europe,CHF Millions,83.4
2022,Swiss FDI abroad (Outward),Investment income,Not applicable (Directional outward),SG,Singapore,Asia,CHF Millions,5339.2
2022,Swiss FDI abroad (Outward),Investment income,Not applicable (Directional outward),SK,Slovakia,Europe,CHF Millions,65.7
2022,Swiss FDI abroad (Outward),Investment income,Not applicable (Directional outward),ZA,South Africa,Africa,CHF Millions,252.0
2022,Swiss FDI abroad (Outward),Investment income,Not applicable (Directional outward),ES,Spain,Europe,CHF Millions,1201.1
2022,Swiss FDI abroad (Outward),Investment income,Not applicable (Directional outward),LK,Sri Lanka,Asia,CHF Millions,-6.5
2022,Swiss FDI abroad (Outward),Investment income,Not applicable (Directional outward),SE,Sweden,Europe,CHF Millions,899.3
2022,Swiss FDI abroad (Outward),Investment income,Not applicable (Directional outward),TW,Taiwan,Asia,CHF Millions,488.8
2022,Swiss FDI abroad (Outward),Investment income,Not applicable (Directional outward),TZ,Tanzania,Africa,CHF Millions,0.3
2022,Swiss FDI abroad (Outward),Investment income,Not applicable (Directional outward),TH,Thailand,Asia,CHF Millions,338.6
2022,Swiss FDI abroad (Outward),Investment income,Not applicable (Directional outward),T0,Total,All / Total,CHF Millions,105709.7
2022,Swiss FDI abroad (Outward),Investment income,Not applicable (Directional outward),T1,Total,Europe,CHF Millions,63059.8
2022,Swiss FDI abroad (Outward),Investment income,Not applicable (Directional outward),S22,Total,Europe,CHF Millions,37.5
2022,Swiss FDI abroad (Outward),Investment income,Not applicable (Directional outward),T2,Total,North America,CHF Millions,15358.2
2022,Swiss FDI abroad (Outward),Investment income,Not applicable (Directional outward),T3,Total,Central and South America,CHF Millions,-529.1
2022,Swiss FDI abroad (Outward),Investment income,Not applicable (Directional outward),S19,Total,Central and South America,CHF Millions,-5018.9
2022,Swiss FDI abroad (Outward),Investment income,Not applicable (Directional outward),T4,Total,Asia,CHF Millions,25934.4
2022,Swiss FDI abroad (Outward),Investment income,Not applicable (Directional outward),T5,Total,Africa,CHF Millions,917.6
2022,Swiss FDI abroad (Outward),Investment income,Not applicable (Directional outward),T6,Total,Oceania,CHF Millions,968.7
2022,Swiss FDI abroad (Outward),Investment income,Not applicable (Directional outward),TN,Tunisia,Africa,CHF Millions,7.6
2022,Swiss FDI abroad (Outward),Investment income,Not applicable (Directional outward),TR,Turkey,Europe,CHF Millions,292.4
2022,Swiss FDI abroad (Outward),Investment income,Not applicable (Directional outward),UA,Ukraine,Europe,CHF Millions,-119.8
2022,Swiss FDI abroad (Outward),Investment income,Not applicable (Directional outward),AE,United Arab Emirates,Asia,CHF Millions,5252.7
2022,Swiss FDI abroad (Outward),Investment income,Not applicable (Directional outward),GB,United Kingdom,Europe,CHF Millions,5652.1
2022,Swiss FDI abroad (Outward),Investment income,Not applicable (Directional outward),US,United States,North America,CHF Millions,13846.7
2022,Swiss FDI abroad (Outward),Investment income,Not applicable (Directional outward),UY,Uruguay,Central and South America,CHF Millions,224.0
2022,Swiss FDI abroad (Outward),Investment income,Not applicable (Directional outward),VE,Venezuela,Central and South America,CHF Millions,-16.0
2022,Swiss FDI abroad (Outward),Investment income,Not applicable (Directional outward),VN,Viet Nam,Asia,CHF Millions,270.4
2023,FDI in Switzerland (Inward),Capital stocks,Capital stocks by immediate investor,AU,Australia,All / Total,CHF Millions,
2023,FDI in Switzerland (Inward),Capital stocks,Capital stocks by immediate investor,AT,Austria,Europe,CHF Millions,13007.3
2023,FDI in Switzerland (Inward),Capital stocks,Capital stocks by immediate investor,BE,Belgium,Europe,CHF Millions,32232.3
2023,FDI in Switzerland (Inward),Capital stocks,Capital stocks by immediate investor,CA,Canada,North America,CHF Millions,809.8
2023,FDI in Switzerland (Inward),Capital stocks,Capital stocks by immediate investor,CN,China,All / Total,CHF Millions,
2023,FDI in Switzerland (Inward),Capital stocks,Capital stocks by immediate investor,CY,Cyprus,Europe,CHF Millions,12670.1
2023,FDI in Switzerland (Inward),Capital stocks,Capital stocks by immediate investor,DK,Denmark,Europe,CHF Millions,2697.1
2023,FDI in Switzerland (Inward),Capital stocks,Capital stocks by immediate investor,B3,EU,Europe,CHF Millions,606579.1
2023,FDI in Switzerland (Inward),Capital stocks,Capital stocks by immediate investor,FR,France,Europe,CHF Millions,18743.6
2023,FDI in Switzerland (Inward),Capital stocks,Capital stocks by immediate investor,DE,Germany,Europe,CHF Millions,22083.1
2023,FDI in Switzerland (Inward),Capital stocks,Capital stocks by immediate investor,HU,Hungary,Europe,CHF Millions,5062.4
2023,FDI in Switzerland (Inward),Capital stocks,Capital stocks by immediate investor,IN,India,All / Total,CHF Millions,
2023,FDI in Switzerland (Inward),Capital stocks,Capital stocks by immediate investor,IE,Ireland,Europe,CHF Millions,23328.5
2023,FDI in Switzerland (Inward),Capital stocks,Capital stocks by immediate investor,IL,Israel,All / Total,CHF Millions,723.8
2023,FDI in Switzerland (Inward),Capital stocks,Capital stocks by immediate investor,IT,Italy,Europe,CHF Millions,3672.8
2023,FDI in Switzerland (Inward),Capital stocks,Capital stocks by immediate investor,JP,Japan,All / Total,CHF Millions,32893.2
2023,FDI in Switzerland (Inward),Capital stocks,Capital stocks by immediate investor,LU,Luxembourg,Europe,CHF Millions,197308.6
2023,FDI in Switzerland (Inward),Capital stocks,Capital stocks by immediate investor,PMA,Memorandum item: All countries including real estate activities,All / Total,CHF Millions,975693.1
2023,FDI in Switzerland (Inward),Capital stocks,Capital stocks by immediate investor,PMG,Memorandum item: Real estate activities,All / Total,CHF Millions,39420.7
2023,FDI in Switzerland (Inward),Capital stocks,Capital stocks by immediate investor,MX,Mexico,Central and South America,CHF Millions,
2023,FDI in Switzerland (Inward),Capital stocks,Capital stocks by immediate investor,NL,Netherlands,Europe,CHF Millions,260593.4
2023,FDI in Switzerland (Inward),Capital stocks,Capital stocks by immediate investor,S19,Offshore financial centres,Central and South America,CHF Millions,24027.3
2023,FDI in Switzerland (Inward),Capital stocks,Capital stocks by immediate investor,SNBBS21,Offshore financial centres in Europe,Europe,CHF Millions,
2023,FDI in Switzerland (Inward),Capital stocks,Capital stocks by immediate investor,G9,Other European countries,Europe,CHF Millions,76792.0
2023,FDI in Switzerland (Inward),Capital stocks,Capital stocks by immediate investor,RU,Russia,Europe,CHF Millions,
2023,FDI in Switzerland (Inward),Capital stocks,Capital stocks by immediate investor,ES,Spain,Europe,CHF Millions,-1095.3
2023,FDI in Switzerland (Inward),Capital stocks,Capital stocks by immediate investor,SE,Sweden,Europe,CHF Millions,10318.9
2023,FDI in Switzerland (Inward),Capital stocks,Capital stocks by immediate investor,T0,Total,All / Total,CHF Millions,936272.4
2023,FDI in Switzerland (Inward),Capital stocks,Capital stocks by immediate investor,T1,Total,Europe,CHF Millions,683371.1
2023,FDI in Switzerland (Inward),Capital stocks,Capital stocks by immediate investor,T2,Total,North America,CHF Millions,152653.9
2023,FDI in Switzerland (Inward),Capital stocks,Capital stocks by immediate investor,T3,Total,Central and South America,CHF Millions,28726.9
2023,FDI in Switzerland (Inward),Capital stocks,Capital stocks by immediate investor,T4,Total,All / Total,CHF Millions,71520.8
2023,FDI in Switzerland (Inward),Capital stocks,Capital stocks by immediate investor,AE,United Arab Emirates,All / Total,CHF Millions,
2023,FDI in Switzerland (Inward),Capital stocks,Capital stocks by immediate investor,GB,United Kingdom,Europe,CHF Millions,64287.0
2023,FDI in Switzerland (Inward),Capital stocks,Capital stocks by immediate investor,US,United States,North America,CHF Millions,151844.1
2023,FDI in Switzerland (Inward),Capital stocks,Capital stocks by ultimate beneficial owner,AU,Australia,All / Total,CHF Millions,10244.3
2023,FDI in Switzerland (Inward),Capital stocks,Capital stocks by ultimate beneficial owner,AT,Austria,Europe,CHF Millions,7688.5
2023,FDI in Switzerland (Inward),Capital stocks,Capital stocks by ultimate beneficial owner,BE,Belgium,Europe,CHF Millions,31405.5
2023,FDI in Switzerland (Inward),Capital stocks,Capital stocks by ultimate beneficial owner,CA,Canada,North America,CHF Millions,24238.0
2023,FDI in Switzerland (Inward),Capital stocks,Capital stocks by ultimate beneficial owner,CN,China,All / Total,CHF Millions,19433.9
2023,FDI in Switzerland (Inward),Capital stocks,Capital stocks by ultimate beneficial owner,CY,Cyprus,Europe,CHF Millions,
2023,FDI in Switzerland (Inward),Capital stocks,Capital stocks by ultimate beneficial owner,DK,Denmark,Europe,CHF Millions,2609.4
2023,FDI in Switzerland (Inward),Capital stocks,Capital stocks by ultimate beneficial owner,B3,EU,Europe,CHF Millions,290166.0
2023,FDI in Switzerland (Inward),Capital stocks,Capital stocks by ultimate beneficial owner,FR,France,Europe,CHF Millions,28105.4
2023,FDI in Switzerland (Inward),Capital stocks,Capital stocks by ultimate beneficial owner,DE,Germany,Europe,CHF Millions,44783.2
2023,FDI in Switzerland (Inward),Capital stocks,Capital stocks by ultimate beneficial owner,HU,Hungary,Europe,CHF Millions,
2023,FDI in Switzerland (Inward),Capital stocks,Capital stocks by ultimate beneficial owner,IN,India,All / Total,CHF Millions,1894.5
2023,FDI in Switzerland (Inward),Capital stocks,Capital stocks by ultimate beneficial owner,IE,Ireland,Europe,CHF Millions,98601.2
2023,FDI in Switzerland (Inward),Capital stocks,Capital stocks by ultimate beneficial owner,IL,Israel,All / Total,CHF Millions,3357.1
2023,FDI in Switzerland (Inward),Capital stocks,Capital stocks by ultimate beneficial owner,IT,Italy,Europe,CHF Millions,4138.0
2023,FDI in Switzerland (Inward),Capital stocks,Capital stocks by ultimate beneficial owner,JP,Japan,All / Total,CHF Millions,37711.5
2023,FDI in Switzerland (Inward),Capital stocks,Capital stocks by ultimate beneficial owner,LU,Luxembourg,Europe,CHF Millions,12745.7
2023,FDI in Switzerland (Inward),Capital stocks,Capital stocks by ultimate beneficial owner,PMA,Memorandum item: All countries including real estate activities,All / Total,CHF Millions,975693.1
2023,FDI in Switzerland (Inward),Capital stocks,Capital stocks by ultimate beneficial owner,PMG,Memorandum item: Real estate activities,All / Total,CHF Millions,39420.7
2023,FDI in Switzerland (Inward),Capital stocks,Capital stocks by ultimate beneficial owner,MX,Mexico,Central and South America,CHF Millions,3811.4
2023,FDI in Switzerland (Inward),Capital stocks,Capital stocks by ultimate beneficial owner,NL,Netherlands,Europe,CHF Millions,39503.0
2023,FDI in Switzerland (Inward),Capital stocks,Capital stocks by ultimate beneficial owner,S19,Offshore financial centres,Central and South America,CHF Millions,24050.0
2023,FDI in Switzerland (Inward),Capital stocks,Capital stocks by ultimate beneficial owner,SNBBS21,Offshore financial centres in Europe,Europe,CHF Millions,3186.6
2023,FDI in Switzerland (Inward),Capital stocks,Capital stocks by ultimate beneficial owner,G9,Other European countries,Europe,CHF Millions,102914.1
2023,FDI in Switzerland (Inward),Capital stocks,Capital stocks by ultimate beneficial owner,RU,Russia,Europe,CHF Millions,14622.0
2023,FDI in Switzerland (Inward),Capital stocks,Capital stocks by ultimate beneficial owner,ES,Spain,Europe,CHF Millions,486.3
2023,FDI in Switzerland (Inward),Capital stocks,Capital stocks by ultimate beneficial owner,SE,Sweden,Europe,CHF Millions,10239.5
2023,FDI in Switzerland (Inward),Capital stocks,Capital stocks by ultimate beneficial owner,T0,Total,All / Total,CHF Millions,936272.4
2023,FDI in Switzerland (Inward),Capital stocks,Capital stocks by ultimate beneficial owner,T1,Total,Europe,CHF Millions,393080.1
2023,FDI in Switzerland (Inward),Capital stocks,Capital stocks by ultimate beneficial owner,T2,Total,North America,CHF Millions,389382.0
2023,FDI in Switzerland (Inward),Capital stocks,Capital stocks by ultimate beneficial owner,T3,Total,Central and South America,CHF Millions,52195.8
2023,FDI in Switzerland (Inward),Capital stocks,Capital stocks by ultimate beneficial owner,T4,Total,All / Total,CHF Millions,101614.8
2023,FDI in Switzerland (Inward),Capital stocks,Capital stocks by ultimate beneficial owner,AE,United Arab Emirates,All / Total,CHF Millions,4305.7
2023,FDI in Switzerland (Inward),Capital stocks,Capital stocks by ultimate beneficial owner,GB,United Kingdom,Europe,CHF Millions,36921.8
2023,FDI in Switzerland (Inward),Capital stocks,Capital stocks by ultimate beneficial owner,US,United States,North America,CHF Millions,365144.1
2023,FDI in Switzerland (Inward),Capital transactions (flows),Immediate investor,AT,Austria,Europe,CHF Millions,-1633.8
2023,FDI in Switzerland (Inward),Capital transactions (flows),Immediate investor,BE,Belgium,Europe,CHF Millions,5523.6
2023,FDI in Switzerland (Inward),Capital transactions (flows),Immediate investor,CA,Canada,North America,CHF Millions,79.6
2023,FDI in Switzerland (Inward),Capital transactions (flows),Immediate investor,CY,Cyprus,Europe,CHF Millions,-294.9
2023,FDI in Switzerland (Inward),Capital transactions (flows),Immediate investor,DK,Denmark,Europe,CHF Millions,-446.2
2023,FDI in Switzerland (Inward),Capital transactions (flows),Immediate investor,B3,EU,Europe,CHF Millions,-66799.9
2023,FDI in Switzerland (Inward),Capital transactions (flows),Immediate investor,FR,France,Europe,CHF Millions,-2540.4
2023,FDI in Switzerland (Inward),Capital transactions (flows),Immediate investor,DE,Germany,Europe,CHF Millions,1574.1
2023,FDI in Switzerland (Inward),Capital transactions (flows),Immediate investor,HU,Hungary,Europe,CHF Millions,-3868.9
2023,FDI in Switzerland (Inward),Capital transactions (flows),Immediate investor,IE,Ireland,Europe,CHF Millions,-7299.4
2023,FDI in Switzerland (Inward),Capital transactions (flows),Immediate investor,IL,Israel,All / Total,CHF Millions,-32.4
2023,FDI in Switzerland (Inward),Capital transactions (flows),Immediate investor,IT,Italy,Europe,CHF Millions,989.5
2023,FDI in Switzerland (Inward),Capital transactions (flows),Immediate investor,JP,Japan,All / Total,CHF Millions,-2357.9
2023,FDI in Switzerland (Inward),Capital transactions (flows),Immediate investor,LU,Luxembourg,Europe,CHF Millions,-6571.7
2023,FDI in Switzerland (Inward),Capital transactions (flows),Immediate investor,PMA,Memorandum item: All countries including real estate activities,All / Total,CHF Millions,-69408.9
2023,FDI in Switzerland (Inward),Capital transactions (flows),Immediate investor,PMG,Memorandum item: Real estate activities,All / Total,CHF Millions,452.8
2023,FDI in Switzerland (Inward),Capital transactions (flows),Immediate investor,NL,Netherlands,Europe,CHF Millions,-50293.9
2023,FDI in Switzerland (Inward),Capital transactions (flows),Immediate investor,S19,Offshore financial centres,Central and South America,CHF Millions,-1284.7
2023,FDI in Switzerland (Inward),Capital transactions (flows),Immediate investor,G9,Other European countries,Europe,CHF Millions,-6949.3
2023,FDI in Switzerland (Inward),Capital transactions (flows),Immediate investor,ES,Spain,Europe,CHF Millions,-1748.2
2023,FDI in Switzerland (Inward),Capital transactions (flows),Immediate investor,SE,Sweden,Europe,CHF Millions,10.8
2023,FDI in Switzerland (Inward),Capital transactions (flows),Immediate investor,T0,Total,All / Total,CHF Millions,-69861.7
2023,FDI in Switzerland (Inward),Capital transactions (flows),Immediate investor,T1,Total,Europe,CHF Millions,-73749.2
2023,FDI in Switzerland (Inward),Capital transactions (flows),Immediate investor,T2,Total,North America,CHF Millions,7183.5
2023,FDI in Switzerland (Inward),Capital transactions (flows),Immediate investor,T3,Total,Central and South America,CHF Millions,126.2
2023,FDI in Switzerland (Inward),Capital transactions (flows),Immediate investor,T4,Total,All / Total,CHF Millions,-3422.2
2023,FDI in Switzerland (Inward),Capital transactions (flows),Immediate investor,GB,United Kingdom,Europe,CHF Millions,334.7
2023,FDI in Switzerland (Inward),Capital transactions (flows),Immediate investor,US,United States,North America,CHF Millions,7103.9
2023,FDI in Switzerland (Inward),Investment income,Investment income by immediate investor,AU,Australia,All / Total,CHF Millions,
2023,FDI in Switzerland (Inward),Investment income,Investment income by immediate investor,AT,Austria,Europe,CHF Millions,1499.1
2023,FDI in Switzerland (Inward),Investment income,Investment income by immediate investor,BE,Belgium,Europe,CHF Millions,883.5
2023,FDI in Switzerland (Inward),Investment income,Investment income by immediate investor,CA,Canada,North America,CHF Millions,190.7
2023,FDI in Switzerland (Inward),Investment income,Investment income by immediate investor,CN,China,All / Total,CHF Millions,
2023,FDI in Switzerland (Inward),Investment income,Investment income by immediate investor,CY,Cyprus,Europe,CHF Millions,463.2
2023,FDI in Switzerland (Inward),Investment income,Investment income by immediate investor,DK,Denmark,Europe,CHF Millions,970.5
2023,FDI in Switzerland (Inward),Investment income,Investment income by immediate investor,B3,EU,Europe,CHF Millions,67631.5
2023,FDI in Switzerland (Inward),Investment income,Investment income by immediate investor,FR,France,Europe,CHF Millions,5455.5
2023,FDI in Switzerland (Inward),Investment income,Investment income by immediate investor,DE,Germany,Europe,CHF Millions,4021.1
2023,FDI in Switzerland (Inward),Investment income,Investment income by immediate investor,HU,Hungary,Europe,CHF Millions,49.8
2023,FDI in Switzerland (Inward),Investment income,Investment income by immediate investor,IN,India,All / Total,CHF Millions,
2023,FDI in Switzerland (Inward),Investment income,Investment income by immediate investor,IE,Ireland,Europe,CHF Millions,2565.0
2023,FDI in Switzerland (Inward),Investment income,Investment income by immediate investor,IL,Israel,All / Total,CHF Millions,6.3
2023,FDI in Switzerland (Inward),Investment income,Investment income by immediate investor,IT,Italy,Europe,CHF Millions,185.8
2023,FDI in Switzerland (Inward),Investment income,Investment income by immediate investor,JP,Japan,All / Total,CHF Millions,1329.2
2023,FDI in Switzerland (Inward),Investment income,Investment income by immediate investor,LU,Luxembourg,Europe,CHF Millions,8734.7
2023,FDI in Switzerland (Inward),Investment income,Investment income by immediate investor,MX,Mexico,Central and South America,CHF Millions,
2023,FDI in Switzerland (Inward),Investment income,Investment income by immediate investor,NL,Netherlands,Europe,CHF Millions,40794.0
2023,FDI in Switzerland (Inward),Investment income,Investment income by immediate investor,S19,Offshore financial centres,Central and South America,CHF Millions,1006.5
2023,FDI in Switzerland (Inward),Investment income,Investment income by immediate investor,SNBBS21,Offshore financial centres in Europe,Europe,CHF Millions,
2023,FDI in Switzerland (Inward),Investment income,Investment income by immediate investor,G9,Other European countries,Europe,CHF Millions,18268.6
2023,FDI in Switzerland (Inward),Investment income,Investment income by immediate investor,RU,Russia,Europe,CHF Millions,
2023,FDI in Switzerland (Inward),Investment income,Investment income by immediate investor,ES,Spain,Europe,CHF Millions,183.0
2023,FDI in Switzerland (Inward),Investment income,Investment income by immediate investor,SE,Sweden,Europe,CHF Millions,1679.0
2023,FDI in Switzerland (Inward),Investment income,Investment income by immediate investor,T0,Total,All / Total,CHF Millions,101276.7
2023,FDI in Switzerland (Inward),Investment income,Investment income by immediate investor,T1,Total,Europe,CHF Millions,85900.2
2023,FDI in Switzerland (Inward),Investment income,Investment income by immediate investor,T2,Total,North America,CHF Millions,9656.5
2023,FDI in Switzerland (Inward),Investment income,Investment income by immediate investor,T3,Total,Central and South America,CHF Millions,151.3
2023,FDI in Switzerland (Inward),Investment income,Investment income by immediate investor,T4,Total,All / Total,CHF Millions,5568.8
2023,FDI in Switzerland (Inward),Investment income,Investment income by immediate investor,AE,United Arab Emirates,All / Total,CHF Millions,
2023,FDI in Switzerland (Inward),Investment income,Investment income by immediate investor,GB,United Kingdom,Europe,CHF Millions,11748.7
2023,FDI in Switzerland (Inward),Investment income,Investment income by immediate investor,US,United States,North America,CHF Millions,9465.7
2023,FDI in Switzerland (Inward),Investment income,Investment income by ultimate beneficial owner,AU,Australia,All / Total,CHF Millions,970.2
2023,FDI in Switzerland (Inward),Investment income,Investment income by ultimate beneficial owner,AT,Austria,Europe,CHF Millions,302.9
2023,FDI in Switzerland (Inward),Investment income,Investment income by ultimate beneficial owner,BE,Belgium,Europe,CHF Millions,1287.1
2023,FDI in Switzerland (Inward),Investment income,Investment income by ultimate beneficial owner,CA,Canada,North America,CHF Millions,1997.5
2023,FDI in Switzerland (Inward),Investment income,Investment income by ultimate beneficial owner,CN,China,All / Total,CHF Millions,1267.4
2023,FDI in Switzerland (Inward),Investment income,Investment income by ultimate beneficial owner,CY,Cyprus,Europe,CHF Millions,
2023,FDI in Switzerland (Inward),Investment income,Investment income by ultimate beneficial owner,DK,Denmark,Europe,CHF Millions,909.8
2023,FDI in Switzerland (Inward),Investment income,Investment income by ultimate beneficial owner,B3,EU,Europe,CHF Millions,32304.1
2023,FDI in Switzerland (Inward),Investment income,Investment income by ultimate beneficial owner,FR,France,Europe,CHF Millions,6810.1
2023,FDI in Switzerland (Inward),Investment income,Investment income by ultimate beneficial owner,DE,Germany,Europe,CHF Millions,5730.2
2023,FDI in Switzerland (Inward),Investment income,Investment income by ultimate beneficial owner,HU,Hungary,Europe,CHF Millions,
2023,FDI in Switzerland (Inward),Investment income,Investment income by ultimate beneficial owner,IN,India,All / Total,CHF Millions,138.0
2023,FDI in Switzerland (Inward),Investment income,Investment income by ultimate beneficial owner,IE,Ireland,Europe,CHF Millions,2237.8
2023,FDI in Switzerland (Inward),Investment income,Investment income by ultimate beneficial owner,IL,Israel,All / Total,CHF Millions,794.5
2023,FDI in Switzerland (Inward),Investment income,Investment income by ultimate beneficial owner,IT,Italy,Europe,CHF Millions,176.5
2023,FDI in Switzerland (Inward),Investment income,Investment income by ultimate beneficial owner,JP,Japan,All / Total,CHF Millions,2466.2
2023,FDI in Switzerland (Inward),Investment income,Investment income by ultimate beneficial owner,LU,Luxembourg,Europe,CHF Millions,670.7
2023,FDI in Switzerland (Inward),Investment income,Investment income by ultimate beneficial owner,MX,Mexico,Central and South America,CHF Millions,19.6
2023,FDI in Switzerland (Inward),Investment income,Investment income by ultimate beneficial owner,NL,Netherlands,Europe,CHF Millions,9882.1
2023,FDI in Switzerland (Inward),Investment income,Investment income by ultimate beneficial owner,S19,Offshore financial centres,Central and South America,CHF Millions,3561.4
2023,FDI in Switzerland (Inward),Investment income,Investment income by ultimate beneficial owner,SNBBS21,Offshore financial centres in Europe,Europe,CHF Millions,5808.0
2023,FDI in Switzerland (Inward),Investment income,Investment income by ultimate beneficial owner,G9,Other European countries,Europe,CHF Millions,12885.3
2023,FDI in Switzerland (Inward),Investment income,Investment income by ultimate beneficial owner,RU,Russia,Europe,CHF Millions,987.9
2023,FDI in Switzerland (Inward),Investment income,Investment income by ultimate beneficial owner,ES,Spain,Europe,CHF Millions,644.6
2023,FDI in Switzerland (Inward),Investment income,Investment income by ultimate beneficial owner,SE,Sweden,Europe,CHF Millions,1754.3
2023,FDI in Switzerland (Inward),Investment income,Investment income by ultimate beneficial owner,T0,Total,All / Total,CHF Millions,101276.7
2023,FDI in Switzerland (Inward),Investment income,Investment income by ultimate beneficial owner,T1,Total,Europe,CHF Millions,45189.4
2023,FDI in Switzerland (Inward),Investment income,Investment income by ultimate beneficial owner,T2,Total,North America,CHF Millions,42452.0
2023,FDI in Switzerland (Inward),Investment income,Investment income by ultimate beneficial owner,T3,Total,Central and South America,CHF Millions,6849.5
2023,FDI in Switzerland (Inward),Investment income,Investment income by ultimate beneficial owner,T4,Total,All / Total,CHF Millions,6785.9
2023,FDI in Switzerland (Inward),Investment income,Investment income by ultimate beneficial owner,AE,United Arab Emirates,All / Total,CHF Millions,128.6
2023,FDI in Switzerland (Inward),Investment income,Investment income by ultimate beneficial owner,GB,United Kingdom,Europe,CHF Millions,3378.3
2023,FDI in Switzerland (Inward),Investment income,Investment income by ultimate beneficial owner,US,United States,North America,CHF Millions,40454.5
2023,Swiss FDI abroad (Outward),Capital stocks,Not applicable (Directional outward),AR,Argentina,Central and South America,CHF Millions,3373.8
2023,Swiss FDI abroad (Outward),Capital stocks,Not applicable (Directional outward),AU,Australia,Oceania,CHF Millions,8359.0
2023,Swiss FDI abroad (Outward),Capital stocks,Not applicable (Directional outward),AT,Austria,Europe,CHF Millions,17009.6
2023,Swiss FDI abroad (Outward),Capital stocks,Not applicable (Directional outward),BD,Bangladesh,Asia,CHF Millions,157.7
2023,Swiss FDI abroad (Outward),Capital stocks,Not applicable (Directional outward),BE,Belgium,Europe,CHF Millions,14417.9
2023,Swiss FDI abroad (Outward),Capital stocks,Not applicable (Directional outward),BO,Bolivia,Central and South America,CHF Millions,30.6
2023,Swiss FDI abroad (Outward),Capital stocks,Not applicable (Directional outward),BA,Bosnia and Herzegovina,Europe,CHF Millions,233.3
2023,Swiss FDI abroad (Outward),Capital stocks,Not applicable (Directional outward),BR,Brazil,Central and South America,CHF Millions,14074.6
2023,Swiss FDI abroad (Outward),Capital stocks,Not applicable (Directional outward),BG,Bulgaria,Europe,CHF Millions,2529.8
2023,Swiss FDI abroad (Outward),Capital stocks,Not applicable (Directional outward),CM,Cameroon,Africa,CHF Millions,239.2
2023,Swiss FDI abroad (Outward),Capital stocks,Not applicable (Directional outward),CA,Canada,North America,CHF Millions,14752.5
2023,Swiss FDI abroad (Outward),Capital stocks,Not applicable (Directional outward),CL,Chile,Central and South America,CHF Millions,180.8
2023,Swiss FDI abroad (Outward),Capital stocks,Not applicable (Directional outward),CN,China,Asia,CHF Millions,22530.1
2023,Swiss FDI abroad (Outward),Capital stocks,Not applicable (Directional outward),CO,Colombia,Central and South America,CHF Millions,5261.7
2023,Swiss FDI abroad (Outward),Capital stocks,Not applicable (Directional outward),CR,Costa Rica,Central and South America,CHF Millions,2032.7
2023,Swiss FDI abroad (Outward),Capital stocks,Not applicable (Directional outward),HR,Croatia,Europe,CHF Millions,635.1
2023,Swiss FDI abroad (Outward),Capital stocks,Not applicable (Directional outward),CY,Cyprus,Europe,CHF Millions,6714.2
2023,Swiss FDI abroad (Outward),Capital stocks,Not applicable (Directional outward),CZ,Czechia,Europe,CHF Millions,3863.3
2023,Swiss FDI abroad (Outward),Capital stocks,Not applicable (Directional outward),CI,Côte d’Ivoire,Africa,CHF Millions,224.2
2023,Swiss FDI abroad (Outward),Capital stocks,Not applicable (Directional outward),DK,Denmark,Europe,CHF Millions,1276.0
2023,Swiss FDI abroad (Outward),Capital stocks,Not applicable (Directional outward),B3,EU,Europe,CHF Millions,607058.4
2023,Swiss FDI abroad (Outward),Capital stocks,Not applicable (Directional outward),EC,Ecuador,Central and South America,CHF Millions,275.9
2023,Swiss FDI abroad (Outward),Capital stocks,Not applicable (Directional outward),EG,Egypt,Africa,CHF Millions,1550.2
2023,Swiss FDI abroad (Outward),Capital stocks,Not applicable (Directional outward),EE,Estonia,Europe,CHF Millions,312.3
2023,Swiss FDI abroad (Outward),Capital stocks,Not applicable (Directional outward),FI,Finland,Europe,CHF Millions,3107.3
2023,Swiss FDI abroad (Outward),Capital stocks,Not applicable (Directional outward),FR,France,Europe,CHF Millions,59233.0
2023,Swiss FDI abroad (Outward),Capital stocks,Not applicable (Directional outward),DE,Germany,Europe,CHF Millions,76594.3
2023,Swiss FDI abroad (Outward),Capital stocks,Not applicable (Directional outward),GR,Greece,Europe,CHF Millions,1575.4
2023,Swiss FDI abroad (Outward),Capital stocks,Not applicable (Directional outward),GT,Guatemala,Central and South America,CHF Millions,33.4
2023,Swiss FDI abroad (Outward),Capital stocks,Not applicable (Directional outward),HK,Hong Kong,Asia,CHF Millions,7601.9
2023,Swiss FDI abroad (Outward),Capital stocks,Not applicable (Directional outward),HU,Hungary,Europe,CHF Millions,38285.9
2023,Swiss FDI abroad (Outward),Capital stocks,Not applicable (Directional outward),IN,India,Asia,CHF Millions,8734.8
2023,Swiss FDI abroad (Outward),Capital stocks,Not applicable (Directional outward),ID,Indonesia,Asia,CHF Millions,1742.5
2023,Swiss FDI abroad (Outward),Capital stocks,Not applicable (Directional outward),IE,Ireland,Europe,CHF Millions,56252.3
2023,Swiss FDI abroad (Outward),Capital stocks,Not applicable (Directional outward),IL,Israel,Asia,CHF Millions,544.4
2023,Swiss FDI abroad (Outward),Capital stocks,Not applicable (Directional outward),IT,Italy,Europe,CHF Millions,23182.2
2023,Swiss FDI abroad (Outward),Capital stocks,Not applicable (Directional outward),JP,Japan,Asia,CHF Millions,14789.5
2023,Swiss FDI abroad (Outward),Capital stocks,Not applicable (Directional outward),JO,Jordan,Asia,CHF Millions,348.0
2023,Swiss FDI abroad (Outward),Capital stocks,Not applicable (Directional outward),KE,Kenya,Africa,CHF Millions,365.5
2023,Swiss FDI abroad (Outward),Capital stocks,Not applicable (Directional outward),KR,"Korea, Republic of (South Korea)",Asia,CHF Millions,7881.3
2023,Swiss FDI abroad (Outward),Capital stocks,Not applicable (Directional outward),LV,Latvia,Europe,CHF Millions,142.1
2023,Swiss FDI abroad (Outward),Capital stocks,Not applicable (Directional outward),LB,Lebanon,Asia,CHF Millions,83.0
2023,Swiss FDI abroad (Outward),Capital stocks,Not applicable (Directional outward),LT,Lithuania,Europe,CHF Millions,481.0
2023,Swiss FDI abroad (Outward),Capital stocks,Not applicable (Directional outward),LU,Luxembourg,Europe,CHF Millions,92225.9
2023,Swiss FDI abroad (Outward),Capital stocks,Not applicable (Directional outward),MY,Malaysia,Asia,CHF Millions,3170.7
2023,Swiss FDI abroad (Outward),Capital stocks,Not applicable (Directional outward),MU,Mauritius,Africa,CHF Millions,530.1
2023,Swiss FDI abroad (Outward),Capital stocks,Not applicable (Directional outward),PMT,Memorandum item: All countries including real estate activities,All / Total,CHF Millions,1315471.8
2023,Swiss FDI abroad (Outward),Capital stocks,Not applicable (Directional outward),PMG,Memorandum item: Real estate activities,All / Total,CHF Millions,7458.6
2023,Swiss FDI abroad (Outward),Capital stocks,Not applicable (Directional outward),MX,Mexico,Central and South America,CHF Millions,6891.3
2023,Swiss FDI abroad (Outward),Capital stocks,Not applicable (Directional outward),MA,Morocco,Africa,CHF Millions,500.3
2023,Swiss FDI abroad (Outward),Capital stocks,Not applicable (Directional outward),NL,Netherlands,Europe,CHF Millions,170064.0
2023,Swiss FDI abroad (Outward),Capital stocks,Not applicable (Directional outward),NZ,New Zealand,Oceania,CHF Millions,650.9
2023,Swiss FDI abroad (Outward),Capital stocks,Not applicable (Directional outward),NG,Nigeria,Africa,CHF Millions,257.6
2023,Swiss FDI abroad (Outward),Capital stocks,Not applicable (Directional outward),NO,Norway,Europe,CHF Millions,5436.8
2023,Swiss FDI abroad (Outward),Capital stocks,Not applicable (Directional outward),S19,Offshore financial centres in Central and South America,Central and South America,CHF Millions,54402.5
2023,Swiss FDI abroad (Outward),Capital stocks,Not applicable (Directional outward),S21,Offshore financial centres in Europe,Europe,CHF Millions,30696.0
2023,Swiss FDI abroad (Outward),Capital stocks,Not applicable (Directional outward),G9,Other European countries,Europe,CHF Millions,135351.0
2023,Swiss FDI abroad (Outward),Capital stocks,Not applicable (Directional outward),PK,Pakistan,Asia,CHF Millions,1109.7
2023,Swiss FDI abroad (Outward),Capital stocks,Not applicable (Directional outward),PA,Panama,Central and South America,CHF Millions,967.9
2023,Swiss FDI abroad (Outward),Capital stocks,Not applicable (Directional outward),PE,Peru,Central and South America,CHF Millions,-116.9
2023,Swiss FDI abroad (Outward),Capital stocks,Not applicable (Directional outward),PH,Philippines,Asia,CHF Millions,2212.8
2023,Swiss FDI abroad (Outward),Capital stocks,Not applicable (Directional outward),PL,Poland,Europe,CHF Millions,7032.8
2023,Swiss FDI abroad (Outward),Capital stocks,Not applicable (Directional outward),PT,Portugal,Europe,CHF Millions,1670.2
2023,Swiss FDI abroad (Outward),Capital stocks,Not applicable (Directional outward),QA,Qatar,Asia,CHF Millions,214.4
2023,Swiss FDI abroad (Outward),Capital stocks,Not applicable (Directional outward),RO,Romania,Europe,CHF Millions,3438.0
2023,Swiss FDI abroad (Outward),Capital stocks,Not applicable (Directional outward),RU,Russia,Europe,CHF Millions,22819.6
2023,Swiss FDI abroad (Outward),Capital stocks,Not applicable (Directional outward),SA,Saudi Arabia,Asia,CHF Millions,1359.3
2023,Swiss FDI abroad (Outward),Capital stocks,Not applicable (Directional outward),RS,Serbia,Europe,CHF Millions,520.9
2023,Swiss FDI abroad (Outward),Capital stocks,Not applicable (Directional outward),SG,Singapore,Asia,CHF Millions,63404.9
2023,Swiss FDI abroad (Outward),Capital stocks,Not applicable (Directional outward),SK,Slovakia,Europe,CHF Millions,786.7
2023,Swiss FDI abroad (Outward),Capital stocks,Not applicable (Directional outward),ZA,South Africa,Africa,CHF Millions,2124.3
2023,Swiss FDI abroad (Outward),Capital stocks,Not applicable (Directional outward),ES,Spain,Europe,CHF Millions,18794.3
2023,Swiss FDI abroad (Outward),Capital stocks,Not applicable (Directional outward),LK,Sri Lanka,Asia,CHF Millions,69.2
2023,Swiss FDI abroad (Outward),Capital stocks,Not applicable (Directional outward),SE,Sweden,Europe,CHF Millions,5718.6
2023,Swiss FDI abroad (Outward),Capital stocks,Not applicable (Directional outward),TW,Taiwan,Asia,CHF Millions,2442.7
2023,Swiss FDI abroad (Outward),Capital stocks,Not applicable (Directional outward),TZ,Tanzania,Africa,CHF Millions,235.4
2023,Swiss FDI abroad (Outward),Capital stocks,Not applicable (Directional outward),TH,Thailand,Asia,CHF Millions,2077.7
2023,Swiss FDI abroad (Outward),Capital stocks,Not applicable (Directional outward),T0,Total,All / Total,CHF Millions,1308013.2
2023,Swiss FDI abroad (Outward),Capital stocks,Not applicable (Directional outward),T1,Total,Europe,CHF Millions,742409.4
2023,Swiss FDI abroad (Outward),Capital stocks,Not applicable (Directional outward),T2,Total,North America,CHF Millions,304078.9
2023,Swiss FDI abroad (Outward),Capital stocks,Not applicable (Directional outward),T3,Total,Central and South America,CHF Millions,91357.0
2023,Swiss FDI abroad (Outward),Capital stocks,Not applicable (Directional outward),T4,Total,Asia,CHF Millions,152461.7
2023,Swiss FDI abroad (Outward),Capital stocks,Not applicable (Directional outward),T5,Total,Africa,CHF Millions,8641.9
2023,Swiss FDI abroad (Outward),Capital stocks,Not applicable (Directional outward),T6,Total,Oceania,CHF Millions,9064.3
2023,Swiss FDI abroad (Outward),Capital stocks,Not applicable (Directional outward),TN,Tunisia,Africa,CHF Millions,75.6
2023,Swiss FDI abroad (Outward),Capital stocks,Not applicable (Directional outward),TR,Turkey,Europe,CHF Millions,4109.1
2023,Swiss FDI abroad (Outward),Capital stocks,Not applicable (Directional outward),UA,Ukraine,Europe,CHF Millions,2172.7
2023,Swiss FDI abroad (Outward),Capital stocks,Not applicable (Directional outward),AE,United Arab Emirates,Asia,CHF Millions,7838.8
2023,Swiss FDI abroad (Outward),Capital stocks,Not applicable (Directional outward),GB,United Kingdom,Europe,CHF Millions,68807.4
2023,Swiss FDI abroad (Outward),Capital stocks,Not applicable (Directional outward),US,United States,North America,CHF Millions,289326.5
2023,Swiss FDI abroad (Outward),Capital stocks,Not applicable (Directional outward),UY,Uruguay,Central and South America,CHF Millions,2610.1
2023,Swiss FDI abroad (Outward),Capital stocks,Not applicable (Directional outward),VE,Venezuela,Central and South America,CHF Millions,732.1
2023,Swiss FDI abroad (Outward),Capital stocks,Not applicable (Directional outward),VN,Viet Nam,Asia,CHF Millions,1310.0
2023,Swiss FDI abroad (Outward),Capital transactions (flows),Not applicable (Directional outward),AR,Argentina,Central and South America,CHF Millions,150.8
2023,Swiss FDI abroad (Outward),Capital transactions (flows),Not applicable (Directional outward),AU,Australia,Oceania,CHF Millions,388.5
2023,Swiss FDI abroad (Outward),Capital transactions (flows),Not applicable (Directional outward),AT,Austria,Europe,CHF Millions,1746.1
2023,Swiss FDI abroad (Outward),Capital transactions (flows),Not applicable (Directional outward),BD,Bangladesh,Asia,CHF Millions,72.5
2023,Swiss FDI abroad (Outward),Capital transactions (flows),Not applicable (Directional outward),BE,Belgium,Europe,CHF Millions,-2226.4
2023,Swiss FDI abroad (Outward),Capital transactions (flows),Not applicable (Directional outward),BO,Bolivia,Central and South America,CHF Millions,0.9
2023,Swiss FDI abroad (Outward),Capital transactions (flows),Not applicable (Directional outward),BA,Bosnia and Herzegovina,Europe,CHF Millions,-41.9
2023,Swiss FDI abroad (Outward),Capital transactions (flows),Not applicable (Directional outward),BR,Brazil,Central and South America,CHF Millions,3291.3
2023,Swiss FDI abroad (Outward),Capital transactions (flows),Not applicable (Directional outward),BG,Bulgaria,Europe,CHF Millions,183.7
2023,Swiss FDI abroad (Outward),Capital transactions (flows),Not applicable (Directional outward),CM,Cameroon,Africa,CHF Millions,53.7
2023,Swiss FDI abroad (Outward),Capital transactions (flows),Not applicable (Directional outward),CA,Canada,North America,CHF Millions,-9563.4
2023,Swiss FDI abroad (Outward),Capital transactions (flows),Not applicable (Directional outward),CL,Chile,Central and South America,CHF Millions,-239.0
2023,Swiss FDI abroad (Outward),Capital transactions (flows),Not applicable (Directional outward),CN,China,Asia,CHF Millions,1479.7
2023,Swiss FDI abroad (Outward),Capital transactions (flows),Not applicable (Directional outward),CO,Colombia,Central and South America,CHF Millions,84.6
2023,Swiss FDI abroad (Outward),Capital transactions (flows),Not applicable (Directional outward),CR,Costa Rica,Central and South America,CHF Millions,57.2
2023,Swiss FDI abroad (Outward),Capital transactions (flows),Not applicable (Directional outward),HR,Croatia,Europe,CHF Millions,-6.8
2023,Swiss FDI abroad (Outward),Capital transactions (flows),Not applicable (Directional outward),CY,Cyprus,Europe,CHF Millions,37352.3
2023,Swiss FDI abroad (Outward),Capital transactions (flows),Not applicable (Directional outward),CZ,Czechia,Europe,CHF Millions,534.6
2023,Swiss FDI abroad (Outward),Capital transactions (flows),Not applicable (Directional outward),CI,Côte d’Ivoire,Africa,CHF Millions,67.3
2023,Swiss FDI abroad (Outward),Capital transactions (flows),Not applicable (Directional outward),DK,Denmark,Europe,CHF Millions,34.6
2023,Swiss FDI abroad (Outward),Capital transactions (flows),Not applicable (Directional outward),B3,EU,Europe,CHF Millions,38936.0
2023,Swiss FDI abroad (Outward),Capital transactions (flows),Not applicable (Directional outward),EC,Ecuador,Central and South America,CHF Millions,-31.3
2023,Swiss FDI abroad (Outward),Capital transactions (flows),Not applicable (Directional outward),EG,Egypt,Africa,CHF Millions,673.2
2023,Swiss FDI abroad (Outward),Capital transactions (flows),Not applicable (Directional outward),EE,Estonia,Europe,CHF Millions,185.3
2023,Swiss FDI abroad (Outward),Capital transactions (flows),Not applicable (Directional outward),FI,Finland,Europe,CHF Millions,2158.0
2023,Swiss FDI abroad (Outward),Capital transactions (flows),Not applicable (Directional outward),FR,France,Europe,CHF Millions,4939.9
2023,Swiss FDI abroad (Outward),Capital transactions (flows),Not applicable (Directional outward),DE,Germany,Europe,CHF Millions,11196.2
2023,Swiss FDI abroad (Outward),Capital transactions (flows),Not applicable (Directional outward),GR,Greece,Europe,CHF Millions,40.7
2023,Swiss FDI abroad (Outward),Capital transactions (flows),Not applicable (Directional outward),GT,Guatemala,Central and South America,CHF Millions,-51.5
2023,Swiss FDI abroad (Outward),Capital transactions (flows),Not applicable (Directional outward),HK,Hong Kong,Asia,CHF Millions,-2385.8
2023,Swiss FDI abroad (Outward),Capital transactions (flows),Not applicable (Directional outward),HU,Hungary,Europe,CHF Millions,-14489.7
2023,Swiss FDI abroad (Outward),Capital transactions (flows),Not applicable (Directional outward),IN,India,Asia,CHF Millions,1281.4
2023,Swiss FDI abroad (Outward),Capital transactions (flows),Not applicable (Directional outward),ID,Indonesia,Asia,CHF Millions,223.3
2023,Swiss FDI abroad (Outward),Capital transactions (flows),Not applicable (Directional outward),IE,Ireland,Europe,CHF Millions,-4075.8
2023,Swiss FDI abroad (Outward),Capital transactions (flows),Not applicable (Directional outward),IL,Israel,Asia,CHF Millions,23.2
2023,Swiss FDI abroad (Outward),Capital transactions (flows),Not applicable (Directional outward),IT,Italy,Europe,CHF Millions,3405.2
2023,Swiss FDI abroad (Outward),Capital transactions (flows),Not applicable (Directional outward),JP,Japan,Asia,CHF Millions,1275.8
2023,Swiss FDI abroad (Outward),Capital transactions (flows),Not applicable (Directional outward),JO,Jordan,Asia,CHF Millions,15.6
2023,Swiss FDI abroad (Outward),Capital transactions (flows),Not applicable (Directional outward),KE,Kenya,Africa,CHF Millions,-95.8
2023,Swiss FDI abroad (Outward),Capital transactions (flows),Not applicable (Directional outward),KR,"Korea, Republic of (South Korea)",Asia,CHF Millions,1064.1
2023,Swiss FDI abroad (Outward),Capital transactions (flows),Not applicable (Directional outward),LV,Latvia,Europe,CHF Millions,-21.1
2023,Swiss FDI abroad (Outward),Capital transactions (flows),Not applicable (Directional outward),LB,Lebanon,Asia,CHF Millions,9.4
2023,Swiss FDI abroad (Outward),Capital transactions (flows),Not applicable (Directional outward),LT,Lithuania,Europe,CHF Millions,-255.4
2023,Swiss FDI abroad (Outward),Capital transactions (flows),Not applicable (Directional outward),LU,Luxembourg,Europe,CHF Millions,18313.0
2023,Swiss FDI abroad (Outward),Capital transactions (flows),Not applicable (Directional outward),MY,Malaysia,Asia,CHF Millions,128.5
2023,Swiss FDI abroad (Outward),Capital transactions (flows),Not applicable (Directional outward),MU,Mauritius,Africa,CHF Millions,13.2
2023,Swiss FDI abroad (Outward),Capital transactions (flows),Not applicable (Directional outward),PMA,Memorandum item: All countries including real estate activities,All / Total,CHF Millions,41699.1
2023,Swiss FDI abroad (Outward),Capital transactions (flows),Not applicable (Directional outward),PMG,Memorandum item: Real estate activities,All / Total,CHF Millions,-397.3
2023,Swiss FDI abroad (Outward),Capital transactions (flows),Not applicable (Directional outward),MX,Mexico,Central and South America,CHF Millions,-4389.2
2023,Swiss FDI abroad (Outward),Capital transactions (flows),Not applicable (Directional outward),MA,Morocco,Africa,CHF Millions,114.3
2023,Swiss FDI abroad (Outward),Capital transactions (flows),Not applicable (Directional outward),NL,Netherlands,Europe,CHF Millions,-15774.0
2023,Swiss FDI abroad (Outward),Capital transactions (flows),Not applicable (Directional outward),NZ,New Zealand,Oceania,CHF Millions,-38.1
2023,Swiss FDI abroad (Outward),Capital transactions (flows),Not applicable (Directional outward),NG,Nigeria,Africa,CHF Millions,-165.3
2023,Swiss FDI abroad (Outward),Capital transactions (flows),Not applicable (Directional outward),NO,Norway,Europe,CHF Millions,-150.9
2023,Swiss FDI abroad (Outward),Capital transactions (flows),Not applicable (Directional outward),S21,Offshore financial centres in Europe,Europe,CHF Millions,3233.3
2023,Swiss FDI abroad (Outward),Capital transactions (flows),Not applicable (Directional outward),G9,Other European countries,Europe,CHF Millions,17551.1
2023,Swiss FDI abroad (Outward),Capital transactions (flows),Not applicable (Directional outward),PK,Pakistan,Asia,CHF Millions,-55.2
2023,Swiss FDI abroad (Outward),Capital transactions (flows),Not applicable (Directional outward),PA,Panama,Central and South America,CHF Millions,-265.8
2023,Swiss FDI abroad (Outward),Capital transactions (flows),Not applicable (Directional outward),PE,Peru,Central and South America,CHF Millions,-318.8
2023,Swiss FDI abroad (Outward),Capital transactions (flows),Not applicable (Directional outward),PH,Philippines,Asia,CHF Millions,294.5
2023,Swiss FDI abroad (Outward),Capital transactions (flows),Not applicable (Directional outward),PL,Poland,Europe,CHF Millions,406.5
2023,Swiss FDI abroad (Outward),Capital transactions (flows),Not applicable (Directional outward),PT,Portugal,Europe,CHF Millions,-151.9
2023,Swiss FDI abroad (Outward),Capital transactions (flows),Not applicable (Directional outward),QA,Qatar,Asia,CHF Millions,31.7
2023,Swiss FDI abroad (Outward),Capital transactions (flows),Not applicable (Directional outward),RO,Romania,Europe,CHF Millions,303.6
2023,Swiss FDI abroad (Outward),Capital transactions (flows),Not applicable (Directional outward),RU,Russia,Europe,CHF Millions,1690.8
2023,Swiss FDI abroad (Outward),Capital transactions (flows),Not applicable (Directional outward),SA,Saudi Arabia,Asia,CHF Millions,64.2
2023,Swiss FDI abroad (Outward),Capital transactions (flows),Not applicable (Directional outward),RS,Serbia,Europe,CHF Millions,103.2
2023,Swiss FDI abroad (Outward),Capital transactions (flows),Not applicable (Directional outward),SG,Singapore,Asia,CHF Millions,198.7
2023,Swiss FDI abroad (Outward),Capital transactions (flows),Not applicable (Directional outward),SK,Slovakia,Europe,CHF Millions,-61.6
2023,Swiss FDI abroad (Outward),Capital transactions (flows),Not applicable (Directional outward),ZA,South Africa,Africa,CHF Millions,26.5
2023,Swiss FDI abroad (Outward),Capital transactions (flows),Not applicable (Directional outward),ES,Spain,Europe,CHF Millions,-459.7
2023,Swiss FDI abroad (Outward),Capital transactions (flows),Not applicable (Directional outward),LK,Sri Lanka,Asia,CHF Millions,7.1
2023,Swiss FDI abroad (Outward),Capital transactions (flows),Not applicable (Directional outward),SE,Sweden,Europe,CHF Millions,-3682.1
2023,Swiss FDI abroad (Outward),Capital transactions (flows),Not applicable (Directional outward),TW,Taiwan,Asia,CHF Millions,142.0
2023,Swiss FDI abroad (Outward),Capital transactions (flows),Not applicable (Directional outward),TZ,Tanzania,Africa,CHF Millions,-36.8
2023,Swiss FDI abroad (Outward),Capital transactions (flows),Not applicable (Directional outward),TH,Thailand,Asia,CHF Millions,12.5
2023,Swiss FDI abroad (Outward),Capital transactions (flows),Not applicable (Directional outward),T0,Total,All / Total,CHF Millions,42096.4
2023,Swiss FDI abroad (Outward),Capital transactions (flows),Not applicable (Directional outward),T1,Total,Europe,CHF Millions,56487.2
2023,Swiss FDI abroad (Outward),Capital transactions (flows),Not applicable (Directional outward),S22,Total,Europe,CHF Millions,-91.2
2023,Swiss FDI abroad (Outward),Capital transactions (flows),Not applicable (Directional outward),T2,Total,North America,CHF Millions,4027.8
2023,Swiss FDI abroad (Outward),Capital transactions (flows),Not applicable (Directional outward),T3,Total,Central and South America,CHF Millions,-25006.0
2023,Swiss FDI abroad (Outward),Capital transactions (flows),Not applicable (Directional outward),S19,Total,Central and South America,CHF Millions,-23962.5
2023,Swiss FDI abroad (Outward),Capital transactions (flows),Not applicable (Directional outward),T4,Total,Asia,CHF Millions,5655.1
2023,Swiss FDI abroad (Outward),Capital transactions (flows),Not applicable (Directional outward),T5,Total,Africa,CHF Millions,580.1
2023,Swiss FDI abroad (Outward),Capital transactions (flows),Not applicable (Directional outward),T6,Total,Oceania,CHF Millions,351.9
2023,Swiss FDI abroad (Outward),Capital transactions (flows),Not applicable (Directional outward),TN,Tunisia,Africa,CHF Millions,46.6
2023,Swiss FDI abroad (Outward),Capital transactions (flows),Not applicable (Directional outward),TR,Turkey,Europe,CHF Millions,979.0
2023,Swiss FDI abroad (Outward),Capital transactions (flows),Not applicable (Directional outward),UA,Ukraine,Europe,CHF Millions,32.0
2023,Swiss FDI abroad (Outward),Capital transactions (flows),Not applicable (Directional outward),AE,United Arab Emirates,Asia,CHF Millions,1679.1
2023,Swiss FDI abroad (Outward),Capital transactions (flows),Not applicable (Directional outward),GB,United Kingdom,Europe,CHF Millions,11500.0
2023,Swiss FDI abroad (Outward),Capital transactions (flows),Not applicable (Directional outward),US,United States,North America,CHF Millions,13591.2
2023,Swiss FDI abroad (Outward),Capital transactions (flows),Not applicable (Directional outward),UY,Uruguay,Central and South America,CHF Millions,431.7
2023,Swiss FDI abroad (Outward),Capital transactions (flows),Not applicable (Directional outward),VE,Venezuela,Central and South America,CHF Millions,-24.3
2023,Swiss FDI abroad (Outward),Capital transactions (flows),Not applicable (Directional outward),VN,Viet Nam,Asia,CHF Millions,-65.8
2023,Swiss FDI abroad (Outward),Investment income,Not applicable (Directional outward),AR,Argentina,Central and South America,CHF Millions,-344.1
2023,Swiss FDI abroad (Outward),Investment income,Not applicable (Directional outward),AU,Australia,Oceania,CHF Millions,255.4
2023,Swiss FDI abroad (Outward),Investment income,Not applicable (Directional outward),AT,Austria,Europe,CHF Millions,1752.3
2023,Swiss FDI abroad (Outward),Investment income,Not applicable (Directional outward),BD,Bangladesh,Asia,CHF Millions,37.3
2023,Swiss FDI abroad (Outward),Investment income,Not applicable (Directional outward),BE,Belgium,Europe,CHF Millions,-470.2
2023,Swiss FDI abroad (Outward),Investment income,Not applicable (Directional outward),BO,Bolivia,Central and South America,CHF Millions,-3.3
2023,Swiss FDI abroad (Outward),Investment income,Not applicable (Directional outward),BA,Bosnia and Herzegovina,Europe,CHF Millions,-58.4
2023,Swiss FDI abroad (Outward),Investment income,Not applicable (Directional outward),BR,Brazil,Central and South America,CHF Millions,1650.9
2023,Swiss FDI abroad (Outward),Investment income,Not applicable (Directional outward),BG,Bulgaria,Europe,CHF Millions,387.2
2023,Swiss FDI abroad (Outward),Investment income,Not applicable (Directional outward),CM,Cameroon,Africa,CHF Millions,60.8
2023,Swiss FDI abroad (Outward),Investment income,Not applicable (Directional outward),CA,Canada,North America,CHF Millions,1455.4
2023,Swiss FDI abroad (Outward),Investment income,Not applicable (Directional outward),CL,Chile,Central and South America,CHF Millions,78.9
2023,Swiss FDI abroad (Outward),Investment income,Not applicable (Directional outward),CN,China,Asia,CHF Millions,3554.8
2023,Swiss FDI abroad (Outward),Investment income,Not applicable (Directional outward),CO,Colombia,Central and South America,CHF Millions,146.8
2023,Swiss FDI abroad (Outward),Investment income,Not applicable (Directional outward),CR,Costa Rica,Central and South America,CHF Millions,26.3
2023,Swiss FDI abroad (Outward),Investment income,Not applicable (Directional outward),HR,Croatia,Europe,CHF Millions,106.5
2023,Swiss FDI abroad (Outward),Investment income,Not applicable (Directional outward),CY,Cyprus,Europe,CHF Millions,4829.8
2023,Swiss FDI abroad (Outward),Investment income,Not applicable (Directional outward),CZ,Czechia,Europe,CHF Millions,460.1
2023,Swiss FDI abroad (Outward),Investment income,Not applicable (Directional outward),CI,Côte d’Ivoire,Africa,CHF Millions,34.5
2023,Swiss FDI abroad (Outward),Investment income,Not applicable (Directional outward),DK,Denmark,Europe,CHF Millions,246.7
2023,Swiss FDI abroad (Outward),Investment income,Not applicable (Directional outward),B3,EU,Europe,CHF Millions,38554.7
2023,Swiss FDI abroad (Outward),Investment income,Not applicable (Directional outward),EC,Ecuador,Central and South America,CHF Millions,6.1
2023,Swiss FDI abroad (Outward),Investment income,Not applicable (Directional outward),EG,Egypt,Africa,CHF Millions,106.8
2023,Swiss FDI abroad (Outward),Investment income,Not applicable (Directional outward),EE,Estonia,Europe,CHF Millions,41.0
2023,Swiss FDI abroad (Outward),Investment income,Not applicable (Directional outward),FI,Finland,Europe,CHF Millions,293.9
2023,Swiss FDI abroad (Outward),Investment income,Not applicable (Directional outward),FR,France,Europe,CHF Millions,4126.9
2023,Swiss FDI abroad (Outward),Investment income,Not applicable (Directional outward),DE,Germany,Europe,CHF Millions,3991.1
2023,Swiss FDI abroad (Outward),Investment income,Not applicable (Directional outward),GR,Greece,Europe,CHF Millions,33.9
2023,Swiss FDI abroad (Outward),Investment income,Not applicable (Directional outward),GT,Guatemala,Central and South America,CHF Millions,20.4
2023,Swiss FDI abroad (Outward),Investment income,Not applicable (Directional outward),HK,Hong Kong,Asia,CHF Millions,1778.4
2023,Swiss FDI abroad (Outward),Investment income,Not applicable (Directional outward),HU,Hungary,Europe,CHF Millions,589.3
2023,Swiss FDI abroad (Outward),Investment income,Not applicable (Directional outward),IN,India,Asia,CHF Millions,1300.8
2023,Swiss FDI abroad (Outward),Investment income,Not applicable (Directional outward),ID,Indonesia,Asia,CHF Millions,226.4
2023,Swiss FDI abroad (Outward),Investment income,Not applicable (Directional outward),IE,Ireland,Europe,CHF Millions,156.6
2023,Swiss FDI abroad (Outward),Investment income,Not applicable (Directional outward),IL,Israel,Asia,CHF Millions,426.8
2023,Swiss FDI abroad (Outward),Investment income,Not applicable (Directional outward),IT,Italy,Europe,CHF Millions,2360.8
2023,Swiss FDI abroad (Outward),Investment income,Not applicable (Directional outward),JP,Japan,Asia,CHF Millions,2913.2
2023,Swiss FDI abroad (Outward),Investment income,Not applicable (Directional outward),JO,Jordan,Asia,CHF Millions,13.6
2023,Swiss FDI abroad (Outward),Investment income,Not applicable (Directional outward),KE,Kenya,Africa,CHF Millions,-2.8
2023,Swiss FDI abroad (Outward),Investment income,Not applicable (Directional outward),KR,"Korea, Republic of (South Korea)",Asia,CHF Millions,610.7
2023,Swiss FDI abroad (Outward),Investment income,Not applicable (Directional outward),LV,Latvia,Europe,CHF Millions,19.2
2023,Swiss FDI abroad (Outward),Investment income,Not applicable (Directional outward),LB,Lebanon,Asia,CHF Millions,13.5
2023,Swiss FDI abroad (Outward),Investment income,Not applicable (Directional outward),LT,Lithuania,Europe,CHF Millions,23.3
2023,Swiss FDI abroad (Outward),Investment income,Not applicable (Directional outward),LU,Luxembourg,Europe,CHF Millions,3340.4
2023,Swiss FDI abroad (Outward),Investment income,Not applicable (Directional outward),MY,Malaysia,Asia,CHF Millions,538.7
2023,Swiss FDI abroad (Outward),Investment income,Not applicable (Directional outward),MU,Mauritius,Africa,CHF Millions,66.8
2023,Swiss FDI abroad (Outward),Investment income,Not applicable (Directional outward),MX,Mexico,Central and South America,CHF Millions,932.5
2023,Swiss FDI abroad (Outward),Investment income,Not applicable (Directional outward),MA,Morocco,Africa,CHF Millions,22.9
2023,Swiss FDI abroad (Outward),Investment income,Not applicable (Directional outward),NL,Netherlands,Europe,CHF Millions,12947.7
2023,Swiss FDI abroad (Outward),Investment income,Not applicable (Directional outward),NZ,New Zealand,Oceania,CHF Millions,88.7
2023,Swiss FDI abroad (Outward),Investment income,Not applicable (Directional outward),NG,Nigeria,Africa,CHF Millions,-129.1
2023,Swiss FDI abroad (Outward),Investment income,Not applicable (Directional outward),NO,Norway,Europe,CHF Millions,138.3
2023,Swiss FDI abroad (Outward),Investment income,Not applicable (Directional outward),S21,Offshore financial centres in Europe,Europe,CHF Millions,1225.6
2023,Swiss FDI abroad (Outward),Investment income,Not applicable (Directional outward),G9,Other European countries,Europe,CHF Millions,5126.7
2023,Swiss FDI abroad (Outward),Investment income,Not applicable (Directional outward),PK,Pakistan,Asia,CHF Millions,152.1
2023,Swiss FDI abroad (Outward),Investment income,Not applicable (Directional outward),PA,Panama,Central and South America,CHF Millions,168.3
2023,Swiss FDI abroad (Outward),Investment income,Not applicable (Directional outward),PE,Peru,Central and South America,CHF Millions,46.1
2023,Swiss FDI abroad (Outward),Investment income,Not applicable (Directional outward),PH,Philippines,Asia,CHF Millions,623.1
2023,Swiss FDI abroad (Outward),Investment income,Not applicable (Directional outward),PL,Poland,Europe,CHF Millions,713.6
2023,Swiss FDI abroad (Outward),Investment income,Not applicable (Directional outward),PT,Portugal,Europe,CHF Millions,201.7
2023,Swiss FDI abroad (Outward),Investment income,Not applicable (Directional outward),QA,Qatar,Asia,CHF Millions,52.9
2023,Swiss FDI abroad (Outward),Investment income,Not applicable (Directional outward),RO,Romania,Europe,CHF Millions,292.2
2023,Swiss FDI abroad (Outward),Investment income,Not applicable (Directional outward),RU,Russia,Europe,CHF Millions,1353.6
2023,Swiss FDI abroad (Outward),Investment income,Not applicable (Directional outward),SA,Saudi Arabia,Asia,CHF Millions,111.0
2023,Swiss FDI abroad (Outward),Investment income,Not applicable (Directional outward),RS,Serbia,Europe,CHF Millions,89.6
2023,Swiss FDI abroad (Outward),Investment income,Not applicable (Directional outward),SG,Singapore,Asia,CHF Millions,7295.7
2023,Swiss FDI abroad (Outward),Investment income,Not applicable (Directional outward),SK,Slovakia,Europe,CHF Millions,79.7
2023,Swiss FDI abroad (Outward),Investment income,Not applicable (Directional outward),ZA,South Africa,Africa,CHF Millions,91.4
2023,Swiss FDI abroad (Outward),Investment income,Not applicable (Directional outward),ES,Spain,Europe,CHF Millions,508.9
2023,Swiss FDI abroad (Outward),Investment income,Not applicable (Directional outward),LK,Sri Lanka,Asia,CHF Millions,29.5
2023,Swiss FDI abroad (Outward),Investment income,Not applicable (Directional outward),SE,Sweden,Europe,CHF Millions,1263.1
2023,Swiss FDI abroad (Outward),Investment income,Not applicable (Directional outward),TW,Taiwan,Asia,CHF Millions,439.7
2023,Swiss FDI abroad (Outward),Investment income,Not applicable (Directional outward),TZ,Tanzania,Africa,CHF Millions,-6.7
2023,Swiss FDI abroad (Outward),Investment income,Not applicable (Directional outward),TH,Thailand,Asia,CHF Millions,350.1
2023,Swiss FDI abroad (Outward),Investment income,Not applicable (Directional outward),T0,Total,All / Total,CHF Millions,96582.0
2023,Swiss FDI abroad (Outward),Investment income,Not applicable (Directional outward),T1,Total,Europe,CHF Millions,43681.5
2023,Swiss FDI abroad (Outward),Investment income,Not applicable (Directional outward),S22,Total,Europe,CHF Millions,83.5
2023,Swiss FDI abroad (Outward),Investment income,Not applicable (Directional outward),T2,Total,North America,CHF Millions,19367.4
2023,Swiss FDI abroad (Outward),Investment income,Not applicable (Directional outward),T3,Total,Central and South America,CHF Millions,8802.2
2023,Swiss FDI abroad (Outward),Investment income,Not applicable (Directional outward),S19,Total,Central and South America,CHF Millions,6053.2
2023,Swiss FDI abroad (Outward),Investment income,Not applicable (Directional outward),T4,Total,Asia,CHF Millions,24190.2
2023,Swiss FDI abroad (Outward),Investment income,Not applicable (Directional outward),T5,Total,Africa,CHF Millions,176.0
2023,Swiss FDI abroad (Outward),Investment income,Not applicable (Directional outward),T6,Total,Oceania,CHF Millions,364.6
2023,Swiss FDI abroad (Outward),Investment income,Not applicable (Directional outward),TN,Tunisia,Africa,CHF Millions,5.5
2023,Swiss FDI abroad (Outward),Investment income,Not applicable (Directional outward),TR,Turkey,Europe,CHF Millions,620.8
2023,Swiss FDI abroad (Outward),Investment income,Not applicable (Directional outward),UA,Ukraine,Europe,CHF Millions,-72.8
2023,Swiss FDI abroad (Outward),Investment income,Not applicable (Directional outward),AE,United Arab Emirates,Asia,CHF Millions,1339.0
2023,Swiss FDI abroad (Outward),Investment income,Not applicable (Directional outward),GB,United Kingdom,Europe,CHF Millions,1695.4
2023,Swiss FDI abroad (Outward),Investment income,Not applicable (Directional outward),US,United States,North America,CHF Millions,17912.1
2023,Swiss FDI abroad (Outward),Investment income,Not applicable (Directional outward),UY,Uruguay,Central and South America,CHF Millions,124.6
2023,Swiss FDI abroad (Outward),Investment income,Not applicable (Directional outward),VE,Venezuela,Central and South America,CHF Millions,-25.2
2023,Swiss FDI abroad (Outward),Investment income,Not applicable (Directional outward),VN,Viet Nam,Asia,CHF Millions,208.1
2024,FDI in Switzerland (Inward),Capital stocks,Capital stocks by immediate investor,AU,Australia,All / Total,CHF Millions,
2024,FDI in Switzerland (Inward),Capital stocks,Capital stocks by immediate investor,AT,Austria,Europe,CHF Millions,11886.7
2024,FDI in Switzerland (Inward),Capital stocks,Capital stocks by immediate investor,BE,Belgium,Europe,CHF Millions,34793.8
2024,FDI in Switzerland (Inward),Capital stocks,Capital stocks by immediate investor,CA,Canada,North America,CHF Millions,-3361.1
2024,FDI in Switzerland (Inward),Capital stocks,Capital stocks by immediate investor,CN,China,All / Total,CHF Millions,
2024,FDI in Switzerland (Inward),Capital stocks,Capital stocks by immediate investor,CY,Cyprus,Europe,CHF Millions,13897.1
2024,FDI in Switzerland (Inward),Capital stocks,Capital stocks by immediate investor,DK,Denmark,Europe,CHF Millions,2570.1
2024,FDI in Switzerland (Inward),Capital stocks,Capital stocks by immediate investor,B3,EU,Europe,CHF Millions,572307.1
2024,FDI in Switzerland (Inward),Capital stocks,Capital stocks by immediate investor,FR,France,Europe,CHF Millions,17435.1
2024,FDI in Switzerland (Inward),Capital stocks,Capital stocks by immediate investor,DE,Germany,Europe,CHF Millions,27403.3
2024,FDI in Switzerland (Inward),Capital stocks,Capital stocks by immediate investor,HU,Hungary,Europe,CHF Millions,5302.8
2024,FDI in Switzerland (Inward),Capital stocks,Capital stocks by immediate investor,IN,India,All / Total,CHF Millions,
2024,FDI in Switzerland (Inward),Capital stocks,Capital stocks by immediate investor,IE,Ireland,Europe,CHF Millions,48130.2
2024,FDI in Switzerland (Inward),Capital stocks,Capital stocks by immediate investor,IL,Israel,All / Total,CHF Millions,772.9
2024,FDI in Switzerland (Inward),Capital stocks,Capital stocks by immediate investor,IT,Italy,Europe,CHF Millions,2371.0
2024,FDI in Switzerland (Inward),Capital stocks,Capital stocks by immediate investor,JP,Japan,All / Total,CHF Millions,36779.8
2024,FDI in Switzerland (Inward),Capital stocks,Capital stocks by immediate investor,LU,Luxembourg,Europe,CHF Millions,140873.1
2024,FDI in Switzerland (Inward),Capital stocks,Capital stocks by immediate investor,PMA,Memorandum item: All countries including real estate activities,All / Total,CHF Millions,965583.9
2024,FDI in Switzerland (Inward),Capital stocks,Capital stocks by immediate investor,PMG,Memorandum item: Real estate activities,All / Total,CHF Millions,39873.3
2024,FDI in Switzerland (Inward),Capital stocks,Capital stocks by immediate investor,MX,Mexico,Central and South America,CHF Millions,
2024,FDI in Switzerland (Inward),Capital stocks,Capital stocks by immediate investor,NL,Netherlands,Europe,CHF Millions,244052.4
2024,FDI in Switzerland (Inward),Capital stocks,Capital stocks by immediate investor,S19,Offshore financial centres,Central and South America,CHF Millions,24200.2
2024,FDI in Switzerland (Inward),Capital stocks,Capital stocks by immediate investor,SNBBS21,Offshore financial centres in Europe,Europe,CHF Millions,
2024,FDI in Switzerland (Inward),Capital stocks,Capital stocks by immediate investor,G9,Other European countries,Europe,CHF Millions,101235.5
2024,FDI in Switzerland (Inward),Capital stocks,Capital stocks by immediate investor,RU,Russia,Europe,CHF Millions,
2024,FDI in Switzerland (Inward),Capital stocks,Capital stocks by immediate investor,ES,Spain,Europe,CHF Millions,445.8
2024,FDI in Switzerland (Inward),Capital stocks,Capital stocks by immediate investor,SE,Sweden,Europe,CHF Millions,11417.1
2024,FDI in Switzerland (Inward),Capital stocks,Capital stocks by immediate investor,T0,Total,All / Total,CHF Millions,925710.6
2024,FDI in Switzerland (Inward),Capital stocks,Capital stocks by immediate investor,T1,Total,Europe,CHF Millions,673542.7
2024,FDI in Switzerland (Inward),Capital stocks,Capital stocks by immediate investor,T2,Total,North America,CHF Millions,165471.4
2024,FDI in Switzerland (Inward),Capital stocks,Capital stocks by immediate investor,T3,Total,Central and South America,CHF Millions,27664.7
2024,FDI in Switzerland (Inward),Capital stocks,Capital stocks by immediate investor,T4,Total,All / Total,CHF Millions,59031.8
2024,FDI in Switzerland (Inward),Capital stocks,Capital stocks by immediate investor,AE,United Arab Emirates,All / Total,CHF Millions,
2024,FDI in Switzerland (Inward),Capital stocks,Capital stocks by immediate investor,GB,United Kingdom,Europe,CHF Millions,71090.6
2024,FDI in Switzerland (Inward),Capital stocks,Capital stocks by immediate investor,US,United States,North America,CHF Millions,168832.5
2024,FDI in Switzerland (Inward),Capital stocks,Capital stocks by ultimate beneficial owner,AU,Australia,All / Total,CHF Millions,10249.3
2024,FDI in Switzerland (Inward),Capital stocks,Capital stocks by ultimate beneficial owner,AT,Austria,Europe,CHF Millions,8338.4
2024,FDI in Switzerland (Inward),Capital stocks,Capital stocks by ultimate beneficial owner,BE,Belgium,Europe,CHF Millions,38074.9
2024,FDI in Switzerland (Inward),Capital stocks,Capital stocks by ultimate beneficial owner,CA,Canada,North America,CHF Millions,18492.3
2024,FDI in Switzerland (Inward),Capital stocks,Capital stocks by ultimate beneficial owner,CN,China,All / Total,CHF Millions,17828.9
2024,FDI in Switzerland (Inward),Capital stocks,Capital stocks by ultimate beneficial owner,CY,Cyprus,Europe,CHF Millions,
2024,FDI in Switzerland (Inward),Capital stocks,Capital stocks by ultimate beneficial owner,DK,Denmark,Europe,CHF Millions,2905.0
2024,FDI in Switzerland (Inward),Capital stocks,Capital stocks by ultimate beneficial owner,B3,EU,Europe,CHF Millions,281561.0
2024,FDI in Switzerland (Inward),Capital stocks,Capital stocks by ultimate beneficial owner,FR,France,Europe,CHF Millions,25194.4
2024,FDI in Switzerland (Inward),Capital stocks,Capital stocks by ultimate beneficial owner,DE,Germany,Europe,CHF Millions,49968.5
2024,FDI in Switzerland (Inward),Capital stocks,Capital stocks by ultimate beneficial owner,HU,Hungary,Europe,CHF Millions,
2024,FDI in Switzerland (Inward),Capital stocks,Capital stocks by ultimate beneficial owner,IN,India,All / Total,CHF Millions,2921.9
2024,FDI in Switzerland (Inward),Capital stocks,Capital stocks by ultimate beneficial owner,IE,Ireland,Europe,CHF Millions,75226.5
2024,FDI in Switzerland (Inward),Capital stocks,Capital stocks by ultimate beneficial owner,IL,Israel,All / Total,CHF Millions,2229.9
2024,FDI in Switzerland (Inward),Capital stocks,Capital stocks by ultimate beneficial owner,IT,Italy,Europe,CHF Millions,3318.1
2024,FDI in Switzerland (Inward),Capital stocks,Capital stocks by ultimate beneficial owner,JP,Japan,All / Total,CHF Millions,41585.0
2024,FDI in Switzerland (Inward),Capital stocks,Capital stocks by ultimate beneficial owner,LU,Luxembourg,Europe,CHF Millions,20828.0
2024,FDI in Switzerland (Inward),Capital stocks,Capital stocks by ultimate beneficial owner,PMA,Memorandum item: All countries including real estate activities,All / Total,CHF Millions,965583.9
2024,FDI in Switzerland (Inward),Capital stocks,Capital stocks by ultimate beneficial owner,PMG,Memorandum item: Real estate activities,All / Total,CHF Millions,39873.3
2024,FDI in Switzerland (Inward),Capital stocks,Capital stocks by ultimate beneficial owner,MX,Mexico,Central and South America,CHF Millions,4584.4
2024,FDI in Switzerland (Inward),Capital stocks,Capital stocks by ultimate beneficial owner,NL,Netherlands,Europe,CHF Millions,37107.1
2024,FDI in Switzerland (Inward),Capital stocks,Capital stocks by ultimate beneficial owner,S19,Offshore financial centres,Central and South America,CHF Millions,25318.3
2024,FDI in Switzerland (Inward),Capital stocks,Capital stocks by ultimate beneficial owner,SNBBS21,Offshore financial centres in Europe,Europe,CHF Millions,18352.4
2024,FDI in Switzerland (Inward),Capital stocks,Capital stocks by ultimate beneficial owner,G9,Other European countries,Europe,CHF Millions,106319.4
2024,FDI in Switzerland (Inward),Capital stocks,Capital stocks by ultimate beneficial owner,RU,Russia,Europe,CHF Millions,13923.6
2024,FDI in Switzerland (Inward),Capital stocks,Capital stocks by ultimate beneficial owner,ES,Spain,Europe,CHF Millions,2721.0
2024,FDI in Switzerland (Inward),Capital stocks,Capital stocks by ultimate beneficial owner,SE,Sweden,Europe,CHF Millions,11137.7
2024,FDI in Switzerland (Inward),Capital stocks,Capital stocks by ultimate beneficial owner,T0,Total,All / Total,CHF Millions,925710.6
2024,FDI in Switzerland (Inward),Capital stocks,Capital stocks by ultimate beneficial owner,T1,Total,Europe,CHF Millions,387880.4
2024,FDI in Switzerland (Inward),Capital stocks,Capital stocks by ultimate beneficial owner,T2,Total,North America,CHF Millions,389186.8
2024,FDI in Switzerland (Inward),Capital stocks,Capital stocks by ultimate beneficial owner,T3,Total,Central and South America,CHF Millions,55435.2
2024,FDI in Switzerland (Inward),Capital stocks,Capital stocks by ultimate beneficial owner,T4,Total,All / Total,CHF Millions,93208.1
2024,FDI in Switzerland (Inward),Capital stocks,Capital stocks by ultimate beneficial owner,AE,United Arab Emirates,All / Total,CHF Millions,3622.7
2024,FDI in Switzerland (Inward),Capital stocks,Capital stocks by ultimate beneficial owner,GB,United Kingdom,Europe,CHF Millions,33700.6
2024,FDI in Switzerland (Inward),Capital stocks,Capital stocks by ultimate beneficial owner,US,United States,North America,CHF Millions,370694.6
2024,FDI in Switzerland (Inward),Capital transactions (flows),Immediate investor,AT,Austria,Europe,CHF Millions,-1417.5
2024,FDI in Switzerland (Inward),Capital transactions (flows),Immediate investor,BE,Belgium,Europe,CHF Millions,2027.4
2024,FDI in Switzerland (Inward),Capital transactions (flows),Immediate investor,CA,Canada,North America,CHF Millions,-3892.4
2024,FDI in Switzerland (Inward),Capital transactions (flows),Immediate investor,CY,Cyprus,Europe,CHF Millions,523.8
2024,FDI in Switzerland (Inward),Capital transactions (flows),Immediate investor,DK,Denmark,Europe,CHF Millions,-231.6
2024,FDI in Switzerland (Inward),Capital transactions (flows),Immediate investor,B3,EU,Europe,CHF Millions,-95420.3
2024,FDI in Switzerland (Inward),Capital transactions (flows),Immediate investor,FR,France,Europe,CHF Millions,3417.2
2024,FDI in Switzerland (Inward),Capital transactions (flows),Immediate investor,DE,Germany,Europe,CHF Millions,4975.1
2024,FDI in Switzerland (Inward),Capital transactions (flows),Immediate investor,HU,Hungary,Europe,CHF Millions,516.1
2024,FDI in Switzerland (Inward),Capital transactions (flows),Immediate investor,IE,Ireland,Europe,CHF Millions,-12053.1
2024,FDI in Switzerland (Inward),Capital transactions (flows),Immediate investor,IL,Israel,All / Total,CHF Millions,15.5
2024,FDI in Switzerland (Inward),Capital transactions (flows),Immediate investor,IT,Italy,Europe,CHF Millions,-1529.0
2024,FDI in Switzerland (Inward),Capital transactions (flows),Immediate investor,JP,Japan,All / Total,CHF Millions,4559.1
2024,FDI in Switzerland (Inward),Capital transactions (flows),Immediate investor,LU,Luxembourg,Europe,CHF Millions,-70562.4
2024,FDI in Switzerland (Inward),Capital transactions (flows),Immediate investor,PMA,Memorandum item: All countries including real estate activities,All / Total,CHF Millions,-82948.4
2024,FDI in Switzerland (Inward),Capital transactions (flows),Immediate investor,PMG,Memorandum item: Real estate activities,All / Total,CHF Millions,452.6
2024,FDI in Switzerland (Inward),Capital transactions (flows),Immediate investor,NL,Netherlands,Europe,CHF Millions,-29990.4
2024,FDI in Switzerland (Inward),Capital transactions (flows),Immediate investor,S19,Offshore financial centres,Central and South America,CHF Millions,-1386.2
2024,FDI in Switzerland (Inward),Capital transactions (flows),Immediate investor,G9,Other European countries,Europe,CHF Millions,17928.9
2024,FDI in Switzerland (Inward),Capital transactions (flows),Immediate investor,ES,Spain,Europe,CHF Millions,2782.3
2024,FDI in Switzerland (Inward),Capital transactions (flows),Immediate investor,SE,Sweden,Europe,CHF Millions,1100.6
2024,FDI in Switzerland (Inward),Capital transactions (flows),Immediate investor,T0,Total,All / Total,CHF Millions,-83401.0
2024,FDI in Switzerland (Inward),Capital transactions (flows),Immediate investor,T1,Total,Europe,CHF Millions,-77491.4
2024,FDI in Switzerland (Inward),Capital transactions (flows),Immediate investor,T2,Total,North America,CHF Millions,8929.0
2024,FDI in Switzerland (Inward),Capital transactions (flows),Immediate investor,T3,Total,Central and South America,CHF Millions,-1307.1
2024,FDI in Switzerland (Inward),Capital transactions (flows),Immediate investor,T4,Total,All / Total,CHF Millions,-13531.8
2024,FDI in Switzerland (Inward),Capital transactions (flows),Immediate investor,GB,United Kingdom,Europe,CHF Millions,2441.0
2024,FDI in Switzerland (Inward),Capital transactions (flows),Immediate investor,US,United States,North America,CHF Millions,12821.4
2024,FDI in Switzerland (Inward),Investment income,Investment income by immediate investor,AU,Australia,All / Total,CHF Millions,
2024,FDI in Switzerland (Inward),Investment income,Investment income by immediate investor,AT,Austria,Europe,CHF Millions,542.1
2024,FDI in Switzerland (Inward),Investment income,Investment income by immediate investor,BE,Belgium,Europe,CHF Millions,652.5
2024,FDI in Switzerland (Inward),Investment income,Investment income by immediate investor,CA,Canada,North America,CHF Millions,16.7
2024,FDI in Switzerland (Inward),Investment income,Investment income by immediate investor,CN,China,All / Total,CHF Millions,
2024,FDI in Switzerland (Inward),Investment income,Investment income by immediate investor,CY,Cyprus,Europe,CHF Millions,513.0
2024,FDI in Switzerland (Inward),Investment income,Investment income by immediate investor,DK,Denmark,Europe,CHF Millions,785.3
2024,FDI in Switzerland (Inward),Investment income,Investment income by immediate investor,B3,EU,Europe,CHF Millions,57929.1
2024,FDI in Switzerland (Inward),Investment income,Investment income by immediate investor,FR,France,Europe,CHF Millions,4825.4
2024,FDI in Switzerland (Inward),Investment income,Investment income by immediate investor,DE,Germany,Europe,CHF Millions,4139.9
2024,FDI in Switzerland (Inward),Investment income,Investment income by immediate investor,HU,Hungary,Europe,CHF Millions,361.9
2024,FDI in Switzerland (Inward),Investment income,Investment income by immediate investor,IN,India,All / Total,CHF Millions,
2024,FDI in Switzerland (Inward),Investment income,Investment income by immediate investor,IE,Ireland,Europe,CHF Millions,1400.6
2024,FDI in Switzerland (Inward),Investment income,Investment income by immediate investor,IL,Israel,All / Total,CHF Millions,-7.1
2024,FDI in Switzerland (Inward),Investment income,Investment income by immediate investor,IT,Italy,Europe,CHF Millions,29.5
2024,FDI in Switzerland (Inward),Investment income,Investment income by immediate investor,JP,Japan,All / Total,CHF Millions,2139.1
2024,FDI in Switzerland (Inward),Investment income,Investment income by immediate investor,LU,Luxembourg,Europe,CHF Millions,7252.4
2024,FDI in Switzerland (Inward),Investment income,Investment income by immediate investor,MX,Mexico,Central and South America,CHF Millions,
2024,FDI in Switzerland (Inward),Investment income,Investment income by immediate investor,NL,Netherlands,Europe,CHF Millions,32991.8
2024,FDI in Switzerland (Inward),Investment income,Investment income by immediate investor,S19,Offshore financial centres,Central and South America,CHF Millions,1767.3
2024,FDI in Switzerland (Inward),Investment income,Investment income by immediate investor,SNBBS21,Offshore financial centres in Europe,Europe,CHF Millions,
2024,FDI in Switzerland (Inward),Investment income,Investment income by immediate investor,G9,Other European countries,Europe,CHF Millions,14294.2
2024,FDI in Switzerland (Inward),Investment income,Investment income by immediate investor,RU,Russia,Europe,CHF Millions,
2024,FDI in Switzerland (Inward),Investment income,Investment income by immediate investor,ES,Spain,Europe,CHF Millions,266.6
2024,FDI in Switzerland (Inward),Investment income,Investment income by immediate investor,SE,Sweden,Europe,CHF Millions,1388.0
2024,FDI in Switzerland (Inward),Investment income,Investment income by immediate investor,T0,Total,All / Total,CHF Millions,91717.5
2024,FDI in Switzerland (Inward),Investment income,Investment income by immediate investor,T1,Total,Europe,CHF Millions,72223.3
2024,FDI in Switzerland (Inward),Investment income,Investment income by immediate investor,T2,Total,North America,CHF Millions,13638.1
2024,FDI in Switzerland (Inward),Investment income,Investment income by immediate investor,T3,Total,Central and South America,CHF Millions,1141.5
2024,FDI in Switzerland (Inward),Investment income,Investment income by immediate investor,T4,Total,All / Total,CHF Millions,4714.5
2024,FDI in Switzerland (Inward),Investment income,Investment income by immediate investor,AE,United Arab Emirates,All / Total,CHF Millions,
2024,FDI in Switzerland (Inward),Investment income,Investment income by immediate investor,GB,United Kingdom,Europe,CHF Millions,12632.3
2024,FDI in Switzerland (Inward),Investment income,Investment income by immediate investor,US,United States,North America,CHF Millions,13621.4
2024,FDI in Switzerland (Inward),Investment income,Investment income by ultimate beneficial owner,AU,Australia,All / Total,CHF Millions,1582.5
2024,FDI in Switzerland (Inward),Investment income,Investment income by ultimate beneficial owner,AT,Austria,Europe,CHF Millions,587.6
2024,FDI in Switzerland (Inward),Investment income,Investment income by ultimate beneficial owner,BE,Belgium,Europe,CHF Millions,989.6
2024,FDI in Switzerland (Inward),Investment income,Investment income by ultimate beneficial owner,CA,Canada,North America,CHF Millions,2028.7
2024,FDI in Switzerland (Inward),Investment income,Investment income by ultimate beneficial owner,CN,China,All / Total,CHF Millions,1133.2
2024,FDI in Switzerland (Inward),Investment income,Investment income by ultimate beneficial owner,CY,Cyprus,Europe,CHF Millions,
2024,FDI in Switzerland (Inward),Investment income,Investment income by ultimate beneficial owner,DK,Denmark,Europe,CHF Millions,638.6
2024,FDI in Switzerland (Inward),Investment income,Investment income by ultimate beneficial owner,B3,EU,Europe,CHF Millions,28050.8
2024,FDI in Switzerland (Inward),Investment income,Investment income by ultimate beneficial owner,FR,France,Europe,CHF Millions,6406.2
2024,FDI in Switzerland (Inward),Investment income,Investment income by ultimate beneficial owner,DE,Germany,Europe,CHF Millions,6689.3
2024,FDI in Switzerland (Inward),Investment income,Investment income by ultimate beneficial owner,HU,Hungary,Europe,CHF Millions,
2024,FDI in Switzerland (Inward),Investment income,Investment income by ultimate beneficial owner,IN,India,All / Total,CHF Millions,77.3
2024,FDI in Switzerland (Inward),Investment income,Investment income by ultimate beneficial owner,IE,Ireland,Europe,CHF Millions,833.7
2024,FDI in Switzerland (Inward),Investment income,Investment income by ultimate beneficial owner,IL,Israel,All / Total,CHF Millions,-183.4
2024,FDI in Switzerland (Inward),Investment income,Investment income by ultimate beneficial owner,IT,Italy,Europe,CHF Millions,52.3
2024,FDI in Switzerland (Inward),Investment income,Investment income by ultimate beneficial owner,JP,Japan,All / Total,CHF Millions,3125.8
2024,FDI in Switzerland (Inward),Investment income,Investment income by ultimate beneficial owner,LU,Luxembourg,Europe,CHF Millions,176.9
2024,FDI in Switzerland (Inward),Investment income,Investment income by ultimate beneficial owner,MX,Mexico,Central and South America,CHF Millions,110.0
2024,FDI in Switzerland (Inward),Investment income,Investment income by ultimate beneficial owner,NL,Netherlands,Europe,CHF Millions,8764.2
2024,FDI in Switzerland (Inward),Investment income,Investment income by ultimate beneficial owner,S19,Offshore financial centres,Central and South America,CHF Millions,2386.5
2024,FDI in Switzerland (Inward),Investment income,Investment income by ultimate beneficial owner,SNBBS21,Offshore financial centres in Europe,Europe,CHF Millions,791.0
2024,FDI in Switzerland (Inward),Investment income,Investment income by ultimate beneficial owner,G9,Other European countries,Europe,CHF Millions,6727.3
2024,FDI in Switzerland (Inward),Investment income,Investment income by ultimate beneficial owner,RU,Russia,Europe,CHF Millions,188.3
2024,FDI in Switzerland (Inward),Investment income,Investment income by ultimate beneficial owner,ES,Spain,Europe,CHF Millions,934.8
2024,FDI in Switzerland (Inward),Investment income,Investment income by ultimate beneficial owner,SE,Sweden,Europe,CHF Millions,1553.1
2024,FDI in Switzerland (Inward),Investment income,Investment income by ultimate beneficial owner,T0,Total,All / Total,CHF Millions,91717.5
2024,FDI in Switzerland (Inward),Investment income,Investment income by ultimate beneficial owner,T1,Total,Europe,CHF Millions,34778.1
2024,FDI in Switzerland (Inward),Investment income,Investment income by ultimate beneficial owner,T2,Total,North America,CHF Millions,47176.3
2024,FDI in Switzerland (Inward),Investment income,Investment income by ultimate beneficial owner,T3,Total,Central and South America,CHF Millions,2629.9
2024,FDI in Switzerland (Inward),Investment income,Investment income by ultimate beneficial owner,T4,Total,All / Total,CHF Millions,7133.2
2024,FDI in Switzerland (Inward),Investment income,Investment income by ultimate beneficial owner,AE,United Arab Emirates,All / Total,CHF Millions,119.3
2024,FDI in Switzerland (Inward),Investment income,Investment income by ultimate beneficial owner,GB,United Kingdom,Europe,CHF Millions,2610.7
2024,FDI in Switzerland (Inward),Investment income,Investment income by ultimate beneficial owner,US,United States,North America,CHF Millions,45147.5
2024,Swiss FDI abroad (Outward),Capital stocks,Not applicable (Directional outward),AR,Argentina,Central and South America,CHF Millions,3590.0
2024,Swiss FDI abroad (Outward),Capital stocks,Not applicable (Directional outward),AU,Australia,Oceania,CHF Millions,8103.3
2024,Swiss FDI abroad (Outward),Capital stocks,Not applicable (Directional outward),AT,Austria,Europe,CHF Millions,17668.8
2024,Swiss FDI abroad (Outward),Capital stocks,Not applicable (Directional outward),BD,Bangladesh,Asia,CHF Millions,150.8
2024,Swiss FDI abroad (Outward),Capital stocks,Not applicable (Directional outward),BE,Belgium,Europe,CHF Millions,16874.0
2024,Swiss FDI abroad (Outward),Capital stocks,Not applicable (Directional outward),BO,Bolivia,Central and South America,CHF Millions,38.6
2024,Swiss FDI abroad (Outward),Capital stocks,Not applicable (Directional outward),BA,Bosnia and Herzegovina,Europe,CHF Millions,185.7
2024,Swiss FDI abroad (Outward),Capital stocks,Not applicable (Directional outward),BR,Brazil,Central and South America,CHF Millions,13667.9
2024,Swiss FDI abroad (Outward),Capital stocks,Not applicable (Directional outward),BG,Bulgaria,Europe,CHF Millions,2443.8
2024,Swiss FDI abroad (Outward),Capital stocks,Not applicable (Directional outward),CM,Cameroon,Africa,CHF Millions,233.4
2024,Swiss FDI abroad (Outward),Capital stocks,Not applicable (Directional outward),CA,Canada,North America,CHF Millions,16781.7
2024,Swiss FDI abroad (Outward),Capital stocks,Not applicable (Directional outward),CL,Chile,Central and South America,CHF Millions,5709.2
2024,Swiss FDI abroad (Outward),Capital stocks,Not applicable (Directional outward),CN,China,Asia,CHF Millions,26821.8
2024,Swiss FDI abroad (Outward),Capital stocks,Not applicable (Directional outward),CO,Colombia,Central and South America,CHF Millions,5744.8
2024,Swiss FDI abroad (Outward),Capital stocks,Not applicable (Directional outward),CR,Costa Rica,Central and South America,CHF Millions,1521.9
2024,Swiss FDI abroad (Outward),Capital stocks,Not applicable (Directional outward),HR,Croatia,Europe,CHF Millions,699.3
2024,Swiss FDI abroad (Outward),Capital stocks,Not applicable (Directional outward),CY,Cyprus,Europe,CHF Millions,6137.0
2024,Swiss FDI abroad (Outward),Capital stocks,Not applicable (Directional outward),CZ,Czechia,Europe,CHF Millions,4422.2
2024,Swiss FDI abroad (Outward),Capital stocks,Not applicable (Directional outward),CI,Côte d’Ivoire,Africa,CHF Millions,228.9
2024,Swiss FDI abroad (Outward),Capital stocks,Not applicable (Directional outward),DK,Denmark,Europe,CHF Millions,1642.9
2024,Swiss FDI abroad (Outward),Capital stocks,Not applicable (Directional outward),B3,EU,Europe,CHF Millions,575296.0
2024,Swiss FDI abroad (Outward),Capital stocks,Not applicable (Directional outward),EC,Ecuador,Central and South America,CHF Millions,123.7
2024,Swiss FDI abroad (Outward),Capital stocks,Not applicable (Directional outward),EG,Egypt,Africa,CHF Millions,1581.9
2024,Swiss FDI abroad (Outward),Capital stocks,Not applicable (Directional outward),EE,Estonia,Europe,CHF Millions,245.1
2024,Swiss FDI abroad (Outward),Capital stocks,Not applicable (Directional outward),FI,Finland,Europe,CHF Millions,2318.7
2024,Swiss FDI abroad (Outward),Capital stocks,Not applicable (Directional outward),FR,France,Europe,CHF Millions,64413.2
2024,Swiss FDI abroad (Outward),Capital stocks,Not applicable (Directional outward),DE,Germany,Europe,CHF Millions,81653.5
2024,Swiss FDI abroad (Outward),Capital stocks,Not applicable (Directional outward),GR,Greece,Europe,CHF Millions,1628.9
2024,Swiss FDI abroad (Outward),Capital stocks,Not applicable (Directional outward),GT,Guatemala,Central and South America,CHF Millions,197.5
2024,Swiss FDI abroad (Outward),Capital stocks,Not applicable (Directional outward),HK,Hong Kong,Asia,CHF Millions,6899.7
2024,Swiss FDI abroad (Outward),Capital stocks,Not applicable (Directional outward),HU,Hungary,Europe,CHF Millions,4406.4
2024,Swiss FDI abroad (Outward),Capital stocks,Not applicable (Directional outward),IN,India,Asia,CHF Millions,10248.0
2024,Swiss FDI abroad (Outward),Capital stocks,Not applicable (Directional outward),ID,Indonesia,Asia,CHF Millions,2013.2
2024,Swiss FDI abroad (Outward),Capital stocks,Not applicable (Directional outward),IE,Ireland,Europe,CHF Millions,58968.2
2024,Swiss FDI abroad (Outward),Capital stocks,Not applicable (Directional outward),IL,Israel,Asia,CHF Millions,829.6
2024,Swiss FDI abroad (Outward),Capital stocks,Not applicable (Directional outward),IT,Italy,Europe,CHF Millions,30945.0
2024,Swiss FDI abroad (Outward),Capital stocks,Not applicable (Directional outward),JP,Japan,Asia,CHF Millions,16685.9
2024,Swiss FDI abroad (Outward),Capital stocks,Not applicable (Directional outward),JO,Jordan,Asia,CHF Millions,383.0
2024,Swiss FDI abroad (Outward),Capital stocks,Not applicable (Directional outward),KE,Kenya,Africa,CHF Millions,384.7
2024,Swiss FDI abroad (Outward),Capital stocks,Not applicable (Directional outward),KR,"Korea, Republic of (South Korea)",Asia,CHF Millions,7697.5
2024,Swiss FDI abroad (Outward),Capital stocks,Not applicable (Directional outward),LV,Latvia,Europe,CHF Millions,144.5
2024,Swiss FDI abroad (Outward),Capital stocks,Not applicable (Directional outward),LB,Lebanon,Asia,CHF Millions,58.8
2024,Swiss FDI abroad (Outward),Capital stocks,Not applicable (Directional outward),LT,Lithuania,Europe,CHF Millions,645.3
2024,Swiss FDI abroad (Outward),Capital stocks,Not applicable (Directional outward),LU,Luxembourg,Europe,CHF Millions,74769.0
2024,Swiss FDI abroad (Outward),Capital stocks,Not applicable (Directional outward),MY,Malaysia,Asia,CHF Millions,3744.7
2024,Swiss FDI abroad (Outward),Capital stocks,Not applicable (Directional outward),MU,Mauritius,Africa,CHF Millions,710.6
2024,Swiss FDI abroad (Outward),Capital stocks,Not applicable (Directional outward),PMT,Memorandum item: All countries including real estate activities,All / Total,CHF Millions,1347171.5
2024,Swiss FDI abroad (Outward),Capital stocks,Not applicable (Directional outward),PMG,Memorandum item: Real estate activities,All / Total,CHF Millions,7030.5
2024,Swiss FDI abroad (Outward),Capital stocks,Not applicable (Directional outward),MX,Mexico,Central and South America,CHF Millions,6777.8
2024,Swiss FDI abroad (Outward),Capital stocks,Not applicable (Directional outward),MA,Morocco,Africa,CHF Millions,654.6
2024,Swiss FDI abroad (Outward),Capital stocks,Not applicable (Directional outward),NL,Netherlands,Europe,CHF Millions,160480.2
2024,Swiss FDI abroad (Outward),Capital stocks,Not applicable (Directional outward),NZ,New Zealand,Oceania,CHF Millions,600.2
2024,Swiss FDI abroad (Outward),Capital stocks,Not applicable (Directional outward),NG,Nigeria,Africa,CHF Millions,48.1
2024,Swiss FDI abroad (Outward),Capital stocks,Not applicable (Directional outward),NO,Norway,Europe,CHF Millions,932.7
2024,Swiss FDI abroad (Outward),Capital stocks,Not applicable (Directional outward),S19,Offshore financial centres in Central and South America,Central and South America,CHF Millions,52845.0
2024,Swiss FDI abroad (Outward),Capital stocks,Not applicable (Directional outward),S21,Offshore financial centres in Europe,Europe,CHF Millions,33936.0
2024,Swiss FDI abroad (Outward),Capital stocks,Not applicable (Directional outward),G9,Other European countries,Europe,CHF Millions,135639.0
2024,Swiss FDI abroad (Outward),Capital stocks,Not applicable (Directional outward),PK,Pakistan,Asia,CHF Millions,1214.8
2024,Swiss FDI abroad (Outward),Capital stocks,Not applicable (Directional outward),PA,Panama,Central and South America,CHF Millions,1077.9
2024,Swiss FDI abroad (Outward),Capital stocks,Not applicable (Directional outward),PE,Peru,Central and South America,CHF Millions,5797.9
2024,Swiss FDI abroad (Outward),Capital stocks,Not applicable (Directional outward),PH,Philippines,Asia,CHF Millions,1753.7
2024,Swiss FDI abroad (Outward),Capital stocks,Not applicable (Directional outward),PL,Poland,Europe,CHF Millions,7658.4
2024,Swiss FDI abroad (Outward),Capital stocks,Not applicable (Directional outward),PT,Portugal,Europe,CHF Millions,1633.8
2024,Swiss FDI abroad (Outward),Capital stocks,Not applicable (Directional outward),QA,Qatar,Asia,CHF Millions,192.2
2024,Swiss FDI abroad (Outward),Capital stocks,Not applicable (Directional outward),RO,Romania,Europe,CHF Millions,3489.9
2024,Swiss FDI abroad (Outward),Capital stocks,Not applicable (Directional outward),RU,Russia,Europe,CHF Millions,18561.9
2024,Swiss FDI abroad (Outward),Capital stocks,Not applicable (Directional outward),SA,Saudi Arabia,Asia,CHF Millions,1664.5
2024,Swiss FDI abroad (Outward),Capital stocks,Not applicable (Directional outward),RS,Serbia,Europe,CHF Millions,650.4
2024,Swiss FDI abroad (Outward),Capital stocks,Not applicable (Directional outward),SG,Singapore,Asia,CHF Millions,59901.3
2024,Swiss FDI abroad (Outward),Capital stocks,Not applicable (Directional outward),SK,Slovakia,Europe,CHF Millions,582.8
2024,Swiss FDI abroad (Outward),Capital stocks,Not applicable (Directional outward),ZA,South Africa,Africa,CHF Millions,2655.5
2024,Swiss FDI abroad (Outward),Capital stocks,Not applicable (Directional outward),ES,Spain,Europe,CHF Millions,22201.6
2024,Swiss FDI abroad (Outward),Capital stocks,Not applicable (Directional outward),LK,Sri Lanka,Asia,CHF Millions,115.3
2024,Swiss FDI abroad (Outward),Capital stocks,Not applicable (Directional outward),SE,Sweden,Europe,CHF Millions,7393.3
2024,Swiss FDI abroad (Outward),Capital stocks,Not applicable (Directional outward),TW,Taiwan,Asia,CHF Millions,2759.8
2024,Swiss FDI abroad (Outward),Capital stocks,Not applicable (Directional outward),TZ,Tanzania,Africa,CHF Millions,201.9
2024,Swiss FDI abroad (Outward),Capital stocks,Not applicable (Directional outward),TH,Thailand,Asia,CHF Millions,2094.5
2024,Swiss FDI abroad (Outward),Capital stocks,Not applicable (Directional outward),T0,Total,All / Total,CHF Millions,1340140.9
2024,Swiss FDI abroad (Outward),Capital stocks,Not applicable (Directional outward),T1,Total,Europe,CHF Millions,710935.0
2024,Swiss FDI abroad (Outward),Capital stocks,Not applicable (Directional outward),T2,Total,North America,CHF Millions,351483.7
2024,Swiss FDI abroad (Outward),Capital stocks,Not applicable (Directional outward),T3,Total,Central and South America,CHF Millions,99567.0
2024,Swiss FDI abroad (Outward),Capital stocks,Not applicable (Directional outward),T4,Total,Asia,CHF Millions,159693.9
2024,Swiss FDI abroad (Outward),Capital stocks,Not applicable (Directional outward),T5,Total,Africa,CHF Millions,9711.2
2024,Swiss FDI abroad (Outward),Capital stocks,Not applicable (Directional outward),T6,Total,Oceania,CHF Millions,8750.4
2024,Swiss FDI abroad (Outward),Capital stocks,Not applicable (Directional outward),TN,Tunisia,Africa,CHF Millions,56.3
2024,Swiss FDI abroad (Outward),Capital stocks,Not applicable (Directional outward),TR,Turkey,Europe,CHF Millions,5570.8
2024,Swiss FDI abroad (Outward),Capital stocks,Not applicable (Directional outward),UA,Ukraine,Europe,CHF Millions,2297.4
2024,Swiss FDI abroad (Outward),Capital stocks,Not applicable (Directional outward),AE,United Arab Emirates,Asia,CHF Millions,7527.9
2024,Swiss FDI abroad (Outward),Capital stocks,Not applicable (Directional outward),GB,United Kingdom,Europe,CHF Millions,73146.2
2024,Swiss FDI abroad (Outward),Capital stocks,Not applicable (Directional outward),US,United States,North America,CHF Millions,334702.0
2024,Swiss FDI abroad (Outward),Capital stocks,Not applicable (Directional outward),UY,Uruguay,Central and South America,CHF Millions,1041.9
2024,Swiss FDI abroad (Outward),Capital stocks,Not applicable (Directional outward),VE,Venezuela,Central and South America,CHF Millions,792.6
2024,Swiss FDI abroad (Outward),Capital stocks,Not applicable (Directional outward),VN,Viet Nam,Asia,CHF Millions,1487.7
2024,Swiss FDI abroad (Outward),Capital transactions (flows),Not applicable (Directional outward),AR,Argentina,Central and South America,CHF Millions,227.2
2024,Swiss FDI abroad (Outward),Capital transactions (flows),Not applicable (Directional outward),AU,Australia,Oceania,CHF Millions,688.0
2024,Swiss FDI abroad (Outward),Capital transactions (flows),Not applicable (Directional outward),AT,Austria,Europe,CHF Millions,920.6
2024,Swiss FDI abroad (Outward),Capital transactions (flows),Not applicable (Directional outward),BD,Bangladesh,Asia,CHF Millions,-12.2
2024,Swiss FDI abroad (Outward),Capital transactions (flows),Not applicable (Directional outward),BE,Belgium,Europe,CHF Millions,2381.3
2024,Swiss FDI abroad (Outward),Capital transactions (flows),Not applicable (Directional outward),BO,Bolivia,Central and South America,CHF Millions,9.1
2024,Swiss FDI abroad (Outward),Capital transactions (flows),Not applicable (Directional outward),BA,Bosnia and Herzegovina,Europe,CHF Millions,-54.0
2024,Swiss FDI abroad (Outward),Capital transactions (flows),Not applicable (Directional outward),BR,Brazil,Central and South America,CHF Millions,427.4
2024,Swiss FDI abroad (Outward),Capital transactions (flows),Not applicable (Directional outward),BG,Bulgaria,Europe,CHF Millions,-214.6
2024,Swiss FDI abroad (Outward),Capital transactions (flows),Not applicable (Directional outward),CM,Cameroon,Africa,CHF Millions,32.2
2024,Swiss FDI abroad (Outward),Capital transactions (flows),Not applicable (Directional outward),CA,Canada,North America,CHF Millions,1779.8
2024,Swiss FDI abroad (Outward),Capital transactions (flows),Not applicable (Directional outward),CL,Chile,Central and South America,CHF Millions,2281.8
2024,Swiss FDI abroad (Outward),Capital transactions (flows),Not applicable (Directional outward),CN,China,Asia,CHF Millions,3741.8
2024,Swiss FDI abroad (Outward),Capital transactions (flows),Not applicable (Directional outward),CO,Colombia,Central and South America,CHF Millions,296.2
2024,Swiss FDI abroad (Outward),Capital transactions (flows),Not applicable (Directional outward),CR,Costa Rica,Central and South America,CHF Millions,135.8
2024,Swiss FDI abroad (Outward),Capital transactions (flows),Not applicable (Directional outward),HR,Croatia,Europe,CHF Millions,67.1
2024,Swiss FDI abroad (Outward),Capital transactions (flows),Not applicable (Directional outward),CY,Cyprus,Europe,CHF Millions,628.7
2024,Swiss FDI abroad (Outward),Capital transactions (flows),Not applicable (Directional outward),CZ,Czechia,Europe,CHF Millions,467.1
2024,Swiss FDI abroad (Outward),Capital transactions (flows),Not applicable (Directional outward),CI,Côte d’Ivoire,Africa,CHF Millions,0.0
2024,Swiss FDI abroad (Outward),Capital transactions (flows),Not applicable (Directional outward),DK,Denmark,Europe,CHF Millions,258.9
2024,Swiss FDI abroad (Outward),Capital transactions (flows),Not applicable (Directional outward),B3,EU,Europe,CHF Millions,-35367.6
2024,Swiss FDI abroad (Outward),Capital transactions (flows),Not applicable (Directional outward),EC,Ecuador,Central and South America,CHF Millions,-168.0
2024,Swiss FDI abroad (Outward),Capital transactions (flows),Not applicable (Directional outward),EG,Egypt,Africa,CHF Millions,-91.3
2024,Swiss FDI abroad (Outward),Capital transactions (flows),Not applicable (Directional outward),EE,Estonia,Europe,CHF Millions,-68.3
2024,Swiss FDI abroad (Outward),Capital transactions (flows),Not applicable (Directional outward),FI,Finland,Europe,CHF Millions,-798.7
2024,Swiss FDI abroad (Outward),Capital transactions (flows),Not applicable (Directional outward),FR,France,Europe,CHF Millions,1726.4
2024,Swiss FDI abroad (Outward),Capital transactions (flows),Not applicable (Directional outward),DE,Germany,Europe,CHF Millions,3940.7
2024,Swiss FDI abroad (Outward),Capital transactions (flows),Not applicable (Directional outward),GR,Greece,Europe,CHF Millions,-34.6
2024,Swiss FDI abroad (Outward),Capital transactions (flows),Not applicable (Directional outward),GT,Guatemala,Central and South America,CHF Millions,-14.1
2024,Swiss FDI abroad (Outward),Capital transactions (flows),Not applicable (Directional outward),HK,Hong Kong,Asia,CHF Millions,-1047.6
2024,Swiss FDI abroad (Outward),Capital transactions (flows),Not applicable (Directional outward),HU,Hungary,Europe,CHF Millions,-36709.8
2024,Swiss FDI abroad (Outward),Capital transactions (flows),Not applicable (Directional outward),IN,India,Asia,CHF Millions,1436.2
2024,Swiss FDI abroad (Outward),Capital transactions (flows),Not applicable (Directional outward),ID,Indonesia,Asia,CHF Millions,242.6
2024,Swiss FDI abroad (Outward),Capital transactions (flows),Not applicable (Directional outward),IE,Ireland,Europe,CHF Millions,-6010.3
2024,Swiss FDI abroad (Outward),Capital transactions (flows),Not applicable (Directional outward),IL,Israel,Asia,CHF Millions,179.3
2024,Swiss FDI abroad (Outward),Capital transactions (flows),Not applicable (Directional outward),IT,Italy,Europe,CHF Millions,7384.9
2024,Swiss FDI abroad (Outward),Capital transactions (flows),Not applicable (Directional outward),JP,Japan,Asia,CHF Millions,-224.9
2024,Swiss FDI abroad (Outward),Capital transactions (flows),Not applicable (Directional outward),JO,Jordan,Asia,CHF Millions,40.5
2024,Swiss FDI abroad (Outward),Capital transactions (flows),Not applicable (Directional outward),KE,Kenya,Africa,CHF Millions,14.1
2024,Swiss FDI abroad (Outward),Capital transactions (flows),Not applicable (Directional outward),KR,"Korea, Republic of (South Korea)",Asia,CHF Millions,396.8
2024,Swiss FDI abroad (Outward),Capital transactions (flows),Not applicable (Directional outward),LV,Latvia,Europe,CHF Millions,-13.8
2024,Swiss FDI abroad (Outward),Capital transactions (flows),Not applicable (Directional outward),LB,Lebanon,Asia,CHF Millions,-65.1
2024,Swiss FDI abroad (Outward),Capital transactions (flows),Not applicable (Directional outward),LT,Lithuania,Europe,CHF Millions,158.3
2024,Swiss FDI abroad (Outward),Capital transactions (flows),Not applicable (Directional outward),LU,Luxembourg,Europe,CHF Millions,-7359.5
2024,Swiss FDI abroad (Outward),Capital transactions (flows),Not applicable (Directional outward),MY,Malaysia,Asia,CHF Millions,109.2
2024,Swiss FDI abroad (Outward),Capital transactions (flows),Not applicable (Directional outward),MU,Mauritius,Africa,CHF Millions,-34.7
2024,Swiss FDI abroad (Outward),Capital transactions (flows),Not applicable (Directional outward),PMA,Memorandum item: All countries including real estate activities,All / Total,CHF Millions,-11248.1
2024,Swiss FDI abroad (Outward),Capital transactions (flows),Not applicable (Directional outward),PMG,Memorandum item: Real estate activities,All / Total,CHF Millions,-166.7
2024,Swiss FDI abroad (Outward),Capital transactions (flows),Not applicable (Directional outward),MX,Mexico,Central and South America,CHF Millions,488.6
2024,Swiss FDI abroad (Outward),Capital transactions (flows),Not applicable (Directional outward),MA,Morocco,Africa,CHF Millions,341.7
2024,Swiss FDI abroad (Outward),Capital transactions (flows),Not applicable (Directional outward),NL,Netherlands,Europe,CHF Millions,-6705.3
2024,Swiss FDI abroad (Outward),Capital transactions (flows),Not applicable (Directional outward),NZ,New Zealand,Oceania,CHF Millions,71.1
2024,Swiss FDI abroad (Outward),Capital transactions (flows),Not applicable (Directional outward),NG,Nigeria,Africa,CHF Millions,-197.5
2024,Swiss FDI abroad (Outward),Capital transactions (flows),Not applicable (Directional outward),NO,Norway,Europe,CHF Millions,-4034.1
2024,Swiss FDI abroad (Outward),Capital transactions (flows),Not applicable (Directional outward),S21,Offshore financial centres in Europe,Europe,CHF Millions,-1427.7
2024,Swiss FDI abroad (Outward),Capital transactions (flows),Not applicable (Directional outward),G9,Other European countries,Europe,CHF Millions,495.2
2024,Swiss FDI abroad (Outward),Capital transactions (flows),Not applicable (Directional outward),PK,Pakistan,Asia,CHF Millions,112.5
2024,Swiss FDI abroad (Outward),Capital transactions (flows),Not applicable (Directional outward),PA,Panama,Central and South America,CHF Millions,-50.4
2024,Swiss FDI abroad (Outward),Capital transactions (flows),Not applicable (Directional outward),PE,Peru,Central and South America,CHF Millions,5108.4
2024,Swiss FDI abroad (Outward),Capital transactions (flows),Not applicable (Directional outward),PH,Philippines,Asia,CHF Millions,-626.7
2024,Swiss FDI abroad (Outward),Capital transactions (flows),Not applicable (Directional outward),PL,Poland,Europe,CHF Millions,304.9
2024,Swiss FDI abroad (Outward),Capital transactions (flows),Not applicable (Directional outward),PT,Portugal,Europe,CHF Millions,-22.7
2024,Swiss FDI abroad (Outward),Capital transactions (flows),Not applicable (Directional outward),QA,Qatar,Asia,CHF Millions,35.8
2024,Swiss FDI abroad (Outward),Capital transactions (flows),Not applicable (Directional outward),RO,Romania,Europe,CHF Millions,44.3
2024,Swiss FDI abroad (Outward),Capital transactions (flows),Not applicable (Directional outward),RU,Russia,Europe,CHF Millions,-232.5
2024,Swiss FDI abroad (Outward),Capital transactions (flows),Not applicable (Directional outward),SA,Saudi Arabia,Asia,CHF Millions,463.6
2024,Swiss FDI abroad (Outward),Capital transactions (flows),Not applicable (Directional outward),RS,Serbia,Europe,CHF Millions,139.7
2024,Swiss FDI abroad (Outward),Capital transactions (flows),Not applicable (Directional outward),SG,Singapore,Asia,CHF Millions,-3804.0
2024,Swiss FDI abroad (Outward),Capital transactions (flows),Not applicable (Directional outward),SK,Slovakia,Europe,CHF Millions,-198.0
2024,Swiss FDI abroad (Outward),Capital transactions (flows),Not applicable (Directional outward),ZA,South Africa,Africa,CHF Millions,356.6
2024,Swiss FDI abroad (Outward),Capital transactions (flows),Not applicable (Directional outward),ES,Spain,Europe,CHF Millions,2336.8
2024,Swiss FDI abroad (Outward),Capital transactions (flows),Not applicable (Directional outward),LK,Sri Lanka,Asia,CHF Millions,35.6
2024,Swiss FDI abroad (Outward),Capital transactions (flows),Not applicable (Directional outward),SE,Sweden,Europe,CHF Millions,1681.2
2024,Swiss FDI abroad (Outward),Capital transactions (flows),Not applicable (Directional outward),TW,Taiwan,Asia,CHF Millions,330.4
2024,Swiss FDI abroad (Outward),Capital transactions (flows),Not applicable (Directional outward),TZ,Tanzania,Africa,CHF Millions,3.3
2024,Swiss FDI abroad (Outward),Capital transactions (flows),Not applicable (Directional outward),TH,Thailand,Asia,CHF Millions,-22.3
2024,Swiss FDI abroad (Outward),Capital transactions (flows),Not applicable (Directional outward),T0,Total,All / Total,CHF Millions,-11081.3
2024,Swiss FDI abroad (Outward),Capital transactions (flows),Not applicable (Directional outward),T1,Total,Europe,CHF Millions,-34872.4
2024,Swiss FDI abroad (Outward),Capital transactions (flows),Not applicable (Directional outward),S22,Total,Europe,CHF Millions,76.1
2024,Swiss FDI abroad (Outward),Capital transactions (flows),Not applicable (Directional outward),T2,Total,North America,CHF Millions,7705.5
2024,Swiss FDI abroad (Outward),Capital transactions (flows),Not applicable (Directional outward),T3,Total,Central and South America,CHF Millions,6431.3
2024,Swiss FDI abroad (Outward),Capital transactions (flows),Not applicable (Directional outward),S19,Total,Central and South America,CHF Millions,-1329.3
2024,Swiss FDI abroad (Outward),Capital transactions (flows),Not applicable (Directional outward),T4,Total,Asia,CHF Millions,8344.1
2024,Swiss FDI abroad (Outward),Capital transactions (flows),Not applicable (Directional outward),T5,Total,Africa,CHF Millions,566.4
2024,Swiss FDI abroad (Outward),Capital transactions (flows),Not applicable (Directional outward),T6,Total,Oceania,CHF Millions,743.8
2024,Swiss FDI abroad (Outward),Capital transactions (flows),Not applicable (Directional outward),TN,Tunisia,Africa,CHF Millions,12.0
2024,Swiss FDI abroad (Outward),Capital transactions (flows),Not applicable (Directional outward),TR,Turkey,Europe,CHF Millions,483.2
2024,Swiss FDI abroad (Outward),Capital transactions (flows),Not applicable (Directional outward),UA,Ukraine,Europe,CHF Millions,101.0
2024,Swiss FDI abroad (Outward),Capital transactions (flows),Not applicable (Directional outward),AE,United Arab Emirates,Asia,CHF Millions,4297.4
2024,Swiss FDI abroad (Outward),Capital transactions (flows),Not applicable (Directional outward),GB,United Kingdom,Europe,CHF Millions,5671.4
2024,Swiss FDI abroad (Outward),Capital transactions (flows),Not applicable (Directional outward),US,United States,North America,CHF Millions,5925.7
2024,Swiss FDI abroad (Outward),Capital transactions (flows),Not applicable (Directional outward),UY,Uruguay,Central and South America,CHF Millions,-1548.4
2024,Swiss FDI abroad (Outward),Capital transactions (flows),Not applicable (Directional outward),VE,Venezuela,Central and South America,CHF Millions,7.2
2024,Swiss FDI abroad (Outward),Capital transactions (flows),Not applicable (Directional outward),VN,Viet Nam,Asia,CHF Millions,209.4
2024,Swiss FDI abroad (Outward),Investment income,Not applicable (Directional outward),AR,Argentina,Central and South America,CHF Millions,324.4
2024,Swiss FDI abroad (Outward),Investment income,Not applicable (Directional outward),AU,Australia,Oceania,CHF Millions,593.5
2024,Swiss FDI abroad (Outward),Investment income,Not applicable (Directional outward),AT,Austria,Europe,CHF Millions,1580.3
2024,Swiss FDI abroad (Outward),Investment income,Not applicable (Directional outward),BD,Bangladesh,Asia,CHF Millions,28.6
2024,Swiss FDI abroad (Outward),Investment income,Not applicable (Directional outward),BE,Belgium,Europe,CHF Millions,1192.8
2024,Swiss FDI abroad (Outward),Investment income,Not applicable (Directional outward),BO,Bolivia,Central and South America,CHF Millions,-10.6
2024,Swiss FDI abroad (Outward),Investment income,Not applicable (Directional outward),BA,Bosnia and Herzegovina,Europe,CHF Millions,-50.1
2024,Swiss FDI abroad (Outward),Investment income,Not applicable (Directional outward),BR,Brazil,Central and South America,CHF Millions,1133.4
2024,Swiss FDI abroad (Outward),Investment income,Not applicable (Directional outward),BG,Bulgaria,Europe,CHF Millions,-50.1
2024,Swiss FDI abroad (Outward),Investment income,Not applicable (Directional outward),CM,Cameroon,Africa,CHF Millions,55.5
2024,Swiss FDI abroad (Outward),Investment income,Not applicable (Directional outward),CA,Canada,North America,CHF Millions,1462.7
2024,Swiss FDI abroad (Outward),Investment income,Not applicable (Directional outward),CL,Chile,Central and South America,CHF Millions,567.2
2024,Swiss FDI abroad (Outward),Investment income,Not applicable (Directional outward),CN,China,Asia,CHF Millions,3783.7
2024,Swiss FDI abroad (Outward),Investment income,Not applicable (Directional outward),CO,Colombia,Central and South America,CHF Millions,63.5
2024,Swiss FDI abroad (Outward),Investment income,Not applicable (Directional outward),CR,Costa Rica,Central and South America,CHF Millions,199.2
2024,Swiss FDI abroad (Outward),Investment income,Not applicable (Directional outward),HR,Croatia,Europe,CHF Millions,127.3
2024,Swiss FDI abroad (Outward),Investment income,Not applicable (Directional outward),CY,Cyprus,Europe,CHF Millions,5716.2
2024,Swiss FDI abroad (Outward),Investment income,Not applicable (Directional outward),CZ,Czechia,Europe,CHF Millions,360.4
2024,Swiss FDI abroad (Outward),Investment income,Not applicable (Directional outward),CI,Côte d’Ivoire,Africa,CHF Millions,23.9
2024,Swiss FDI abroad (Outward),Investment income,Not applicable (Directional outward),DK,Denmark,Europe,CHF Millions,179.0
2024,Swiss FDI abroad (Outward),Investment income,Not applicable (Directional outward),B3,EU,Europe,CHF Millions,40965.8
2024,Swiss FDI abroad (Outward),Investment income,Not applicable (Directional outward),EC,Ecuador,Central and South America,CHF Millions,11.7
2024,Swiss FDI abroad (Outward),Investment income,Not applicable (Directional outward),EG,Egypt,Africa,CHF Millions,113.2
2024,Swiss FDI abroad (Outward),Investment income,Not applicable (Directional outward),EE,Estonia,Europe,CHF Millions,34.8
2024,Swiss FDI abroad (Outward),Investment income,Not applicable (Directional outward),FI,Finland,Europe,CHF Millions,741.6
2024,Swiss FDI abroad (Outward),Investment income,Not applicable (Directional outward),FR,France,Europe,CHF Millions,3579.4
2024,Swiss FDI abroad (Outward),Investment income,Not applicable (Directional outward),DE,Germany,Europe,CHF Millions,3897.5
2024,Swiss FDI abroad (Outward),Investment income,Not applicable (Directional outward),GR,Greece,Europe,CHF Millions,147.0
2024,Swiss FDI abroad (Outward),Investment income,Not applicable (Directional outward),GT,Guatemala,Central and South America,CHF Millions,41.0
2024,Swiss FDI abroad (Outward),Investment income,Not applicable (Directional outward),HK,Hong Kong,Asia,CHF Millions,1891.5
2024,Swiss FDI abroad (Outward),Investment income,Not applicable (Directional outward),HU,Hungary,Europe,CHF Millions,400.2
2024,Swiss FDI abroad (Outward),Investment income,Not applicable (Directional outward),IN,India,Asia,CHF Millions,1643.1
2024,Swiss FDI abroad (Outward),Investment income,Not applicable (Directional outward),ID,Indonesia,Asia,CHF Millions,212.5
2024,Swiss FDI abroad (Outward),Investment income,Not applicable (Directional outward),IE,Ireland,Europe,CHF Millions,2181.4
2024,Swiss FDI abroad (Outward),Investment income,Not applicable (Directional outward),IL,Israel,Asia,CHF Millions,133.9
2024,Swiss FDI abroad (Outward),Investment income,Not applicable (Directional outward),IT,Italy,Europe,CHF Millions,2448.4
2024,Swiss FDI abroad (Outward),Investment income,Not applicable (Directional outward),JP,Japan,Asia,CHF Millions,2560.4
2024,Swiss FDI abroad (Outward),Investment income,Not applicable (Directional outward),JO,Jordan,Asia,CHF Millions,49.0
2024,Swiss FDI abroad (Outward),Investment income,Not applicable (Directional outward),KE,Kenya,Africa,CHF Millions,13.4
2024,Swiss FDI abroad (Outward),Investment income,Not applicable (Directional outward),KR,"Korea, Republic of (South Korea)",Asia,CHF Millions,649.8
2024,Swiss FDI abroad (Outward),Investment income,Not applicable (Directional outward),LV,Latvia,Europe,CHF Millions,12.1
2024,Swiss FDI abroad (Outward),Investment income,Not applicable (Directional outward),LB,Lebanon,Asia,CHF Millions,5.8
2024,Swiss FDI abroad (Outward),Investment income,Not applicable (Directional outward),LT,Lithuania,Europe,CHF Millions,176.4
2024,Swiss FDI abroad (Outward),Investment income,Not applicable (Directional outward),LU,Luxembourg,Europe,CHF Millions,3724.3
2024,Swiss FDI abroad (Outward),Investment income,Not applicable (Directional outward),MY,Malaysia,Asia,CHF Millions,403.9
2024,Swiss FDI abroad (Outward),Investment income,Not applicable (Directional outward),MU,Mauritius,Africa,CHF Millions,313.0
2024,Swiss FDI abroad (Outward),Investment income,Not applicable (Directional outward),MX,Mexico,Central and South America,CHF Millions,775.2
2024,Swiss FDI abroad (Outward),Investment income,Not applicable (Directional outward),MA,Morocco,Africa,CHF Millions,91.1
2024,Swiss FDI abroad (Outward),Investment income,Not applicable (Directional outward),NL,Netherlands,Europe,CHF Millions,10331.9
2024,Swiss FDI abroad (Outward),Investment income,Not applicable (Directional outward),NZ,New Zealand,Oceania,CHF Millions,64.1
2024,Swiss FDI abroad (Outward),Investment income,Not applicable (Directional outward),NG,Nigeria,Africa,CHF Millions,-101.0
2024,Swiss FDI abroad (Outward),Investment income,Not applicable (Directional outward),NO,Norway,Europe,CHF Millions,130.5
2024,Swiss FDI abroad (Outward),Investment income,Not applicable (Directional outward),S21,Offshore financial centres in Europe,Europe,CHF Millions,18.2
2024,Swiss FDI abroad (Outward),Investment income,Not applicable (Directional outward),G9,Other European countries,Europe,CHF Millions,6683.7
2024,Swiss FDI abroad (Outward),Investment income,Not applicable (Directional outward),PK,Pakistan,Asia,CHF Millions,180.2
2024,Swiss FDI abroad (Outward),Investment income,Not applicable (Directional outward),PA,Panama,Central and South America,CHF Millions,34.1
2024,Swiss FDI abroad (Outward),Investment income,Not applicable (Directional outward),PE,Peru,Central and South America,CHF Millions,167.3
2024,Swiss FDI abroad (Outward),Investment income,Not applicable (Directional outward),PH,Philippines,Asia,CHF Millions,-201.3
2024,Swiss FDI abroad (Outward),Investment income,Not applicable (Directional outward),PL,Poland,Europe,CHF Millions,879.9
2024,Swiss FDI abroad (Outward),Investment income,Not applicable (Directional outward),PT,Portugal,Europe,CHF Millions,213.0
2024,Swiss FDI abroad (Outward),Investment income,Not applicable (Directional outward),QA,Qatar,Asia,CHF Millions,33.4
2024,Swiss FDI abroad (Outward),Investment income,Not applicable (Directional outward),RO,Romania,Europe,CHF Millions,139.6
2024,Swiss FDI abroad (Outward),Investment income,Not applicable (Directional outward),RU,Russia,Europe,CHF Millions,1358.2
2024,Swiss FDI abroad (Outward),Investment income,Not applicable (Directional outward),SA,Saudi Arabia,Asia,CHF Millions,176.4
2024,Swiss FDI abroad (Outward),Investment income,Not applicable (Directional outward),RS,Serbia,Europe,CHF Millions,69.2
2024,Swiss FDI abroad (Outward),Investment income,Not applicable (Directional outward),SG,Singapore,Asia,CHF Millions,7385.2
2024,Swiss FDI abroad (Outward),Investment income,Not applicable (Directional outward),SK,Slovakia,Europe,CHF Millions,75.8
2024,Swiss FDI abroad (Outward),Investment income,Not applicable (Directional outward),ZA,South Africa,Africa,CHF Millions,173.1
2024,Swiss FDI abroad (Outward),Investment income,Not applicable (Directional outward),ES,Spain,Europe,CHF Millions,1074.5
2024,Swiss FDI abroad (Outward),Investment income,Not applicable (Directional outward),LK,Sri Lanka,Asia,CHF Millions,18.0
2024,Swiss FDI abroad (Outward),Investment income,Not applicable (Directional outward),SE,Sweden,Europe,CHF Millions,1409.1
2024,Swiss FDI abroad (Outward),Investment income,Not applicable (Directional outward),TW,Taiwan,Asia,CHF Millions,444.4
2024,Swiss FDI abroad (Outward),Investment income,Not applicable (Directional outward),TZ,Tanzania,Africa,CHF Millions,8.5
2024,Swiss FDI abroad (Outward),Investment income,Not applicable (Directional outward),TH,Thailand,Asia,CHF Millions,275.4
2024,Swiss FDI abroad (Outward),Investment income,Not applicable (Directional outward),T0,Total,All / Total,CHF Millions,107781.6
2024,Swiss FDI abroad (Outward),Investment income,Not applicable (Directional outward),T1,Total,Europe,CHF Millions,47649.5
2024,Swiss FDI abroad (Outward),Investment income,Not applicable (Directional outward),S22,Total,Europe,CHF Millions,223.3
2024,Swiss FDI abroad (Outward),Investment income,Not applicable (Directional outward),T2,Total,North America,CHF Millions,27572.8
2024,Swiss FDI abroad (Outward),Investment income,Not applicable (Directional outward),T3,Total,Central and South America,CHF Millions,8805.6
2024,Swiss FDI abroad (Outward),Investment income,Not applicable (Directional outward),S19,Total,Central and South America,CHF Millions,5189.9
2024,Swiss FDI abroad (Outward),Investment income,Not applicable (Directional outward),T4,Total,Asia,CHF Millions,22366.3
2024,Swiss FDI abroad (Outward),Investment income,Not applicable (Directional outward),T5,Total,Africa,CHF Millions,716.7
2024,Swiss FDI abroad (Outward),Investment income,Not applicable (Directional outward),T6,Total,Oceania,CHF Millions,670.6
2024,Swiss FDI abroad (Outward),Investment income,Not applicable (Directional outward),TN,Tunisia,Africa,CHF Millions,9.0
2024,Swiss FDI abroad (Outward),Investment income,Not applicable (Directional outward),TR,Turkey,Europe,CHF Millions,347.8
2024,Swiss FDI abroad (Outward),Investment income,Not applicable (Directional outward),UA,Ukraine,Europe,CHF Millions,-12.9
2024,Swiss FDI abroad (Outward),Investment income,Not applicable (Directional outward),AE,United Arab Emirates,Asia,CHF Millions,1047.2
2024,Swiss FDI abroad (Outward),Investment income,Not applicable (Directional outward),GB,United Kingdom,Europe,CHF Millions,4800.1
2024,Swiss FDI abroad (Outward),Investment income,Not applicable (Directional outward),US,United States,North America,CHF Millions,26110.1
2024,Swiss FDI abroad (Outward),Investment income,Not applicable (Directional outward),UY,Uruguay,Central and South America,CHF Millions,169.6
2024,Swiss FDI abroad (Outward),Investment income,Not applicable (Directional outward),VE,Venezuela,Central and South America,CHF Millions,-19.5
2024,Swiss FDI abroad (Outward),Investment income,Not applicable (Directional outward),VN,Viet Nam,Asia,CHF Millions,243.1
