Year,Indicator,Breakdown_Type,Category_Code,Category_Name,Category_Group,Unit,Value
2015,Number of enterprises,By Country,AR,Argentina,Central and South America,Count,174
2015,Number of enterprises,By Country,AU,Australia,Oceania,Count,271
2015,Number of enterprises,By Country,AT,Austria,Europe,Count,258
2015,Number of enterprises,By Country,BD,Bangladesh,Asia,Count,14
2015,Number of enterprises,By Country,BE,Belgium,Europe,Count,373
2015,Number of enterprises,By Country,BO,Bolivia,Central and South America,Count,9
2015,Number of enterprises,By Country,BA,Bosnia and Herzegovina,Europe,Count,14
2015,Number of enterprises,By Country,BR,Brazil,Central and South America,Count,259
2015,Number of enterprises,By Country,BG,Bulgaria,Europe,Count,46
2015,Number of enterprises,By Country,CM,Cameroon,Africa,Count,9
2015,Number of enterprises,By Country,CA,Canada,North America,Count,270
2015,Number of enterprises,By Country,CL,Chile,Central and South America,Count,126
2015,Number of enterprises,By Country,CN,China,Asia,Count,598
2015,Number of enterprises,By Country,CO,Colombia,Central and South America,Count,96
2015,Number of enterprises,By Country,CR,Costa Rica,Central and South America,Count,14
2015,Number of enterprises,By Country,HR,Croatia,Europe,Count,44
2015,Number of enterprises,By Country,CY,Cyprus,Europe,Count,31
2015,Number of enterprises,By Country,CZ,Czechia,Europe,Count,120
2015,Number of enterprises,By Country,CI,Côte d’Ivoire,Africa,Count,18
2015,Number of enterprises,By Country,DK,Denmark,Europe,Count,103
2015,Number of enterprises,By Country,B3,EU,Europe,Count,8866
2015,Number of enterprises,By Country,EC,Ecuador,Central and South America,Count,29
2015,Number of enterprises,By Country,EG,Egypt,Africa,Count,57
2015,Number of enterprises,By Country,EE,Estonia,Europe,Count,14
2015,Number of enterprises,By Country,FI,Finland,Europe,Count,87
2015,Number of enterprises,By Country,FR,France,Europe,Count,1868
2015,Number of enterprises,By Country,DE,Germany,Europe,Count,1545
2015,Number of enterprises,By Country,GR,Greece,Europe,Count,66
2015,Number of enterprises,By Country,GT,Guatemala,Central and South America,Count,21
2015,Number of enterprises,By Country,HK,Hong Kong,Asia,Count,230
2015,Number of enterprises,By Country,HU,Hungary,Europe,Count,106
2015,Number of enterprises,By Country,IN,India,Asia,Count,262
2015,Number of enterprises,By Country,ID,Indonesia,Asia,Count,76
2015,Number of enterprises,By Country,IE,Ireland,Europe,Count,133
2015,Number of enterprises,By Country,IL,Israel,Asia,Count,38
2015,Number of enterprises,By Country,IT,Italy,Europe,Count,743
2015,Number of enterprises,By Country,JP,Japan,Asia,Count,295
2015,Number of enterprises,By Country,JO,Jordan,Asia,Count,12
2015,Number of enterprises,By Country,KE,Kenya,Africa,Count,26
2015,Number of enterprises,By Country,KR,"Korea, Republic of (South Korea)",Asia,Count,93
2015,Number of enterprises,By Country,LV,Latvia,Europe,Count,14
2015,Number of enterprises,By Country,LB,Lebanon,Asia,Count,18
2015,Number of enterprises,By Country,LT,Lithuania,Europe,Count,19
2015,Number of enterprises,By Country,LU,Luxembourg,Europe,Count,234
2015,Number of enterprises,By Country,MY,Malaysia,Asia,Count,186
2015,Number of enterprises,By Country,MU,Mauritius,Africa,Count,27
2015,Number of enterprises,By Country,MX,Mexico,Central and South America,Count,265
2015,Number of enterprises,By Country,MA,Morocco,Africa,Count,54
2015,Number of enterprises,By Country,NL,Netherlands,Europe,Count,481
2015,Number of enterprises,By Country,NZ,New Zealand,Oceania,Count,84
2015,Number of enterprises,By Country,NG,Nigeria,Africa,Count,32
2015,Number of enterprises,By Country,NO,Norway,Europe,Count,185
2015,Number of enterprises,By Country,S21,Offshore financial centres in Europe,Europe,Count,178
2015,Number of enterprises,By Country,G9,Other European countries,Europe,Count,809
2015,Number of enterprises,By Country,PK,Pakistan,Asia,Count,18
2015,Number of enterprises,By Country,PA,Panama,Central and South America,Count,51
2015,Number of enterprises,By Country,PE,Peru,Central and South America,Count,44
2015,Number of enterprises,By Country,PH,Philippines,Asia,Count,76
2015,Number of enterprises,By Country,PL,Poland,Europe,Count,203
2015,Number of enterprises,By Country,PT,Portugal,Europe,Count,99
2015,Number of enterprises,By Country,QA,Qatar,Asia,Count,15
2015,Number of enterprises,By Country,RO,Romania,Europe,Count,94
2015,Number of enterprises,By Country,RU,Russia,Europe,Count,179
2015,Number of enterprises,By Country,SA,Saudi Arabia,Asia,Count,33
2015,Number of enterprises,By Country,RS,Serbia,Europe,Count,38
2015,Number of enterprises,By Country,SG,Singapore,Asia,Count,259
2015,Number of enterprises,By Country,SK,Slovakia,Europe,Count,47
2015,Number of enterprises,By Country,ZA,South Africa,Africa,Count,108
2015,Number of enterprises,By Country,ES,Spain,Europe,Count,638
2015,Number of enterprises,By Country,LK,Sri Lanka,Asia,Count,17
2015,Number of enterprises,By Country,SE,Sweden,Europe,Count,225
2015,Number of enterprises,By Country,TW,Taiwan,Asia,Count,80
2015,Number of enterprises,By Country,TZ,Tanzania,Africa,Count,11
2015,Number of enterprises,By Country,TH,Thailand,Asia,Count,121
2015,Number of enterprises,By Country,T0,Total,All / Total,Count,17923
2015,Number of enterprises,By Country,T1,Total,Europe,Count,9675
2015,Number of enterprises,By Country,S22,Total,Europe,Count,47
2015,Number of enterprises,By Country,T2,Total,North America,Count,2889
2015,Number of enterprises,By Country,T3,Total,Central and South America,Count,1703
2015,Number of enterprises,By Country,S19,Total,Central and South America,Count,490
2015,Number of enterprises,By Country,T4,Total,Asia,Count,2751
2015,Number of enterprises,By Country,T5,Total,Africa,Count,539
2015,Number of enterprises,By Country,T6,Total,Oceania,Count,366
2015,Number of enterprises,By Country,TN,Tunisia,Africa,Count,34
2015,Number of enterprises,By Country,TR,Turkey,Europe,Count,109
2015,Number of enterprises,By Country,UA,Ukraine,Europe,Count,58
2015,Number of enterprises,By Country,AE,United Arab Emirates,Asia,Count,103
2015,Number of enterprises,By Country,GB,United Kingdom,Europe,Count,1210
2015,Number of enterprises,By Country,US,United States,North America,Count,2619
2015,Number of enterprises,By Country,UY,Uruguay,Central and South America,Count,44
2015,Number of enterprises,By Country,VE,Venezuela,Central and South America,Count,47
2015,Number of enterprises,By Country,VN,Viet Nam,Asia,Count,45
2015,Number of enterprises,By Economic Activity,B,Banks,Services,Count,1718
2015,Number of enterprises,By Economic Activity,CUK,Chemicals and plastics,Manufacturing,Count,1499
2015,Number of enterprises,By Economic Activity,EEOU,"Electronics, energy, optical and watchmaking",Manufacturing,Count,1390
2015,Number of enterprises,By Economic Activity,FUH,Finance and holding companies,Services,Count,749
2015,Number of enterprises,By Economic Activity,V,Insurance companies,Services,Count,775
2015,Number of enterprises,By Economic Activity,MUM,Metals and machinery,Manufacturing,Count,2021
2015,Number of enterprises,By Economic Activity,UIB,Other manufacturing and construction,Manufacturing,Count,2349
2015,Number of enterprises,By Economic Activity,DU,Other services,Services,Count,5830
2015,Number of enterprises,By Economic Activity,T0,Total,Manufacturing,Count,7259
2015,Number of enterprises,By Economic Activity,T1,Total,Services,Count,10664
2015,Number of enterprises,By Economic Activity,D0_2,Total,All / Total,Count,17923
2015,Number of enterprises,By Economic Activity,H,Trade,Services,Count,912
2015,Number of enterprises,By Economic Activity,TUK,Transportation and communications,Services,Count,680
2015,Number of staff,By Country,AR,Argentina,Central and South America,Persons (in thousands),12880.2
2015,Number of staff,By Country,AU,Australia,Oceania,Persons (in thousands),23053.3
2015,Number of staff,By Country,AT,Austria,Europe,Persons (in thousands),31812.3
2015,Number of staff,By Country,BD,Bangladesh,Asia,Persons (in thousands),3730.5
2015,Number of staff,By Country,BE,Belgium,Europe,Persons (in thousands),17587.6
2015,Number of staff,By Country,BO,Bolivia,Central and South America,Persons (in thousands),1054
2015,Number of staff,By Country,BA,Bosnia and Herzegovina,Europe,Persons (in thousands),377.5
2015,Number of staff,By Country,BR,Brazil,Central and South America,Persons (in thousands),84852.9
2015,Number of staff,By Country,BG,Bulgaria,Europe,Persons (in thousands),8581.4
2015,Number of staff,By Country,CM,Cameroon,Africa,Persons (in thousands),1311.4
2015,Number of staff,By Country,CA,Canada,North America,Persons (in thousands),33636.2
2015,Number of staff,By Country,CL,Chile,Central and South America,Persons (in thousands),19919.6
2015,Number of staff,By Country,CN,China,Asia,Persons (in thousands),182488.0
2015,Number of staff,By Country,CO,Colombia,Central and South America,Persons (in thousands),11312.2
2015,Number of staff,By Country,CR,Costa Rica,Central and South America,Persons (in thousands),1974.9
2015,Number of staff,By Country,HR,Croatia,Europe,Persons (in thousands),3092.9
2015,Number of staff,By Country,CY,Cyprus,Europe,Persons (in thousands),357
2015,Number of staff,By Country,CZ,Czechia,Europe,Persons (in thousands),23404.3
2015,Number of staff,By Country,CI,Côte d’Ivoire,Africa,Persons (in thousands),3242.8
2015,Number of staff,By Country,DK,Denmark,Europe,Persons (in thousands),3817.2
2015,Number of staff,By Country,B3,EU,Europe,Persons (in thousands),770508.4
2015,Number of staff,By Country,EC,Ecuador,Central and South America,Persons (in thousands),5550.1
2015,Number of staff,By Country,EG,Egypt,Africa,Persons (in thousands),12520.7
2015,Number of staff,By Country,EE,Estonia,Europe,Persons (in thousands),1672
2015,Number of staff,By Country,FI,Finland,Europe,Persons (in thousands),8361.5
2015,Number of staff,By Country,FR,France,Europe,Persons (in thousands),105320.4
2015,Number of staff,By Country,DE,Germany,Europe,Persons (in thousands),235910.9
2015,Number of staff,By Country,GR,Greece,Europe,Persons (in thousands),6852.2
2015,Number of staff,By Country,GT,Guatemala,Central and South America,Persons (in thousands),2630
2015,Number of staff,By Country,HK,Hong Kong,Asia,Persons (in thousands),19975.5
2015,Number of staff,By Country,HU,Hungary,Europe,Persons (in thousands),13823.2
2015,Number of staff,By Country,IN,India,Asia,Persons (in thousands),81576.1
2015,Number of staff,By Country,ID,Indonesia,Asia,Persons (in thousands),20648.1
2015,Number of staff,By Country,IE,Ireland,Europe,Persons (in thousands),7739
2015,Number of staff,By Country,IL,Israel,Asia,Persons (in thousands),6220.2
2015,Number of staff,By Country,IT,Italy,Europe,Persons (in thousands),49009.9
2015,Number of staff,By Country,JP,Japan,Asia,Persons (in thousands),36224.4
2015,Number of staff,By Country,JO,Jordan,Asia,Persons (in thousands),1956
2015,Number of staff,By Country,KE,Kenya,Africa,Persons (in thousands),3667.2
2015,Number of staff,By Country,KR,"Korea, Republic of (South Korea)",Asia,Persons (in thousands),10430.1
2015,Number of staff,By Country,LV,Latvia,Europe,Persons (in thousands),2305
2015,Number of staff,By Country,LB,Lebanon,Asia,Persons (in thousands),1245
2015,Number of staff,By Country,LT,Lithuania,Europe,Persons (in thousands),824
2015,Number of staff,By Country,LU,Luxembourg,Europe,Persons (in thousands),7730.4
2015,Number of staff,By Country,MY,Malaysia,Asia,Persons (in thousands),24011.1
2015,Number of staff,By Country,MU,Mauritius,Africa,Persons (in thousands),449
2015,Number of staff,By Country,MX,Mexico,Central and South America,Persons (in thousands),33670.8
2015,Number of staff,By Country,MA,Morocco,Africa,Persons (in thousands),5380.0
2015,Number of staff,By Country,NL,Netherlands,Europe,Persons (in thousands),20319.6
2015,Number of staff,By Country,NZ,New Zealand,Oceania,Persons (in thousands),3208.7
2015,Number of staff,By Country,NG,Nigeria,Africa,Persons (in thousands),10235
2015,Number of staff,By Country,NO,Norway,Europe,Persons (in thousands),7325.8
2015,Number of staff,By Country,S19,Offshore financial centres in Central and South America,Central and South America,Persons (in thousands),4100.5
2015,Number of staff,By Country,S21,Offshore financial centres in Europe,Europe,Persons (in thousands),990.2
2015,Number of staff,By Country,G9,Other European countries,Europe,Persons (in thousands),87799.2
2015,Number of staff,By Country,PK,Pakistan,Asia,Persons (in thousands),6786
2015,Number of staff,By Country,PA,Panama,Central and South America,Persons (in thousands),2510.9
2015,Number of staff,By Country,PE,Peru,Central and South America,Persons (in thousands),6712.2
2015,Number of staff,By Country,PH,Philippines,Asia,Persons (in thousands),11803.1
2015,Number of staff,By Country,PL,Poland,Europe,Persons (in thousands),41291.4
2015,Number of staff,By Country,PT,Portugal,Europe,Persons (in thousands),7433.5
2015,Number of staff,By Country,QA,Qatar,Asia,Persons (in thousands),1122.3
2015,Number of staff,By Country,RO,Romania,Europe,Persons (in thousands),14370.7
2015,Number of staff,By Country,RU,Russia,Europe,Persons (in thousands),44184.6
2015,Number of staff,By Country,SA,Saudi Arabia,Asia,Persons (in thousands),11708.3
2015,Number of staff,By Country,RS,Serbia,Europe,Persons (in thousands),3816.6
2015,Number of staff,By Country,SG,Singapore,Asia,Persons (in thousands),22442.9
2015,Number of staff,By Country,SK,Slovakia,Europe,Persons (in thousands),4751.6
2015,Number of staff,By Country,ZA,South Africa,Africa,Persons (in thousands),14755.5
2015,Number of staff,By Country,ES,Spain,Europe,Persons (in thousands),37701.0
2015,Number of staff,By Country,LK,Sri Lanka,Asia,Persons (in thousands),2305
2015,Number of staff,By Country,SE,Sweden,Europe,Persons (in thousands),17798.9
2015,Number of staff,By Country,TW,Taiwan,Asia,Persons (in thousands),17056.3
2015,Number of staff,By Country,TZ,Tanzania,Africa,Persons (in thousands),968
2015,Number of staff,By Country,TH,Thailand,Asia,Persons (in thousands),32758.4
2015,Number of staff,By Country,T0,Total,All / Total,Persons (in thousands),2033556.4
2015,Number of staff,By Country,T1,Total,Europe,Persons (in thousands),858307.6
2015,Number of staff,By Country,T2,Total,North America,Persons (in thousands),341988.0
2015,Number of staff,By Country,T3,Total,Central and South America,Persons (in thousands),198260.2
2015,Number of staff,By Country,T4,Total,Asia,Persons (in thousands),536569.2
2015,Number of staff,By Country,T5,Total,Africa,Persons (in thousands),71461.5
2015,Number of staff,By Country,T6,Total,Oceania,Persons (in thousands),26970.0
2015,Number of staff,By Country,TN,Tunisia,Africa,Persons (in thousands),2987
2015,Number of staff,By Country,TR,Turkey,Europe,Persons (in thousands),15594.3
2015,Number of staff,By Country,UA,Ukraine,Europe,Persons (in thousands),12845.4
2015,Number of staff,By Country,AE,United Arab Emirates,Asia,Persons (in thousands),10534.4
2015,Number of staff,By Country,GB,United Kingdom,Europe,Persons (in thousands),92581.7
2015,Number of staff,By Country,US,United States,North America,Persons (in thousands),308351.9
2015,Number of staff,By Country,UY,Uruguay,Central and South America,Persons (in thousands),1201.5
2015,Number of staff,By Country,VE,Venezuela,Central and South America,Persons (in thousands),6053.4
2015,Number of staff,By Country,VN,Viet Nam,Asia,Persons (in thousands),17564.9
2015,Number of staff,By Economic Activity,B,Banks,Services,Persons (in thousands),77909.0
2015,Number of staff,By Economic Activity,CUK,Chemicals and plastics,Manufacturing,Persons (in thousands),290606.2
2015,Number of staff,By Economic Activity,EEOU,"Electronics, energy, optical and watchmaking",Manufacturing,Persons (in thousands),222222
2015,Number of staff,By Economic Activity,FUH,Finance and holding companies,Services,Persons (in thousands),113519
2015,Number of staff,By Economic Activity,V,Insurance companies,Services,Persons (in thousands),93250.3
2015,Number of staff,By Economic Activity,MUM,Metals and machinery,Manufacturing,Persons (in thousands),270284.8
2015,Number of staff,By Economic Activity,UIB,Other manufacturing and construction,Manufacturing,Persons (in thousands),541249
2015,Number of staff,By Economic Activity,DU,Other services,Services,Persons (in thousands),149216.8
2015,Number of staff,By Economic Activity,T0,Total,Manufacturing,Persons (in thousands),1324362.0
2015,Number of staff,By Economic Activity,T1,Total,Services,Persons (in thousands),709194.4
2015,Number of staff,By Economic Activity,D0_2,Total,All / Total,Persons (in thousands),2033556.4
2015,Number of staff,By Economic Activity,H,Trade,Services,Persons (in thousands),170015.4
2015,Number of staff,By Economic Activity,TUK,Transportation and communications,Services,Persons (in thousands),105283.9
2015,Turnover,By Country,AR,Argentina,Central and South America,CHF Millions,4396.5
2015,Turnover,By Country,AU,Australia,Oceania,CHF Millions,12396.6
2015,Turnover,By Country,AT,Austria,Europe,CHF Millions,8391.8
2015,Turnover,By Country,BD,Bangladesh,Asia,CHF Millions,475.6
2015,Turnover,By Country,BE,Belgium,Europe,CHF Millions,9551.7
2015,Turnover,By Country,BO,Bolivia,Central and South America,CHF Millions,132.6
2015,Turnover,By Country,BA,Bosnia and Herzegovina,Europe,CHF Millions,91.6
2015,Turnover,By Country,BR,Brazil,Central and South America,CHF Millions,17224.3
2015,Turnover,By Country,BG,Bulgaria,Europe,CHF Millions,695.4
2015,Turnover,By Country,CM,Cameroon,Africa,CHF Millions,157.2
2015,Turnover,By Country,CA,Canada,North America,CHF Millions,14027.5
2015,Turnover,By Country,CL,Chile,Central and South America,CHF Millions,3144.8
2015,Turnover,By Country,CN,China,Asia,CHF Millions,31081.0
2015,Turnover,By Country,CO,Colombia,Central and South America,CHF Millions,2413.5
2015,Turnover,By Country,CR,Costa Rica,Central and South America,CHF Millions,445.2
2015,Turnover,By Country,HR,Croatia,Europe,CHF Millions,753.0
2015,Turnover,By Country,CY,Cyprus,Europe,CHF Millions,146.7
2015,Turnover,By Country,CZ,Czechia,Europe,CHF Millions,3364.9
2015,Turnover,By Country,CI,Côte d’Ivoire,Africa,CHF Millions,472.7
2015,Turnover,By Country,DK,Denmark,Europe,CHF Millions,2263.4
2015,Turnover,By Country,B3,EU,Europe,CHF Millions,256989.7
2015,Turnover,By Country,EC,Ecuador,Central and South America,CHF Millions,1258.1
2015,Turnover,By Country,EG,Egypt,Africa,CHF Millions,1555.6
2015,Turnover,By Country,EE,Estonia,Europe,CHF Millions,111.9
2015,Turnover,By Country,FI,Finland,Europe,CHF Millions,2341.7
2015,Turnover,By Country,FR,France,Europe,CHF Millions,38200.3
2015,Turnover,By Country,DE,Germany,Europe,CHF Millions,69216.0
2015,Turnover,By Country,GR,Greece,Europe,CHF Millions,2394.1
2015,Turnover,By Country,GT,Guatemala,Central and South America,CHF Millions,280.1
2015,Turnover,By Country,HK,Hong Kong,Asia,CHF Millions,11984.0
2015,Turnover,By Country,HU,Hungary,Europe,CHF Millions,1933.3
2015,Turnover,By Country,IN,India,Asia,CHF Millions,9798.3
2015,Turnover,By Country,ID,Indonesia,Asia,CHF Millions,3364.1
2015,Turnover,By Country,IE,Ireland,Europe,CHF Millions,2198.0
2015,Turnover,By Country,IL,Israel,Asia,CHF Millions,1400.2
2015,Turnover,By Country,IT,Italy,Europe,CHF Millions,23403.8
2015,Turnover,By Country,JP,Japan,Asia,CHF Millions,17157.2
2015,Turnover,By Country,JO,Jordan,Asia,CHF Millions,471.1
2015,Turnover,By Country,KE,Kenya,Africa,CHF Millions,494.8
2015,Turnover,By Country,KR,"Korea, Republic of (South Korea)",Asia,CHF Millions,5320.9
2015,Turnover,By Country,LV,Latvia,Europe,CHF Millions,119.9
2015,Turnover,By Country,LB,Lebanon,Asia,CHF Millions,429.6
2015,Turnover,By Country,LT,Lithuania,Europe,CHF Millions,272.4
2015,Turnover,By Country,LU,Luxembourg,Europe,CHF Millions,12435.6
2015,Turnover,By Country,MY,Malaysia,Asia,CHF Millions,4744.3
2015,Turnover,By Country,MU,Mauritius,Africa,CHF Millions,247.6
2015,Turnover,By Country,MX,Mexico,Central and South America,CHF Millions,9113.3
2015,Turnover,By Country,MA,Morocco,Africa,CHF Millions,899.1
2015,Turnover,By Country,NL,Netherlands,Europe,CHF Millions,6796.9
2015,Turnover,By Country,NZ,New Zealand,Oceania,CHF Millions,1126.9
2015,Turnover,By Country,NG,Nigeria,Africa,CHF Millions,2147.2
2015,Turnover,By Country,NO,Norway,Europe,CHF Millions,4870.4
2015,Turnover,By Country,S21,Offshore financial centres in Europe,Europe,CHF Millions,992.7
2015,Turnover,By Country,G9,Other European countries,Europe,CHF Millions,18215.5
2015,Turnover,By Country,PK,Pakistan,Asia,CHF Millions,1305.7
2015,Turnover,By Country,PA,Panama,Central and South America,CHF Millions,932.9
2015,Turnover,By Country,PE,Peru,Central and South America,CHF Millions,1169.8
2015,Turnover,By Country,PH,Philippines,Asia,CHF Millions,4210.1
2015,Turnover,By Country,PL,Poland,Europe,CHF Millions,6067.6
2015,Turnover,By Country,PT,Portugal,Europe,CHF Millions,1850.6
2015,Turnover,By Country,QA,Qatar,Asia,CHF Millions,332.0
2015,Turnover,By Country,RO,Romania,Europe,CHF Millions,3833.6
2015,Turnover,By Country,RU,Russia,Europe,CHF Millions,6702.7
2015,Turnover,By Country,SA,Saudi Arabia,Asia,CHF Millions,3066.9
2015,Turnover,By Country,RS,Serbia,Europe,CHF Millions,727.1
2015,Turnover,By Country,SG,Singapore,Asia,CHF Millions,8874.3
2015,Turnover,By Country,SK,Slovakia,Europe,CHF Millions,868.8
2015,Turnover,By Country,ZA,South Africa,Africa,CHF Millions,3516.0
2015,Turnover,By Country,ES,Spain,Europe,CHF Millions,15074.4
2015,Turnover,By Country,LK,Sri Lanka,Asia,CHF Millions,443.1
2015,Turnover,By Country,SE,Sweden,Europe,CHF Millions,5282.7
2015,Turnover,By Country,TW,Taiwan,Asia,CHF Millions,3501.4
2015,Turnover,By Country,TZ,Tanzania,Africa,CHF Millions,168.2
2015,Turnover,By Country,TH,Thailand,Asia,CHF Millions,6471.0
2015,Turnover,By Country,T0,Total,All / Total,CHF Millions,674369.2
2015,Turnover,By Country,T1,Total,Europe,CHF Millions,275205.2
2015,Turnover,By Country,S22,Total,Europe,CHF Millions,504.3
2015,Turnover,By Country,T2,Total,North America,CHF Millions,186296.6
2015,Turnover,By Country,T3,Total,Central and South America,CHF Millions,63924.8
2015,Turnover,By Country,S19,Total,Central and South America,CHF Millions,21043.2
2015,Turnover,By Country,T4,Total,Asia,CHF Millions,122528.1
2015,Turnover,By Country,T5,Total,Africa,CHF Millions,12719.4
2015,Turnover,By Country,T6,Total,Oceania,CHF Millions,13695.1
2015,Turnover,By Country,TN,Tunisia,Africa,CHF Millions,194.3
2015,Turnover,By Country,TR,Turkey,Europe,CHF Millions,3421.8
2015,Turnover,By Country,UA,Ukraine,Europe,CHF Millions,1121.2
2015,Turnover,By Country,AE,United Arab Emirates,Asia,CHF Millions,4220.9
2015,Turnover,By Country,GB,United Kingdom,Europe,CHF Millions,38743.4
2015,Turnover,By Country,US,United States,North America,CHF Millions,172269.1
2015,Turnover,By Country,UY,Uruguay,Central and South America,CHF Millions,335.3
2015,Turnover,By Country,VE,Venezuela,Central and South America,CHF Millions,1584.0
2015,Turnover,By Country,VN,Viet Nam,Asia,CHF Millions,1416.7
2015,Turnover,By Economic Activity,B,Banks,Services,CHF Millions,33555.0
2015,Turnover,By Economic Activity,CUK,Chemicals and plastics,Manufacturing,CHF Millions,135492.2
2015,Turnover,By Economic Activity,EEOU,"Electronics, energy, optical and watchmaking",Manufacturing,CHF Millions,74823.2
2015,Turnover,By Economic Activity,FUH,Finance and holding companies,Services,CHF Millions,50246.3
2015,Turnover,By Economic Activity,V,Insurance companies,Services,CHF Millions,81235.6
2015,Turnover,By Economic Activity,MUM,Metals and machinery,Manufacturing,CHF Millions,52591.7
2015,Turnover,By Economic Activity,UIB,Other manufacturing and construction,Manufacturing,CHF Millions,137579.6
2015,Turnover,By Economic Activity,DU,Other services,Services,CHF Millions,34493.2
2015,Turnover,By Economic Activity,T0,Total,Manufacturing,CHF Millions,400486.8
2015,Turnover,By Economic Activity,T1,Total,Services,CHF Millions,273882.4
2015,Turnover,By Economic Activity,D0_2,Total,All / Total,CHF Millions,674369.2
2015,Turnover,By Economic Activity,H,Trade,Services,CHF Millions,46237.9
2015,Turnover,By Economic Activity,TUK,Transportation and communications,Services,CHF Millions,28114.5
2016,Number of enterprises,By Country,AR,Argentina,Central and South America,Count,173
2016,Number of enterprises,By Country,AU,Australia,Oceania,Count,255
2016,Number of enterprises,By Country,AT,Austria,Europe,Count,261
2016,Number of enterprises,By Country,BD,Bangladesh,Asia,Count,13
2016,Number of enterprises,By Country,BE,Belgium,Europe,Count,366
2016,Number of enterprises,By Country,BO,Bolivia,Central and South America,Count,12
2016,Number of enterprises,By Country,BA,Bosnia and Herzegovina,Europe,Count,14
2016,Number of enterprises,By Country,BR,Brazil,Central and South America,Count,261
2016,Number of enterprises,By Country,BG,Bulgaria,Europe,Count,48
2016,Number of enterprises,By Country,CM,Cameroon,Africa,Count,9
2016,Number of enterprises,By Country,CA,Canada,North America,Count,273
2016,Number of enterprises,By Country,CL,Chile,Central and South America,Count,124
2016,Number of enterprises,By Country,CN,China,Asia,Count,622
2016,Number of enterprises,By Country,CO,Colombia,Central and South America,Count,101
2016,Number of enterprises,By Country,CR,Costa Rica,Central and South America,Count,14
2016,Number of enterprises,By Country,HR,Croatia,Europe,Count,44
2016,Number of enterprises,By Country,CY,Cyprus,Europe,Count,31
2016,Number of enterprises,By Country,CZ,Czechia,Europe,Count,129
2016,Number of enterprises,By Country,CI,Côte d’Ivoire,Africa,Count,16
2016,Number of enterprises,By Country,DK,Denmark,Europe,Count,104
2016,Number of enterprises,By Country,B3,EU,Europe,Count,9043
2016,Number of enterprises,By Country,EC,Ecuador,Central and South America,Count,37
2016,Number of enterprises,By Country,EG,Egypt,Africa,Count,55
2016,Number of enterprises,By Country,EE,Estonia,Europe,Count,17
2016,Number of enterprises,By Country,FI,Finland,Europe,Count,88
2016,Number of enterprises,By Country,FR,France,Europe,Count,1922
2016,Number of enterprises,By Country,DE,Germany,Europe,Count,1627
2016,Number of enterprises,By Country,GR,Greece,Europe,Count,64
2016,Number of enterprises,By Country,GT,Guatemala,Central and South America,Count,22
2016,Number of enterprises,By Country,HK,Hong Kong,Asia,Count,228
2016,Number of enterprises,By Country,HU,Hungary,Europe,Count,116
2016,Number of enterprises,By Country,IN,India,Asia,Count,255
2016,Number of enterprises,By Country,ID,Indonesia,Asia,Count,79
2016,Number of enterprises,By Country,IE,Ireland,Europe,Count,138
2016,Number of enterprises,By Country,IL,Israel,Asia,Count,47
2016,Number of enterprises,By Country,IT,Italy,Europe,Count,736
2016,Number of enterprises,By Country,JP,Japan,Asia,Count,293
2016,Number of enterprises,By Country,JO,Jordan,Asia,Count,12
2016,Number of enterprises,By Country,KE,Kenya,Africa,Count,29
2016,Number of enterprises,By Country,KR,"Korea, Republic of (South Korea)",Asia,Count,89
2016,Number of enterprises,By Country,LV,Latvia,Europe,Count,17
2016,Number of enterprises,By Country,LB,Lebanon,Asia,Count,18
2016,Number of enterprises,By Country,LT,Lithuania,Europe,Count,22
2016,Number of enterprises,By Country,LU,Luxembourg,Europe,Count,233
2016,Number of enterprises,By Country,MY,Malaysia,Asia,Count,204
2016,Number of enterprises,By Country,MU,Mauritius,Africa,Count,27
2016,Number of enterprises,By Country,MX,Mexico,Central and South America,Count,268
2016,Number of enterprises,By Country,MA,Morocco,Africa,Count,51
2016,Number of enterprises,By Country,NL,Netherlands,Europe,Count,496
2016,Number of enterprises,By Country,NZ,New Zealand,Oceania,Count,84
2016,Number of enterprises,By Country,NG,Nigeria,Africa,Count,37
2016,Number of enterprises,By Country,NO,Norway,Europe,Count,182
2016,Number of enterprises,By Country,S21,Offshore financial centres in Europe,Europe,Count,169
2016,Number of enterprises,By Country,G9,Other European countries,Europe,Count,805
2016,Number of enterprises,By Country,PK,Pakistan,Asia,Count,18
2016,Number of enterprises,By Country,PA,Panama,Central and South America,Count,53
2016,Number of enterprises,By Country,PE,Peru,Central and South America,Count,47
2016,Number of enterprises,By Country,PH,Philippines,Asia,Count,81
2016,Number of enterprises,By Country,PL,Poland,Europe,Count,222
2016,Number of enterprises,By Country,PT,Portugal,Europe,Count,101
2016,Number of enterprises,By Country,QA,Qatar,Asia,Count,17
2016,Number of enterprises,By Country,RO,Romania,Europe,Count,100
2016,Number of enterprises,By Country,RU,Russia,Europe,Count,169
2016,Number of enterprises,By Country,SA,Saudi Arabia,Asia,Count,35
2016,Number of enterprises,By Country,RS,Serbia,Europe,Count,42
2016,Number of enterprises,By Country,SG,Singapore,Asia,Count,260
2016,Number of enterprises,By Country,SK,Slovakia,Europe,Count,61
2016,Number of enterprises,By Country,ZA,South Africa,Africa,Count,105
2016,Number of enterprises,By Country,ES,Spain,Europe,Count,640
2016,Number of enterprises,By Country,LK,Sri Lanka,Asia,Count,13
2016,Number of enterprises,By Country,SE,Sweden,Europe,Count,270
2016,Number of enterprises,By Country,TW,Taiwan,Asia,Count,79
2016,Number of enterprises,By Country,TZ,Tanzania,Africa,Count,13
2016,Number of enterprises,By Country,TH,Thailand,Asia,Count,118
2016,Number of enterprises,By Country,T0,Total,All / Total,Count,17982
2016,Number of enterprises,By Country,T1,Total,Europe,Count,9848
2016,Number of enterprises,By Country,S22,Total,Europe,Count,56
2016,Number of enterprises,By Country,T2,Total,North America,Count,2734
2016,Number of enterprises,By Country,T3,Total,Central and South America,Count,1693
2016,Number of enterprises,By Country,S19,Total,Central and South America,Count,457
2016,Number of enterprises,By Country,T4,Total,Asia,Count,2815
2016,Number of enterprises,By Country,T5,Total,Africa,Count,543
2016,Number of enterprises,By Country,T6,Total,Oceania,Count,349
2016,Number of enterprises,By Country,TN,Tunisia,Africa,Count,35
2016,Number of enterprises,By Country,TR,Turkey,Europe,Count,119
2016,Number of enterprises,By Country,UA,Ukraine,Europe,Count,56
2016,Number of enterprises,By Country,AE,United Arab Emirates,Asia,Count,111
2016,Number of enterprises,By Country,GB,United Kingdom,Europe,Count,1124
2016,Number of enterprises,By Country,US,United States,North America,Count,2461
2016,Number of enterprises,By Country,UY,Uruguay,Central and South America,Count,45
2016,Number of enterprises,By Country,VE,Venezuela,Central and South America,Count,42
2016,Number of enterprises,By Country,VN,Viet Nam,Asia,Count,50
2016,Number of enterprises,By Economic Activity,B,Banks,Services,Count,1476
2016,Number of enterprises,By Economic Activity,CUK,Chemicals and plastics,Manufacturing,Count,1532
2016,Number of enterprises,By Economic Activity,EEOU,"Electronics, energy, optical and watchmaking",Manufacturing,Count,1485
2016,Number of enterprises,By Economic Activity,FUH,Finance and holding companies,Services,Count,693
2016,Number of enterprises,By Economic Activity,V,Insurance companies,Services,Count,810
2016,Number of enterprises,By Economic Activity,MUM,Metals and machinery,Manufacturing,Count,2287
2016,Number of enterprises,By Economic Activity,UIB,Other manufacturing and construction,Manufacturing,Count,2324
2016,Number of enterprises,By Economic Activity,DU,Other services,Services,Count,5800
2016,Number of enterprises,By Economic Activity,T0,Total,Manufacturing,Count,7628
2016,Number of enterprises,By Economic Activity,T1,Total,Services,Count,10354
2016,Number of enterprises,By Economic Activity,D0_2,Total,All / Total,Count,17982
2016,Number of enterprises,By Economic Activity,H,Trade,Services,Count,1040
2016,Number of enterprises,By Economic Activity,TUK,Transportation and communications,Services,Count,535
2016,Number of staff,By Country,AR,Argentina,Central and South America,Persons (in thousands),11340.6
2016,Number of staff,By Country,AU,Australia,Oceania,Persons (in thousands),20931.1
2016,Number of staff,By Country,AT,Austria,Europe,Persons (in thousands),33217.8
2016,Number of staff,By Country,BD,Bangladesh,Asia,Persons (in thousands),3553.5
2016,Number of staff,By Country,BE,Belgium,Europe,Persons (in thousands),16173.5
2016,Number of staff,By Country,BO,Bolivia,Central and South America,Persons (in thousands),898
2016,Number of staff,By Country,BA,Bosnia and Herzegovina,Europe,Persons (in thousands),415
2016,Number of staff,By Country,BR,Brazil,Central and South America,Persons (in thousands),80546.4
2016,Number of staff,By Country,BG,Bulgaria,Europe,Persons (in thousands),9404.4
2016,Number of staff,By Country,CM,Cameroon,Africa,Persons (in thousands),906.1
2016,Number of staff,By Country,CA,Canada,North America,Persons (in thousands),32365.2
2016,Number of staff,By Country,CL,Chile,Central and South America,Persons (in thousands),18734.7
2016,Number of staff,By Country,CN,China,Asia,Persons (in thousands),182256.9
2016,Number of staff,By Country,CO,Colombia,Central and South America,Persons (in thousands),11678.0
2016,Number of staff,By Country,CR,Costa Rica,Central and South America,Persons (in thousands),1704.0
2016,Number of staff,By Country,HR,Croatia,Europe,Persons (in thousands),3256.9
2016,Number of staff,By Country,CY,Cyprus,Europe,Persons (in thousands),342
2016,Number of staff,By Country,CZ,Czechia,Europe,Persons (in thousands),24564.3
2016,Number of staff,By Country,CI,Côte d’Ivoire,Africa,Persons (in thousands),3048.8
2016,Number of staff,By Country,DK,Denmark,Europe,Persons (in thousands),4262.4
2016,Number of staff,By Country,B3,EU,Europe,Persons (in thousands),817980.6
2016,Number of staff,By Country,EC,Ecuador,Central and South America,Persons (in thousands),5412.6
2016,Number of staff,By Country,EG,Egypt,Africa,Persons (in thousands),10487.7
2016,Number of staff,By Country,EE,Estonia,Europe,Persons (in thousands),1804.9
2016,Number of staff,By Country,FI,Finland,Europe,Persons (in thousands),8788.6
2016,Number of staff,By Country,FR,France,Europe,Persons (in thousands),104805.1
2016,Number of staff,By Country,DE,Germany,Europe,Persons (in thousands),261070.6
2016,Number of staff,By Country,GR,Greece,Europe,Persons (in thousands),6567.2
2016,Number of staff,By Country,GT,Guatemala,Central and South America,Persons (in thousands),2641
2016,Number of staff,By Country,HK,Hong Kong,Asia,Persons (in thousands),19979.3
2016,Number of staff,By Country,HU,Hungary,Europe,Persons (in thousands),15689.1
2016,Number of staff,By Country,IN,India,Asia,Persons (in thousands),82741.6
2016,Number of staff,By Country,ID,Indonesia,Asia,Persons (in thousands),20334.9
2016,Number of staff,By Country,IE,Ireland,Europe,Persons (in thousands),8285.9
2016,Number of staff,By Country,IL,Israel,Asia,Persons (in thousands),6233.3
2016,Number of staff,By Country,IT,Italy,Europe,Persons (in thousands),50275.0
2016,Number of staff,By Country,JP,Japan,Asia,Persons (in thousands),35482.0
2016,Number of staff,By Country,JO,Jordan,Asia,Persons (in thousands),1983
2016,Number of staff,By Country,KE,Kenya,Africa,Persons (in thousands),3766.7
2016,Number of staff,By Country,KR,"Korea, Republic of (South Korea)",Asia,Persons (in thousands),9808.0
2016,Number of staff,By Country,LV,Latvia,Europe,Persons (in thousands),2154.5
2016,Number of staff,By Country,LB,Lebanon,Asia,Persons (in thousands),1218
2016,Number of staff,By Country,LT,Lithuania,Europe,Persons (in thousands),936.6
2016,Number of staff,By Country,LU,Luxembourg,Europe,Persons (in thousands),8637.3
2016,Number of staff,By Country,MY,Malaysia,Asia,Persons (in thousands),23865.5
2016,Number of staff,By Country,MU,Mauritius,Africa,Persons (in thousands),539
2016,Number of staff,By Country,MX,Mexico,Central and South America,Persons (in thousands),35413.9
2016,Number of staff,By Country,MA,Morocco,Africa,Persons (in thousands),5729.9
2016,Number of staff,By Country,NL,Netherlands,Europe,Persons (in thousands),21083.0
2016,Number of staff,By Country,NZ,New Zealand,Oceania,Persons (in thousands),3372.9
2016,Number of staff,By Country,NG,Nigeria,Africa,Persons (in thousands),8658
2016,Number of staff,By Country,NO,Norway,Europe,Persons (in thousands),6251.7
2016,Number of staff,By Country,S19,Offshore financial centres in Central and South America,Central and South America,Persons (in thousands),4619.0
2016,Number of staff,By Country,S21,Offshore financial centres in Europe,Europe,Persons (in thousands),887.0
2016,Number of staff,By Country,G9,Other European countries,Europe,Persons (in thousands),85058.5
2016,Number of staff,By Country,PK,Pakistan,Asia,Persons (in thousands),6915
2016,Number of staff,By Country,PA,Panama,Central and South America,Persons (in thousands),2986.0
2016,Number of staff,By Country,PE,Peru,Central and South America,Persons (in thousands),6524.3
2016,Number of staff,By Country,PH,Philippines,Asia,Persons (in thousands),11632.1
2016,Number of staff,By Country,PL,Poland,Europe,Persons (in thousands),45150.8
2016,Number of staff,By Country,PT,Portugal,Europe,Persons (in thousands),7466.9
2016,Number of staff,By Country,QA,Qatar,Asia,Persons (in thousands),1169.3
2016,Number of staff,By Country,RO,Romania,Europe,Persons (in thousands),15763.7
2016,Number of staff,By Country,RU,Russia,Europe,Persons (in thousands),42065.7
2016,Number of staff,By Country,SA,Saudi Arabia,Asia,Persons (in thousands),12315.7
2016,Number of staff,By Country,RS,Serbia,Europe,Persons (in thousands),3792.2
2016,Number of staff,By Country,SG,Singapore,Asia,Persons (in thousands),23733.6
2016,Number of staff,By Country,SK,Slovakia,Europe,Persons (in thousands),6284.3
2016,Number of staff,By Country,ZA,South Africa,Africa,Persons (in thousands),14393
2016,Number of staff,By Country,ES,Spain,Europe,Persons (in thousands),38477.7
2016,Number of staff,By Country,LK,Sri Lanka,Asia,Persons (in thousands),1649
2016,Number of staff,By Country,SE,Sweden,Europe,Persons (in thousands),20508.1
2016,Number of staff,By Country,TW,Taiwan,Asia,Persons (in thousands),16834.2
2016,Number of staff,By Country,TZ,Tanzania,Africa,Persons (in thousands),908
2016,Number of staff,By Country,TH,Thailand,Asia,Persons (in thousands),28508.2
2016,Number of staff,By Country,T0,Total,All / Total,Persons (in thousands),2066527.9
2016,Number of staff,By Country,T1,Total,Europe,Persons (in thousands),903039.1
2016,Number of staff,By Country,T2,Total,North America,Persons (in thousands),343343.1
2016,Number of staff,By Country,T3,Total,Central and South America,Persons (in thousands),192192.8
2016,Number of staff,By Country,T4,Total,Asia,Persons (in thousands),534644.9
2016,Number of staff,By Country,T5,Total,Africa,Persons (in thousands),68311.9
2016,Number of staff,By Country,T6,Total,Oceania,Persons (in thousands),24996.0
2016,Number of staff,By Country,TN,Tunisia,Africa,Persons (in thousands),3133
2016,Number of staff,By Country,TR,Turkey,Europe,Persons (in thousands),15649.1
2016,Number of staff,By Country,UA,Ukraine,Europe,Persons (in thousands),12912.3
2016,Number of staff,By Country,AE,United Arab Emirates,Asia,Persons (in thousands),10590.4
2016,Number of staff,By Country,GB,United Kingdom,Europe,Persons (in thousands),96967.8
2016,Number of staff,By Country,US,United States,North America,Persons (in thousands),310978.0
2016,Number of staff,By Country,UY,Uruguay,Central and South America,Persons (in thousands),1292.5
2016,Number of staff,By Country,VE,Venezuela,Central and South America,Persons (in thousands),4810.4
2016,Number of staff,By Country,VN,Viet Nam,Asia,Persons (in thousands),19348.7
2016,Number of staff,By Economic Activity,B,Banks,Services,Persons (in thousands),78950.6
2016,Number of staff,By Economic Activity,CUK,Chemicals and plastics,Manufacturing,Persons (in thousands),295756.4
2016,Number of staff,By Economic Activity,EEOU,"Electronics, energy, optical and watchmaking",Manufacturing,Persons (in thousands),220598
2016,Number of staff,By Economic Activity,FUH,Finance and holding companies,Services,Persons (in thousands),104223
2016,Number of staff,By Economic Activity,V,Insurance companies,Services,Persons (in thousands),100388
2016,Number of staff,By Economic Activity,MUM,Metals and machinery,Manufacturing,Persons (in thousands),291412.5
2016,Number of staff,By Economic Activity,UIB,Other manufacturing and construction,Manufacturing,Persons (in thousands),527223
2016,Number of staff,By Economic Activity,DU,Other services,Services,Persons (in thousands),145623.0
2016,Number of staff,By Economic Activity,T0,Total,Manufacturing,Persons (in thousands),1334989.9
2016,Number of staff,By Economic Activity,T1,Total,Services,Persons (in thousands),731537.9
2016,Number of staff,By Economic Activity,D0_2,Total,All / Total,Persons (in thousands),2066527.9
2016,Number of staff,By Economic Activity,H,Trade,Services,Persons (in thousands),202978.8
2016,Number of staff,By Economic Activity,TUK,Transportation and communications,Services,Persons (in thousands),99374.6
2016,Turnover,By Country,AR,Argentina,Central and South America,CHF Millions,3737.3
2016,Turnover,By Country,AU,Australia,Oceania,CHF Millions,11486.6
2016,Turnover,By Country,AT,Austria,Europe,CHF Millions,8894.3
2016,Turnover,By Country,BD,Bangladesh,Asia,CHF Millions,572.0
2016,Turnover,By Country,BE,Belgium,Europe,CHF Millions,8039.1
2016,Turnover,By Country,BO,Bolivia,Central and South America,CHF Millions,136.5
2016,Turnover,By Country,BA,Bosnia and Herzegovina,Europe,CHF Millions,115.9
2016,Turnover,By Country,BR,Brazil,Central and South America,CHF Millions,16832.9
2016,Turnover,By Country,BG,Bulgaria,Europe,CHF Millions,702.4
2016,Turnover,By Country,CM,Cameroon,Africa,CHF Millions,186.4
2016,Turnover,By Country,CA,Canada,North America,CHF Millions,12560.4
2016,Turnover,By Country,CL,Chile,Central and South America,CHF Millions,3343.5
2016,Turnover,By Country,CN,China,Asia,CHF Millions,31857.5
2016,Turnover,By Country,CO,Colombia,Central and South America,CHF Millions,2215.5
2016,Turnover,By Country,CR,Costa Rica,Central and South America,CHF Millions,448.3
2016,Turnover,By Country,HR,Croatia,Europe,CHF Millions,897.2
2016,Turnover,By Country,CY,Cyprus,Europe,CHF Millions,153.7
2016,Turnover,By Country,CZ,Czechia,Europe,CHF Millions,4214.2
2016,Turnover,By Country,CI,Côte d’Ivoire,Africa,CHF Millions,305.2
2016,Turnover,By Country,DK,Denmark,Europe,CHF Millions,2326.8
2016,Turnover,By Country,B3,EU,Europe,CHF Millions,253680.0
2016,Turnover,By Country,EC,Ecuador,Central and South America,CHF Millions,1222.7
2016,Turnover,By Country,EG,Egypt,Africa,CHF Millions,1798.8
2016,Turnover,By Country,EE,Estonia,Europe,CHF Millions,143.9
2016,Turnover,By Country,FI,Finland,Europe,CHF Millions,2528.7
2016,Turnover,By Country,FR,France,Europe,CHF Millions,38871.8
2016,Turnover,By Country,DE,Germany,Europe,CHF Millions,67697.5
2016,Turnover,By Country,GR,Greece,Europe,CHF Millions,2392.5
2016,Turnover,By Country,GT,Guatemala,Central and South America,CHF Millions,302.6
2016,Turnover,By Country,HK,Hong Kong,Asia,CHF Millions,9297.4
2016,Turnover,By Country,HU,Hungary,Europe,CHF Millions,2195.8
2016,Turnover,By Country,IN,India,Asia,CHF Millions,9968.2
2016,Turnover,By Country,ID,Indonesia,Asia,CHF Millions,3503.3
2016,Turnover,By Country,IE,Ireland,Europe,CHF Millions,2064.9
2016,Turnover,By Country,IL,Israel,Asia,CHF Millions,1602.4
2016,Turnover,By Country,IT,Italy,Europe,CHF Millions,24265.6
2016,Turnover,By Country,JP,Japan,Asia,CHF Millions,18884.4
2016,Turnover,By Country,JO,Jordan,Asia,CHF Millions,489.5
2016,Turnover,By Country,KE,Kenya,Africa,CHF Millions,550.3
2016,Turnover,By Country,KR,"Korea, Republic of (South Korea)",Asia,CHF Millions,5260.6
2016,Turnover,By Country,LV,Latvia,Europe,CHF Millions,138.7
2016,Turnover,By Country,LB,Lebanon,Asia,CHF Millions,515.7
2016,Turnover,By Country,LT,Lithuania,Europe,CHF Millions,310.2
2016,Turnover,By Country,LU,Luxembourg,Europe,CHF Millions,13342.9
2016,Turnover,By Country,MY,Malaysia,Asia,CHF Millions,4790.6
2016,Turnover,By Country,MU,Mauritius,Africa,CHF Millions,129.0
2016,Turnover,By Country,MX,Mexico,Central and South America,CHF Millions,8535.7
2016,Turnover,By Country,MA,Morocco,Africa,CHF Millions,987.0
2016,Turnover,By Country,NL,Netherlands,Europe,CHF Millions,7635.6
2016,Turnover,By Country,NZ,New Zealand,Oceania,CHF Millions,1183.1
2016,Turnover,By Country,NG,Nigeria,Africa,CHF Millions,2052.3
2016,Turnover,By Country,NO,Norway,Europe,CHF Millions,3819.0
2016,Turnover,By Country,S21,Offshore financial centres in Europe,Europe,CHF Millions,1071.0
2016,Turnover,By Country,G9,Other European countries,Europe,CHF Millions,18444.7
2016,Turnover,By Country,PK,Pakistan,Asia,CHF Millions,1424.1
2016,Turnover,By Country,PA,Panama,Central and South America,CHF Millions,683.1
2016,Turnover,By Country,PE,Peru,Central and South America,CHF Millions,1179.8
2016,Turnover,By Country,PH,Philippines,Asia,CHF Millions,4332.4
2016,Turnover,By Country,PL,Poland,Europe,CHF Millions,6594.5
2016,Turnover,By Country,PT,Portugal,Europe,CHF Millions,1925.6
2016,Turnover,By Country,QA,Qatar,Asia,CHF Millions,384.4
2016,Turnover,By Country,RO,Romania,Europe,CHF Millions,3889.5
2016,Turnover,By Country,RU,Russia,Europe,CHF Millions,7014.9
2016,Turnover,By Country,SA,Saudi Arabia,Asia,CHF Millions,2936.5
2016,Turnover,By Country,RS,Serbia,Europe,CHF Millions,807.0
2016,Turnover,By Country,SG,Singapore,Asia,CHF Millions,8806.0
2016,Turnover,By Country,SK,Slovakia,Europe,CHF Millions,922.8
2016,Turnover,By Country,ZA,South Africa,Africa,CHF Millions,3497.3
2016,Turnover,By Country,ES,Spain,Europe,CHF Millions,17420.0
2016,Turnover,By Country,LK,Sri Lanka,Asia,CHF Millions,414.9
2016,Turnover,By Country,SE,Sweden,Europe,CHF Millions,5962.7
2016,Turnover,By Country,TW,Taiwan,Asia,CHF Millions,3700.7
2016,Turnover,By Country,TZ,Tanzania,Africa,CHF Millions,71.2
2016,Turnover,By Country,TH,Thailand,Asia,CHF Millions,6620.8
2016,Turnover,By Country,T0,Total,All / Total,CHF Millions,662171.4
2016,Turnover,By Country,T1,Total,Europe,CHF Millions,272124.6
2016,Turnover,By Country,S22,Total,Europe,CHF Millions,592.8
2016,Turnover,By Country,T2,Total,North America,CHF Millions,180539.8
2016,Turnover,By Country,T3,Total,Central and South America,CHF Millions,59877.3
2016,Turnover,By Country,S19,Total,Central and South America,CHF Millions,19571.7
2016,Turnover,By Country,T4,Total,Asia,CHF Millions,123708.4
2016,Turnover,By Country,T5,Total,Africa,CHF Millions,13080.7
2016,Turnover,By Country,T6,Total,Oceania,CHF Millions,12840.5
2016,Turnover,By Country,TN,Tunisia,Africa,CHF Millions,262.6
2016,Turnover,By Country,TR,Turkey,Europe,CHF Millions,3929.1
2016,Turnover,By Country,UA,Ukraine,Europe,CHF Millions,1152.9
2016,Turnover,By Country,AE,United Arab Emirates,Asia,CHF Millions,3844.5
2016,Turnover,By Country,GB,United Kingdom,Europe,CHF Millions,29346.6
2016,Turnover,By Country,US,United States,North America,CHF Millions,167979.4
2016,Turnover,By Country,UY,Uruguay,Central and South America,CHF Millions,317.8
2016,Turnover,By Country,VE,Venezuela,Central and South America,CHF Millions,629.4
2016,Turnover,By Country,VN,Viet Nam,Asia,CHF Millions,1816.5
2016,Turnover,By Economic Activity,B,Banks,Services,CHF Millions,32604.8
2016,Turnover,By Economic Activity,CUK,Chemicals and plastics,Manufacturing,CHF Millions,138681.3
2016,Turnover,By Economic Activity,EEOU,"Electronics, energy, optical and watchmaking",Manufacturing,CHF Millions,75789.4
2016,Turnover,By Economic Activity,FUH,Finance and holding companies,Services,CHF Millions,33528.2
2016,Turnover,By Economic Activity,V,Insurance companies,Services,CHF Millions,79176.4
2016,Turnover,By Economic Activity,MUM,Metals and machinery,Manufacturing,CHF Millions,55401.6
2016,Turnover,By Economic Activity,UIB,Other manufacturing and construction,Manufacturing,CHF Millions,140045.4
2016,Turnover,By Economic Activity,DU,Other services,Services,CHF Millions,35058.1
2016,Turnover,By Economic Activity,T0,Total,Manufacturing,CHF Millions,409917.6
2016,Turnover,By Economic Activity,T1,Total,Services,CHF Millions,252253.7
2016,Turnover,By Economic Activity,D0_2,Total,All / Total,CHF Millions,662171.4
2016,Turnover,By Economic Activity,H,Trade,Services,CHF Millions,46547.0
2016,Turnover,By Economic Activity,TUK,Transportation and communications,Services,CHF Millions,25339.2
2017,Number of enterprises,By Country,AR,Argentina,Central and South America,Count,132
2017,Number of enterprises,By Country,AU,Australia,Oceania,Count,276
2017,Number of enterprises,By Country,AT,Austria,Europe,Count,270
2017,Number of enterprises,By Country,BD,Bangladesh,Asia,Count,12
2017,Number of enterprises,By Country,BE,Belgium,Europe,Count,381
2017,Number of enterprises,By Country,BO,Bolivia,Central and South America,Count,12
2017,Number of enterprises,By Country,BA,Bosnia and Herzegovina,Europe,Count,14
2017,Number of enterprises,By Country,BR,Brazil,Central and South America,Count,248
2017,Number of enterprises,By Country,BG,Bulgaria,Europe,Count,52
2017,Number of enterprises,By Country,CM,Cameroon,Africa,Count,10
2017,Number of enterprises,By Country,CA,Canada,North America,Count,279
2017,Number of enterprises,By Country,CL,Chile,Central and South America,Count,125
2017,Number of enterprises,By Country,CN,China,Asia,Count,639
2017,Number of enterprises,By Country,CO,Colombia,Central and South America,Count,100
2017,Number of enterprises,By Country,CR,Costa Rica,Central and South America,Count,14
2017,Number of enterprises,By Country,HR,Croatia,Europe,Count,47
2017,Number of enterprises,By Country,CY,Cyprus,Europe,Count,31
2017,Number of enterprises,By Country,CZ,Czechia,Europe,Count,136
2017,Number of enterprises,By Country,CI,Côte d’Ivoire,Africa,Count,15
2017,Number of enterprises,By Country,DK,Denmark,Europe,Count,119
2017,Number of enterprises,By Country,B3,EU,Europe,Count,9623
2017,Number of enterprises,By Country,EC,Ecuador,Central and South America,Count,41
2017,Number of enterprises,By Country,EG,Egypt,Africa,Count,55
2017,Number of enterprises,By Country,EE,Estonia,Europe,Count,15
2017,Number of enterprises,By Country,FI,Finland,Europe,Count,111
2017,Number of enterprises,By Country,FR,France,Europe,Count,2199
2017,Number of enterprises,By Country,DE,Germany,Europe,Count,1606
2017,Number of enterprises,By Country,GR,Greece,Europe,Count,61
2017,Number of enterprises,By Country,GT,Guatemala,Central and South America,Count,17
2017,Number of enterprises,By Country,HK,Hong Kong,Asia,Count,252
2017,Number of enterprises,By Country,HU,Hungary,Europe,Count,125
2017,Number of enterprises,By Country,IN,India,Asia,Count,263
2017,Number of enterprises,By Country,ID,Indonesia,Asia,Count,82
2017,Number of enterprises,By Country,IE,Ireland,Europe,Count,128
2017,Number of enterprises,By Country,IL,Israel,Asia,Count,45
2017,Number of enterprises,By Country,IT,Italy,Europe,Count,778
2017,Number of enterprises,By Country,JP,Japan,Asia,Count,303
2017,Number of enterprises,By Country,JO,Jordan,Asia,Count,12
2017,Number of enterprises,By Country,KE,Kenya,Africa,Count,27
2017,Number of enterprises,By Country,KR,"Korea, Republic of (South Korea)",Asia,Count,90
2017,Number of enterprises,By Country,LV,Latvia,Europe,Count,17
2017,Number of enterprises,By Country,LB,Lebanon,Asia,Count,18
2017,Number of enterprises,By Country,LT,Lithuania,Europe,Count,22
2017,Number of enterprises,By Country,LU,Luxembourg,Europe,Count,270
2017,Number of enterprises,By Country,MY,Malaysia,Asia,Count,208
2017,Number of enterprises,By Country,MU,Mauritius,Africa,Count,29
2017,Number of enterprises,By Country,MX,Mexico,Central and South America,Count,289
2017,Number of enterprises,By Country,MA,Morocco,Africa,Count,52
2017,Number of enterprises,By Country,NL,Netherlands,Europe,Count,480
2017,Number of enterprises,By Country,NZ,New Zealand,Oceania,Count,87
2017,Number of enterprises,By Country,NG,Nigeria,Africa,Count,30
2017,Number of enterprises,By Country,NO,Norway,Europe,Count,191
2017,Number of enterprises,By Country,S21,Offshore financial centres in Europe,Europe,Count,176
2017,Number of enterprises,By Country,G9,Other European countries,Europe,Count,832
2017,Number of enterprises,By Country,PK,Pakistan,Asia,Count,16
2017,Number of enterprises,By Country,PA,Panama,Central and South America,Count,41
2017,Number of enterprises,By Country,PE,Peru,Central and South America,Count,58
2017,Number of enterprises,By Country,PH,Philippines,Asia,Count,82
2017,Number of enterprises,By Country,PL,Poland,Europe,Count,245
2017,Number of enterprises,By Country,PT,Portugal,Europe,Count,106
2017,Number of enterprises,By Country,QA,Qatar,Asia,Count,18
2017,Number of enterprises,By Country,RO,Romania,Europe,Count,110
2017,Number of enterprises,By Country,RU,Russia,Europe,Count,170
2017,Number of enterprises,By Country,SA,Saudi Arabia,Asia,Count,37
2017,Number of enterprises,By Country,RS,Serbia,Europe,Count,41
2017,Number of enterprises,By Country,SG,Singapore,Asia,Count,268
2017,Number of enterprises,By Country,SK,Slovakia,Europe,Count,67
2017,Number of enterprises,By Country,ZA,South Africa,Africa,Count,95
2017,Number of enterprises,By Country,ES,Spain,Europe,Count,664
2017,Number of enterprises,By Country,LK,Sri Lanka,Asia,Count,13
2017,Number of enterprises,By Country,SE,Sweden,Europe,Count,316
2017,Number of enterprises,By Country,TW,Taiwan,Asia,Count,76
2017,Number of enterprises,By Country,TZ,Tanzania,Africa,Count,13
2017,Number of enterprises,By Country,TH,Thailand,Asia,Count,128
2017,Number of enterprises,By Country,T0,Total,All / Total,Count,18696
2017,Number of enterprises,By Country,T1,Total,Europe,Count,10455
2017,Number of enterprises,By Country,S22,Total,Europe,Count,54
2017,Number of enterprises,By Country,T2,Total,North America,Count,2802
2017,Number of enterprises,By Country,T3,Total,Central and South America,Count,1628
2017,Number of enterprises,By Country,S19,Total,Central and South America,Count,414
2017,Number of enterprises,By Country,T4,Total,Asia,Count,2901
2017,Number of enterprises,By Country,T5,Total,Africa,Count,538
2017,Number of enterprises,By Country,T6,Total,Oceania,Count,372
2017,Number of enterprises,By Country,TN,Tunisia,Africa,Count,38
2017,Number of enterprises,By Country,TR,Turkey,Europe,Count,132
2017,Number of enterprises,By Country,UA,Ukraine,Europe,Count,55
2017,Number of enterprises,By Country,AE,United Arab Emirates,Asia,Count,113
2017,Number of enterprises,By Country,GB,United Kingdom,Europe,Count,1197
2017,Number of enterprises,By Country,US,United States,North America,Count,2523
2017,Number of enterprises,By Country,UY,Uruguay,Central and South America,Count,47
2017,Number of enterprises,By Country,VE,Venezuela,Central and South America,Count,43
2017,Number of enterprises,By Country,VN,Viet Nam,Asia,Count,42
2017,Number of enterprises,By Economic Activity,B,Banks,Services,Count,1490
2017,Number of enterprises,By Economic Activity,CUK,Chemicals and plastics,Manufacturing,Count,1478
2017,Number of enterprises,By Economic Activity,EEOU,"Electronics, energy, optical and watchmaking",Manufacturing,Count,1648
2017,Number of enterprises,By Economic Activity,FUH,Finance and holding companies,Services,Count,721
2017,Number of enterprises,By Economic Activity,V,Insurance companies,Services,Count,835
2017,Number of enterprises,By Economic Activity,MUM,Metals and machinery,Manufacturing,Count,2281
2017,Number of enterprises,By Economic Activity,UIB,Other manufacturing and construction,Manufacturing,Count,2308
2017,Number of enterprises,By Economic Activity,DU,Other services,Services,Count,6131
2017,Number of enterprises,By Economic Activity,T0,Total,Manufacturing,Count,7715
2017,Number of enterprises,By Economic Activity,T1,Total,Services,Count,10981
2017,Number of enterprises,By Economic Activity,D0_2,Total,All / Total,Count,18696
2017,Number of enterprises,By Economic Activity,H,Trade,Services,Count,1262
2017,Number of enterprises,By Economic Activity,TUK,Transportation and communications,Services,Count,542
2017,Number of staff,By Country,AR,Argentina,Central and South America,Persons (in thousands),10688.6
2017,Number of staff,By Country,AU,Australia,Oceania,Persons (in thousands),21281.1
2017,Number of staff,By Country,AT,Austria,Europe,Persons (in thousands),35406.9
2017,Number of staff,By Country,BD,Bangladesh,Asia,Persons (in thousands),3418.2
2017,Number of staff,By Country,BE,Belgium,Europe,Persons (in thousands),17072.9
2017,Number of staff,By Country,BO,Bolivia,Central and South America,Persons (in thousands),764
2017,Number of staff,By Country,BA,Bosnia and Herzegovina,Europe,Persons (in thousands),401.1
2017,Number of staff,By Country,BR,Brazil,Central and South America,Persons (in thousands),77469.8
2017,Number of staff,By Country,BG,Bulgaria,Europe,Persons (in thousands),9647.7
2017,Number of staff,By Country,CM,Cameroon,Africa,Persons (in thousands),855.5
2017,Number of staff,By Country,CA,Canada,North America,Persons (in thousands),35611.0
2017,Number of staff,By Country,CL,Chile,Central and South America,Persons (in thousands),18441.0
2017,Number of staff,By Country,CN,China,Asia,Persons (in thousands),175042.3
2017,Number of staff,By Country,CO,Colombia,Central and South America,Persons (in thousands),11946.6
2017,Number of staff,By Country,CR,Costa Rica,Central and South America,Persons (in thousands),1878
2017,Number of staff,By Country,HR,Croatia,Europe,Persons (in thousands),3579.2
2017,Number of staff,By Country,CY,Cyprus,Europe,Persons (in thousands),329
2017,Number of staff,By Country,CZ,Czechia,Europe,Persons (in thousands),26499.8
2017,Number of staff,By Country,CI,Côte d’Ivoire,Africa,Persons (in thousands),3173.4
2017,Number of staff,By Country,DK,Denmark,Europe,Persons (in thousands),4542.1
2017,Number of staff,By Country,B3,EU,Europe,Persons (in thousands),851642.6
2017,Number of staff,By Country,EC,Ecuador,Central and South America,Persons (in thousands),5363.4
2017,Number of staff,By Country,EG,Egypt,Africa,Persons (in thousands),10565.4
2017,Number of staff,By Country,EE,Estonia,Europe,Persons (in thousands),2032.5
2017,Number of staff,By Country,FI,Finland,Europe,Persons (in thousands),9329.7
2017,Number of staff,By Country,FR,France,Europe,Persons (in thousands),112301.5
2017,Number of staff,By Country,DE,Germany,Europe,Persons (in thousands),270501.9
2017,Number of staff,By Country,GR,Greece,Europe,Persons (in thousands),6965.8
2017,Number of staff,By Country,GT,Guatemala,Central and South America,Persons (in thousands),1938.7
2017,Number of staff,By Country,HK,Hong Kong,Asia,Persons (in thousands),21629.3
2017,Number of staff,By Country,HU,Hungary,Europe,Persons (in thousands),16929.7
2017,Number of staff,By Country,IN,India,Asia,Persons (in thousands),84576.6
2017,Number of staff,By Country,ID,Indonesia,Asia,Persons (in thousands),20264.5
2017,Number of staff,By Country,IE,Ireland,Europe,Persons (in thousands),8215.5
2017,Number of staff,By Country,IL,Israel,Asia,Persons (in thousands),6476.6
2017,Number of staff,By Country,IT,Italy,Europe,Persons (in thousands),50385.0
2017,Number of staff,By Country,JP,Japan,Asia,Persons (in thousands),34687.9
2017,Number of staff,By Country,JO,Jordan,Asia,Persons (in thousands),1959.5
2017,Number of staff,By Country,KE,Kenya,Africa,Persons (in thousands),3001.3
2017,Number of staff,By Country,KR,"Korea, Republic of (South Korea)",Asia,Persons (in thousands),10052.9
2017,Number of staff,By Country,LV,Latvia,Europe,Persons (in thousands),2095.5
2017,Number of staff,By Country,LB,Lebanon,Asia,Persons (in thousands),1206
2017,Number of staff,By Country,LT,Lithuania,Europe,Persons (in thousands),1052.2
2017,Number of staff,By Country,LU,Luxembourg,Europe,Persons (in thousands),7444.1
2017,Number of staff,By Country,MY,Malaysia,Asia,Persons (in thousands),24509.4
2017,Number of staff,By Country,MU,Mauritius,Africa,Persons (in thousands),528
2017,Number of staff,By Country,MX,Mexico,Central and South America,Persons (in thousands),38587.6
2017,Number of staff,By Country,MA,Morocco,Africa,Persons (in thousands),5863.9
2017,Number of staff,By Country,NL,Netherlands,Europe,Persons (in thousands),22032.9
2017,Number of staff,By Country,NZ,New Zealand,Oceania,Persons (in thousands),3387.1
2017,Number of staff,By Country,NG,Nigeria,Africa,Persons (in thousands),8250
2017,Number of staff,By Country,NO,Norway,Europe,Persons (in thousands),6747.1
2017,Number of staff,By Country,S19,Offshore financial centres in Central and South America,Central and South America,Persons (in thousands),4431.7
2017,Number of staff,By Country,S21,Offshore financial centres in Europe,Europe,Persons (in thousands),888.5
2017,Number of staff,By Country,G9,Other European countries,Europe,Persons (in thousands),85457.6
2017,Number of staff,By Country,PK,Pakistan,Asia,Persons (in thousands),6753
2017,Number of staff,By Country,PA,Panama,Central and South America,Persons (in thousands),2884.6
2017,Number of staff,By Country,PE,Peru,Central and South America,Persons (in thousands),6664.2
2017,Number of staff,By Country,PH,Philippines,Asia,Persons (in thousands),12324
2017,Number of staff,By Country,PL,Poland,Europe,Persons (in thousands),49961.4
2017,Number of staff,By Country,PT,Portugal,Europe,Persons (in thousands),7268.0
2017,Number of staff,By Country,QA,Qatar,Asia,Persons (in thousands),1150.1
2017,Number of staff,By Country,RO,Romania,Europe,Persons (in thousands),17073.9
2017,Number of staff,By Country,RU,Russia,Europe,Persons (in thousands),41414.2
2017,Number of staff,By Country,SA,Saudi Arabia,Asia,Persons (in thousands),12131
2017,Number of staff,By Country,RS,Serbia,Europe,Persons (in thousands),4104.4
2017,Number of staff,By Country,SG,Singapore,Asia,Persons (in thousands),23712.3
2017,Number of staff,By Country,SK,Slovakia,Europe,Persons (in thousands),7765.8
2017,Number of staff,By Country,ZA,South Africa,Africa,Persons (in thousands),14952.5
2017,Number of staff,By Country,ES,Spain,Europe,Persons (in thousands),39787.8
2017,Number of staff,By Country,LK,Sri Lanka,Asia,Persons (in thousands),1628
2017,Number of staff,By Country,SE,Sweden,Europe,Persons (in thousands),20398.5
2017,Number of staff,By Country,TW,Taiwan,Asia,Persons (in thousands),16769.3
2017,Number of staff,By Country,TZ,Tanzania,Africa,Persons (in thousands),809
2017,Number of staff,By Country,TH,Thailand,Asia,Persons (in thousands),28682.5
2017,Number of staff,By Country,T0,Total,All / Total,Persons (in thousands),2101601.8
2017,Number of staff,By Country,T1,Total,Europe,Persons (in thousands),937100.2
2017,Number of staff,By Country,T2,Total,North America,Persons (in thousands),351482.2
2017,Number of staff,By Country,T3,Total,Central and South America,Persons (in thousands),189501.7
2017,Number of staff,By Country,T4,Total,Asia,Persons (in thousands),532210.0
2017,Number of staff,By Country,T5,Total,Africa,Persons (in thousands),65963.4
2017,Number of staff,By Country,T6,Total,Oceania,Persons (in thousands),25344.2
2017,Number of staff,By Country,TN,Tunisia,Africa,Persons (in thousands),3050
2017,Number of staff,By Country,TR,Turkey,Europe,Persons (in thousands),15757.8
2017,Number of staff,By Country,UA,Ukraine,Europe,Persons (in thousands),13086.2
2017,Number of staff,By Country,AE,United Arab Emirates,Asia,Persons (in thousands),10855.2
2017,Number of staff,By Country,GB,United Kingdom,Europe,Persons (in thousands),96273.3
2017,Number of staff,By Country,US,United States,North America,Persons (in thousands),315871.2
2017,Number of staff,By Country,UY,Uruguay,Central and South America,Persons (in thousands),1190.4
2017,Number of staff,By Country,VE,Venezuela,Central and South America,Persons (in thousands),3812.7
2017,Number of staff,By Country,VN,Viet Nam,Asia,Persons (in thousands),19105.3
2017,Number of staff,By Economic Activity,B,Banks,Services,Persons (in thousands),82137.6
2017,Number of staff,By Economic Activity,CUK,Chemicals and plastics,Manufacturing,Persons (in thousands),282164.7
2017,Number of staff,By Economic Activity,EEOU,"Electronics, energy, optical and watchmaking",Manufacturing,Persons (in thousands),234687
2017,Number of staff,By Economic Activity,FUH,Finance and holding companies,Services,Persons (in thousands),97148
2017,Number of staff,By Economic Activity,V,Insurance companies,Services,Persons (in thousands),99800
2017,Number of staff,By Economic Activity,MUM,Metals and machinery,Manufacturing,Persons (in thousands),306662.8
2017,Number of staff,By Economic Activity,UIB,Other manufacturing and construction,Manufacturing,Persons (in thousands),522526
2017,Number of staff,By Economic Activity,DU,Other services,Services,Persons (in thousands),151218.4
2017,Number of staff,By Economic Activity,T0,Total,Manufacturing,Persons (in thousands),1346040.5
2017,Number of staff,By Economic Activity,T1,Total,Services,Persons (in thousands),755561.3
2017,Number of staff,By Economic Activity,D0_2,Total,All / Total,Persons (in thousands),2101601.8
2017,Number of staff,By Economic Activity,H,Trade,Services,Persons (in thousands),219327.8
2017,Number of staff,By Economic Activity,TUK,Transportation and communications,Services,Persons (in thousands),105929.6
2017,Turnover,By Country,AR,Argentina,Central and South America,CHF Millions,3670.5
2017,Turnover,By Country,AU,Australia,Oceania,CHF Millions,11937.5
2017,Turnover,By Country,AT,Austria,Europe,CHF Millions,9454.1
2017,Turnover,By Country,BD,Bangladesh,Asia,CHF Millions,434.4
2017,Turnover,By Country,BE,Belgium,Europe,CHF Millions,8863.7
2017,Turnover,By Country,BO,Bolivia,Central and South America,CHF Millions,123.4
2017,Turnover,By Country,BA,Bosnia and Herzegovina,Europe,CHF Millions,144.8
2017,Turnover,By Country,BR,Brazil,Central and South America,CHF Millions,16086.5
2017,Turnover,By Country,BG,Bulgaria,Europe,CHF Millions,681.1
2017,Turnover,By Country,CM,Cameroon,Africa,CHF Millions,126.1
2017,Turnover,By Country,CA,Canada,North America,CHF Millions,12971.1
2017,Turnover,By Country,CL,Chile,Central and South America,CHF Millions,3365.3
2017,Turnover,By Country,CN,China,Asia,CHF Millions,38355.0
2017,Turnover,By Country,CO,Colombia,Central and South America,CHF Millions,2335.8
2017,Turnover,By Country,CR,Costa Rica,Central and South America,CHF Millions,425.7
2017,Turnover,By Country,HR,Croatia,Europe,CHF Millions,1013.7
2017,Turnover,By Country,CY,Cyprus,Europe,CHF Millions,216.3
2017,Turnover,By Country,CZ,Czechia,Europe,CHF Millions,4834.4
2017,Turnover,By Country,CI,Côte d’Ivoire,Africa,CHF Millions,227.3
2017,Turnover,By Country,DK,Denmark,Europe,CHF Millions,2504.3
2017,Turnover,By Country,B3,EU,Europe,CHF Millions,265882.4
2017,Turnover,By Country,EC,Ecuador,Central and South America,CHF Millions,1223.9
2017,Turnover,By Country,EG,Egypt,Africa,CHF Millions,1136.0
2017,Turnover,By Country,EE,Estonia,Europe,CHF Millions,125.8
2017,Turnover,By Country,FI,Finland,Europe,CHF Millions,2721.3
2017,Turnover,By Country,FR,France,Europe,CHF Millions,43241.2
2017,Turnover,By Country,DE,Germany,Europe,CHF Millions,71529.2
2017,Turnover,By Country,GR,Greece,Europe,CHF Millions,2448.8
2017,Turnover,By Country,GT,Guatemala,Central and South America,CHF Millions,316.8
2017,Turnover,By Country,HK,Hong Kong,Asia,CHF Millions,10039.5
2017,Turnover,By Country,HU,Hungary,Europe,CHF Millions,2313.7
2017,Turnover,By Country,IN,India,Asia,CHF Millions,10707.5
2017,Turnover,By Country,ID,Indonesia,Asia,CHF Millions,3579.2
2017,Turnover,By Country,IE,Ireland,Europe,CHF Millions,2216.4
2017,Turnover,By Country,IL,Israel,Asia,CHF Millions,1597.4
2017,Turnover,By Country,IT,Italy,Europe,CHF Millions,24936.2
2017,Turnover,By Country,JP,Japan,Asia,CHF Millions,18437.3
2017,Turnover,By Country,JO,Jordan,Asia,CHF Millions,466.3
2017,Turnover,By Country,KE,Kenya,Africa,CHF Millions,507.2
2017,Turnover,By Country,KR,"Korea, Republic of (South Korea)",Asia,CHF Millions,5604.1
2017,Turnover,By Country,LV,Latvia,Europe,CHF Millions,134.7
2017,Turnover,By Country,LB,Lebanon,Asia,CHF Millions,506.6
2017,Turnover,By Country,LT,Lithuania,Europe,CHF Millions,305.9
2017,Turnover,By Country,LU,Luxembourg,Europe,CHF Millions,13465.1
2017,Turnover,By Country,MY,Malaysia,Asia,CHF Millions,4998.0
2017,Turnover,By Country,MU,Mauritius,Africa,CHF Millions,126.5
2017,Turnover,By Country,MX,Mexico,Central and South America,CHF Millions,9203.2
2017,Turnover,By Country,MA,Morocco,Africa,CHF Millions,907.3
2017,Turnover,By Country,NL,Netherlands,Europe,CHF Millions,7135.0
2017,Turnover,By Country,NZ,New Zealand,Oceania,CHF Millions,1205.4
2017,Turnover,By Country,NG,Nigeria,Africa,CHF Millions,2071.7
2017,Turnover,By Country,NO,Norway,Europe,CHF Millions,3635.5
2017,Turnover,By Country,S21,Offshore financial centres in Europe,Europe,CHF Millions,1258.0
2017,Turnover,By Country,G9,Other European countries,Europe,CHF Millions,19255.6
2017,Turnover,By Country,PK,Pakistan,Asia,CHF Millions,1372.9
2017,Turnover,By Country,PA,Panama,Central and South America,CHF Millions,702.7
2017,Turnover,By Country,PE,Peru,Central and South America,CHF Millions,1241.6
2017,Turnover,By Country,PH,Philippines,Asia,CHF Millions,3927.9
2017,Turnover,By Country,PL,Poland,Europe,CHF Millions,7273.1
2017,Turnover,By Country,PT,Portugal,Europe,CHF Millions,1985.5
2017,Turnover,By Country,QA,Qatar,Asia,CHF Millions,402.8
2017,Turnover,By Country,RO,Romania,Europe,CHF Millions,3994.1
2017,Turnover,By Country,RU,Russia,Europe,CHF Millions,7859.2
2017,Turnover,By Country,SA,Saudi Arabia,Asia,CHF Millions,2625.6
2017,Turnover,By Country,RS,Serbia,Europe,CHF Millions,890.7
2017,Turnover,By Country,SG,Singapore,Asia,CHF Millions,11496.9
2017,Turnover,By Country,SK,Slovakia,Europe,CHF Millions,1198.5
2017,Turnover,By Country,ZA,South Africa,Africa,CHF Millions,3426.8
2017,Turnover,By Country,ES,Spain,Europe,CHF Millions,15651.4
2017,Turnover,By Country,LK,Sri Lanka,Asia,CHF Millions,246.6
2017,Turnover,By Country,SE,Sweden,Europe,CHF Millions,6486.9
2017,Turnover,By Country,TW,Taiwan,Asia,CHF Millions,3945.2
2017,Turnover,By Country,TZ,Tanzania,Africa,CHF Millions,66.5
2017,Turnover,By Country,TH,Thailand,Asia,CHF Millions,6708.5
2017,Turnover,By Country,T0,Total,All / Total,CHF Millions,693726.0
2017,Turnover,By Country,T1,Total,Europe,CHF Millions,285138.0
2017,Turnover,By Country,S22,Total,Europe,CHF Millions,566.3
2017,Turnover,By Country,T2,Total,North America,CHF Millions,190942.6
2017,Turnover,By Country,T3,Total,Central and South America,CHF Millions,58137.1
2017,Turnover,By Country,S19,Total,Central and South America,CHF Millions,18348.6
2017,Turnover,By Country,T4,Total,Asia,CHF Millions,134194.2
2017,Turnover,By Country,T5,Total,Africa,CHF Millions,11989.8
2017,Turnover,By Country,T6,Total,Oceania,CHF Millions,13324.2
2017,Turnover,By Country,TN,Tunisia,Africa,CHF Millions,294.4
2017,Turnover,By Country,TR,Turkey,Europe,CHF Millions,4062.4
2017,Turnover,By Country,UA,Ukraine,Europe,CHF Millions,957.6
2017,Turnover,By Country,AE,United Arab Emirates,Asia,CHF Millions,4108.8
2017,Turnover,By Country,GB,United Kingdom,Europe,CHF Millions,30294.1
2017,Turnover,By Country,US,United States,North America,CHF Millions,177971.5
2017,Turnover,By Country,UY,Uruguay,Central and South America,CHF Millions,320.1
2017,Turnover,By Country,VE,Venezuela,Central and South America,CHF Millions,202.5
2017,Turnover,By Country,VN,Viet Nam,Asia,CHF Millions,1747.8
2017,Turnover,By Economic Activity,B,Banks,Services,CHF Millions,33809.7
2017,Turnover,By Economic Activity,CUK,Chemicals and plastics,Manufacturing,CHF Millions,131805.1
2017,Turnover,By Economic Activity,EEOU,"Electronics, energy, optical and watchmaking",Manufacturing,CHF Millions,81072.9
2017,Turnover,By Economic Activity,FUH,Finance and holding companies,Services,CHF Millions,34392.2
2017,Turnover,By Economic Activity,V,Insurance companies,Services,CHF Millions,86991.4
2017,Turnover,By Economic Activity,MUM,Metals and machinery,Manufacturing,CHF Millions,61173.3
2017,Turnover,By Economic Activity,UIB,Other manufacturing and construction,Manufacturing,CHF Millions,144102.2
2017,Turnover,By Economic Activity,DU,Other services,Services,CHF Millions,35329.7
2017,Turnover,By Economic Activity,T0,Total,Manufacturing,CHF Millions,418153.5
2017,Turnover,By Economic Activity,T1,Total,Services,CHF Millions,275572.5
2017,Turnover,By Economic Activity,D0_2,Total,All / Total,CHF Millions,693726.0
2017,Turnover,By Economic Activity,H,Trade,Services,CHF Millions,56971.7
2017,Turnover,By Economic Activity,TUK,Transportation and communications,Services,CHF Millions,28077.7
2018,Number of enterprises,By Country,AR,Argentina,Central and South America,Count,130
2018,Number of enterprises,By Country,AU,Australia,Oceania,Count,274
2018,Number of enterprises,By Country,AT,Austria,Europe,Count,289
2018,Number of enterprises,By Country,BD,Bangladesh,Asia,Count,11
2018,Number of enterprises,By Country,BE,Belgium,Europe,Count,402
2018,Number of enterprises,By Country,BO,Bolivia,Central and South America,Count,11
2018,Number of enterprises,By Country,BA,Bosnia and Herzegovina,Europe,Count,14
2018,Number of enterprises,By Country,BR,Brazil,Central and South America,Count,250
2018,Number of enterprises,By Country,BG,Bulgaria,Europe,Count,57
2018,Number of enterprises,By Country,CM,Cameroon,Africa,Count,10
2018,Number of enterprises,By Country,CA,Canada,North America,Count,280
2018,Number of enterprises,By Country,CL,Chile,Central and South America,Count,148
2018,Number of enterprises,By Country,CN,China,Asia,Count,664
2018,Number of enterprises,By Country,CO,Colombia,Central and South America,Count,101
2018,Number of enterprises,By Country,CR,Costa Rica,Central and South America,Count,15
2018,Number of enterprises,By Country,HR,Croatia,Europe,Count,46
2018,Number of enterprises,By Country,CY,Cyprus,Europe,Count,35
2018,Number of enterprises,By Country,CZ,Czechia,Europe,Count,151
2018,Number of enterprises,By Country,CI,Côte d’Ivoire,Africa,Count,16
2018,Number of enterprises,By Country,DK,Denmark,Europe,Count,120
2018,Number of enterprises,By Country,B3,EU,Europe,Count,10102.0
2018,Number of enterprises,By Country,EC,Ecuador,Central and South America,Count,47
2018,Number of enterprises,By Country,EG,Egypt,Africa,Count,56
2018,Number of enterprises,By Country,EE,Estonia,Europe,Count,16
2018,Number of enterprises,By Country,FI,Finland,Europe,Count,116
2018,Number of enterprises,By Country,FR,France,Europe,Count,2381
2018,Number of enterprises,By Country,DE,Germany,Europe,Count,1728
2018,Number of enterprises,By Country,GR,Greece,Europe,Count,61
2018,Number of enterprises,By Country,GT,Guatemala,Central and South America,Count,17
2018,Number of enterprises,By Country,HK,Hong Kong,Asia,Count,258
2018,Number of enterprises,By Country,HU,Hungary,Europe,Count,131.0
2018,Number of enterprises,By Country,IN,India,Asia,Count,258
2018,Number of enterprises,By Country,ID,Indonesia,Asia,Count,89
2018,Number of enterprises,By Country,IE,Ireland,Europe,Count,118
2018,Number of enterprises,By Country,IL,Israel,Asia,Count,46
2018,Number of enterprises,By Country,IT,Italy,Europe,Count,842
2018,Number of enterprises,By Country,JP,Japan,Asia,Count,302
2018,Number of enterprises,By Country,JO,Jordan,Asia,Count,12
2018,Number of enterprises,By Country,KE,Kenya,Africa,Count,29
2018,Number of enterprises,By Country,KR,"Korea, Republic of (South Korea)",Asia,Count,88
2018,Number of enterprises,By Country,LV,Latvia,Europe,Count,17
2018,Number of enterprises,By Country,LB,Lebanon,Asia,Count,16
2018,Number of enterprises,By Country,LT,Lithuania,Europe,Count,23
2018,Number of enterprises,By Country,LU,Luxembourg,Europe,Count,306
2018,Number of enterprises,By Country,MY,Malaysia,Asia,Count,199
2018,Number of enterprises,By Country,MU,Mauritius,Africa,Count,24
2018,Number of enterprises,By Country,MX,Mexico,Central and South America,Count,299
2018,Number of enterprises,By Country,MA,Morocco,Africa,Count,54
2018,Number of enterprises,By Country,NL,Netherlands,Europe,Count,506
2018,Number of enterprises,By Country,NZ,New Zealand,Oceania,Count,86
2018,Number of enterprises,By Country,NG,Nigeria,Africa,Count,27
2018,Number of enterprises,By Country,NO,Norway,Europe,Count,210
2018,Number of enterprises,By Country,S21,Offshore financial centres in Europe,Europe,Count,181
2018,Number of enterprises,By Country,G9,Other European countries,Europe,Count,854
2018,Number of enterprises,By Country,PK,Pakistan,Asia,Count,16
2018,Number of enterprises,By Country,PA,Panama,Central and South America,Count,46
2018,Number of enterprises,By Country,PE,Peru,Central and South America,Count,57
2018,Number of enterprises,By Country,PH,Philippines,Asia,Count,86
2018,Number of enterprises,By Country,PL,Poland,Europe,Count,249
2018,Number of enterprises,By Country,PT,Portugal,Europe,Count,115
2018,Number of enterprises,By Country,QA,Qatar,Asia,Count,19
2018,Number of enterprises,By Country,RO,Romania,Europe,Count,123
2018,Number of enterprises,By Country,RU,Russia,Europe,Count,170
2018,Number of enterprises,By Country,SA,Saudi Arabia,Asia,Count,41
2018,Number of enterprises,By Country,RS,Serbia,Europe,Count,48
2018,Number of enterprises,By Country,SG,Singapore,Asia,Count,283
2018,Number of enterprises,By Country,SK,Slovakia,Europe,Count,77
2018,Number of enterprises,By Country,ZA,South Africa,Africa,Count,102
2018,Number of enterprises,By Country,ES,Spain,Europe,Count,703
2018,Number of enterprises,By Country,LK,Sri Lanka,Asia,Count,14
2018,Number of enterprises,By Country,SE,Sweden,Europe,Count,308
2018,Number of enterprises,By Country,TW,Taiwan,Asia,Count,87
2018,Number of enterprises,By Country,TZ,Tanzania,Africa,Count,13
2018,Number of enterprises,By Country,TH,Thailand,Asia,Count,124
2018,Number of enterprises,By Country,T0,Total,All / Total,Count,19295.0
2018,Number of enterprises,By Country,T1,Total,Europe,Count,10956.0
2018,Number of enterprises,By Country,S22,Total,Europe,Count,56
2018,Number of enterprises,By Country,T2,Total,North America,Count,2804
2018,Number of enterprises,By Country,T3,Total,Central and South America,Count,1677
2018,Number of enterprises,By Country,S19,Total,Central and South America,Count,416
2018,Number of enterprises,By Country,T4,Total,Asia,Count,2962
2018,Number of enterprises,By Country,T5,Total,Africa,Count,524
2018,Number of enterprises,By Country,T6,Total,Oceania,Count,372
2018,Number of enterprises,By Country,TN,Tunisia,Africa,Count,35
2018,Number of enterprises,By Country,TR,Turkey,Europe,Count,131
2018,Number of enterprises,By Country,UA,Ukraine,Europe,Count,49
2018,Number of enterprises,By Country,AE,United Arab Emirates,Asia,Count,115
2018,Number of enterprises,By Country,GB,United Kingdom,Europe,Count,1110
2018,Number of enterprises,By Country,US,United States,North America,Count,2524
2018,Number of enterprises,By Country,UY,Uruguay,Central and South America,Count,54
2018,Number of enterprises,By Country,VE,Venezuela,Central and South America,Count,40
2018,Number of enterprises,By Country,VN,Viet Nam,Asia,Count,49
2018,Number of enterprises,By Economic Activity,B,Banks,Services,Count,1398
2018,Number of enterprises,By Economic Activity,CUK,Chemicals and plastics,Manufacturing,Count,1570
2018,Number of enterprises,By Economic Activity,EEOU,"Electronics, energy, optical and watchmaking",Manufacturing,Count,1704
2018,Number of enterprises,By Economic Activity,FUH,Finance and holding companies,Services,Count,810
2018,Number of enterprises,By Economic Activity,V,Insurance companies,Services,Count,876
2018,Number of enterprises,By Economic Activity,MUM,Metals and machinery,Manufacturing,Count,2402
2018,Number of enterprises,By Economic Activity,UIB,Other manufacturing and construction,Manufacturing,Count,2250
2018,Number of enterprises,By Economic Activity,DU,Other services,Services,Count,6369.0
2018,Number of enterprises,By Economic Activity,T0,Total,Manufacturing,Count,7926
2018,Number of enterprises,By Economic Activity,T1,Total,Services,Count,11369.0
2018,Number of enterprises,By Economic Activity,D0_2,Total,All / Total,Count,19295.0
2018,Number of enterprises,By Economic Activity,H,Trade,Services,Count,1369
2018,Number of enterprises,By Economic Activity,TUK,Transportation and communications,Services,Count,547
2018,Number of staff,By Country,AR,Argentina,Central and South America,Persons (in thousands),11313.6
2018,Number of staff,By Country,AU,Australia,Oceania,Persons (in thousands),22040.7
2018,Number of staff,By Country,AT,Austria,Europe,Persons (in thousands),39542.1
2018,Number of staff,By Country,BD,Bangladesh,Asia,Persons (in thousands),3454.8
2018,Number of staff,By Country,BE,Belgium,Europe,Persons (in thousands),18387.6
2018,Number of staff,By Country,BO,Bolivia,Central and South America,Persons (in thousands),747
2018,Number of staff,By Country,BA,Bosnia and Herzegovina,Europe,Persons (in thousands),437.5
2018,Number of staff,By Country,BR,Brazil,Central and South America,Persons (in thousands),75742.9
2018,Number of staff,By Country,BG,Bulgaria,Europe,Persons (in thousands),10096.5
2018,Number of staff,By Country,CM,Cameroon,Africa,Persons (in thousands),847
2018,Number of staff,By Country,CA,Canada,North America,Persons (in thousands),35686.3
2018,Number of staff,By Country,CL,Chile,Central and South America,Persons (in thousands),17848.8
2018,Number of staff,By Country,CN,China,Asia,Persons (in thousands),177185.3
2018,Number of staff,By Country,CO,Colombia,Central and South America,Persons (in thousands),12752.8
2018,Number of staff,By Country,CR,Costa Rica,Central and South America,Persons (in thousands),2353
2018,Number of staff,By Country,HR,Croatia,Europe,Persons (in thousands),3731.7
2018,Number of staff,By Country,CY,Cyprus,Europe,Persons (in thousands),337
2018,Number of staff,By Country,CZ,Czechia,Europe,Persons (in thousands),28640.8
2018,Number of staff,By Country,CI,Côte d’Ivoire,Africa,Persons (in thousands),3221.3
2018,Number of staff,By Country,DK,Denmark,Europe,Persons (in thousands),5211.0
2018,Number of staff,By Country,B3,EU,Europe,Persons (in thousands),891440.9
2018,Number of staff,By Country,EC,Ecuador,Central and South America,Persons (in thousands),6054.3
2018,Number of staff,By Country,EG,Egypt,Africa,Persons (in thousands),10386.2
2018,Number of staff,By Country,EE,Estonia,Europe,Persons (in thousands),2068.1
2018,Number of staff,By Country,FI,Finland,Europe,Persons (in thousands),9698.8
2018,Number of staff,By Country,FR,France,Europe,Persons (in thousands),113776.4
2018,Number of staff,By Country,DE,Germany,Europe,Persons (in thousands),286097.8
2018,Number of staff,By Country,GR,Greece,Europe,Persons (in thousands),7265.6
2018,Number of staff,By Country,GT,Guatemala,Central and South America,Persons (in thousands),1860
2018,Number of staff,By Country,HK,Hong Kong,Asia,Persons (in thousands),20508.6
2018,Number of staff,By Country,HU,Hungary,Europe,Persons (in thousands),19841.4
2018,Number of staff,By Country,IN,India,Asia,Persons (in thousands),90463.8
2018,Number of staff,By Country,ID,Indonesia,Asia,Persons (in thousands),20311.4
2018,Number of staff,By Country,IE,Ireland,Europe,Persons (in thousands),8277.1
2018,Number of staff,By Country,IL,Israel,Asia,Persons (in thousands),6310.4
2018,Number of staff,By Country,IT,Italy,Europe,Persons (in thousands),52830.9
2018,Number of staff,By Country,JP,Japan,Asia,Persons (in thousands),35924.8
2018,Number of staff,By Country,JO,Jordan,Asia,Persons (in thousands),1940.5
2018,Number of staff,By Country,KE,Kenya,Africa,Persons (in thousands),2818
2018,Number of staff,By Country,KR,"Korea, Republic of (South Korea)",Asia,Persons (in thousands),10264.8
2018,Number of staff,By Country,LV,Latvia,Europe,Persons (in thousands),1935
2018,Number of staff,By Country,LB,Lebanon,Asia,Persons (in thousands),1152
2018,Number of staff,By Country,LT,Lithuania,Europe,Persons (in thousands),1168.9
2018,Number of staff,By Country,LU,Luxembourg,Europe,Persons (in thousands),5301.4
2018,Number of staff,By Country,MY,Malaysia,Asia,Persons (in thousands),24623.6
2018,Number of staff,By Country,MU,Mauritius,Africa,Persons (in thousands),346
2018,Number of staff,By Country,MX,Mexico,Central and South America,Persons (in thousands),40228
2018,Number of staff,By Country,MA,Morocco,Africa,Persons (in thousands),5949.7
2018,Number of staff,By Country,NL,Netherlands,Europe,Persons (in thousands),23398.1
2018,Number of staff,By Country,NZ,New Zealand,Oceania,Persons (in thousands),3366.6
2018,Number of staff,By Country,NG,Nigeria,Africa,Persons (in thousands),7953
2018,Number of staff,By Country,NO,Norway,Europe,Persons (in thousands),7877.7
2018,Number of staff,By Country,S19,Offshore financial centres in Central and South America,Central and South America,Persons (in thousands),3968.0
2018,Number of staff,By Country,S21,Offshore financial centres in Europe,Europe,Persons (in thousands),878.1
2018,Number of staff,By Country,G9,Other European countries,Europe,Persons (in thousands),88424.1
2018,Number of staff,By Country,PK,Pakistan,Asia,Persons (in thousands),6576.3
2018,Number of staff,By Country,PA,Panama,Central and South America,Persons (in thousands),2471
2018,Number of staff,By Country,PE,Peru,Central and South America,Persons (in thousands),7582.5
2018,Number of staff,By Country,PH,Philippines,Asia,Persons (in thousands),13024.7
2018,Number of staff,By Country,PL,Poland,Europe,Persons (in thousands),54770.6
2018,Number of staff,By Country,PT,Portugal,Europe,Persons (in thousands),7728.9
2018,Number of staff,By Country,QA,Qatar,Asia,Persons (in thousands),1139
2018,Number of staff,By Country,RO,Romania,Europe,Persons (in thousands),16869.7
2018,Number of staff,By Country,RU,Russia,Europe,Persons (in thousands),42319.1
2018,Number of staff,By Country,SA,Saudi Arabia,Asia,Persons (in thousands),10663
2018,Number of staff,By Country,RS,Serbia,Europe,Persons (in thousands),4404
2018,Number of staff,By Country,SG,Singapore,Asia,Persons (in thousands),24804.6
2018,Number of staff,By Country,SK,Slovakia,Europe,Persons (in thousands),8364.4
2018,Number of staff,By Country,ZA,South Africa,Africa,Persons (in thousands),14030.5
2018,Number of staff,By Country,ES,Spain,Europe,Persons (in thousands),41922.3
2018,Number of staff,By Country,LK,Sri Lanka,Asia,Persons (in thousands),1589
2018,Number of staff,By Country,SE,Sweden,Europe,Persons (in thousands),19313.8
2018,Number of staff,By Country,TW,Taiwan,Asia,Persons (in thousands),17371
2018,Number of staff,By Country,TZ,Tanzania,Africa,Persons (in thousands),794
2018,Number of staff,By Country,TH,Thailand,Asia,Persons (in thousands),29812.9
2018,Number of staff,By Country,T0,Total,All / Total,Persons (in thousands),2167201.3
2018,Number of staff,By Country,T1,Total,Europe,Persons (in thousands),979865.0
2018,Number of staff,By Country,T2,Total,North America,Persons (in thousands),364742.8
2018,Number of staff,By Country,T3,Total,Central and South America,Persons (in thousands),191324.1
2018,Number of staff,By Country,T4,Total,Asia,Persons (in thousands),542877.4
2018,Number of staff,By Country,T5,Total,Africa,Persons (in thousands),62307.7
2018,Number of staff,By Country,T6,Total,Oceania,Persons (in thousands),26084.4
2018,Number of staff,By Country,TN,Tunisia,Africa,Persons (in thousands),3749
2018,Number of staff,By Country,TR,Turkey,Europe,Persons (in thousands),16425.0
2018,Number of staff,By Country,UA,Ukraine,Europe,Persons (in thousands),12227.3
2018,Number of staff,By Country,AE,United Arab Emirates,Asia,Persons (in thousands),11301
2018,Number of staff,By Country,GB,United Kingdom,Europe,Persons (in thousands),97481.8
2018,Number of staff,By Country,US,United States,North America,Persons (in thousands),329056.5
2018,Number of staff,By Country,UY,Uruguay,Central and South America,Persons (in thousands),1108.2
2018,Number of staff,By Country,VE,Venezuela,Central and South America,Persons (in thousands),3150
2018,Number of staff,By Country,VN,Viet Nam,Asia,Persons (in thousands),18621.0
2018,Number of staff,By Economic Activity,B,Banks,Services,Persons (in thousands),87567.8
2018,Number of staff,By Economic Activity,CUK,Chemicals and plastics,Manufacturing,Persons (in thousands),293304.3
2018,Number of staff,By Economic Activity,EEOU,"Electronics, energy, optical and watchmaking",Manufacturing,Persons (in thousands),253662
2018,Number of staff,By Economic Activity,FUH,Finance and holding companies,Services,Persons (in thousands),105769
2018,Number of staff,By Economic Activity,V,Insurance companies,Services,Persons (in thousands),102553.9
2018,Number of staff,By Economic Activity,MUM,Metals and machinery,Manufacturing,Persons (in thousands),327069.2
2018,Number of staff,By Economic Activity,UIB,Other manufacturing and construction,Manufacturing,Persons (in thousands),505855
2018,Number of staff,By Economic Activity,DU,Other services,Services,Persons (in thousands),155900.9
2018,Number of staff,By Economic Activity,T0,Total,Manufacturing,Persons (in thousands),1379890.5
2018,Number of staff,By Economic Activity,T1,Total,Services,Persons (in thousands),787310.7
2018,Number of staff,By Economic Activity,D0_2,Total,All / Total,Persons (in thousands),2167201.3
2018,Number of staff,By Economic Activity,H,Trade,Services,Persons (in thousands),223061.3
2018,Number of staff,By Economic Activity,TUK,Transportation and communications,Services,Persons (in thousands),112457.9
2018,Turnover,By Country,AR,Argentina,Central and South America,CHF Millions,3054.7
2018,Turnover,By Country,AU,Australia,Oceania,CHF Millions,10978.5
2018,Turnover,By Country,AT,Austria,Europe,CHF Millions,11271.3
2018,Turnover,By Country,BD,Bangladesh,Asia,CHF Millions,454.0
2018,Turnover,By Country,BE,Belgium,Europe,CHF Millions,9816.0
2018,Turnover,By Country,BO,Bolivia,Central and South America,CHF Millions,125.4
2018,Turnover,By Country,BA,Bosnia and Herzegovina,Europe,CHF Millions,138.9
2018,Turnover,By Country,BR,Brazil,Central and South America,CHF Millions,14435.0
2018,Turnover,By Country,BG,Bulgaria,Europe,CHF Millions,740.6
2018,Turnover,By Country,CM,Cameroon,Africa,CHF Millions,144.1
2018,Turnover,By Country,CA,Canada,North America,CHF Millions,14122.5
2018,Turnover,By Country,CL,Chile,Central and South America,CHF Millions,3455.0
2018,Turnover,By Country,CN,China,Asia,CHF Millions,41349.1
2018,Turnover,By Country,CO,Colombia,Central and South America,CHF Millions,2291.3
2018,Turnover,By Country,CR,Costa Rica,Central and South America,CHF Millions,438.9
2018,Turnover,By Country,HR,Croatia,Europe,CHF Millions,1118.7
2018,Turnover,By Country,CY,Cyprus,Europe,CHF Millions,158.9
2018,Turnover,By Country,CZ,Czechia,Europe,CHF Millions,5701.4
2018,Turnover,By Country,CI,Côte d’Ivoire,Africa,CHF Millions,285.0
2018,Turnover,By Country,DK,Denmark,Europe,CHF Millions,2686.6
2018,Turnover,By Country,B3,EU,Europe,CHF Millions,288319.8
2018,Turnover,By Country,EC,Ecuador,Central and South America,CHF Millions,1315.1
2018,Turnover,By Country,EG,Egypt,Africa,CHF Millions,1336.7
2018,Turnover,By Country,EE,Estonia,Europe,CHF Millions,140.2
2018,Turnover,By Country,FI,Finland,Europe,CHF Millions,2678.8
2018,Turnover,By Country,FR,France,Europe,CHF Millions,47586.6
2018,Turnover,By Country,DE,Germany,Europe,CHF Millions,78428.2
2018,Turnover,By Country,GR,Greece,Europe,CHF Millions,2540.4
2018,Turnover,By Country,GT,Guatemala,Central and South America,CHF Millions,296.6
2018,Turnover,By Country,HK,Hong Kong,Asia,CHF Millions,11281.7
2018,Turnover,By Country,HU,Hungary,Europe,CHF Millions,3239.5
2018,Turnover,By Country,IN,India,Asia,CHF Millions,10892.7
2018,Turnover,By Country,ID,Indonesia,Asia,CHF Millions,4058.0
2018,Turnover,By Country,IE,Ireland,Europe,CHF Millions,2371.2
2018,Turnover,By Country,IL,Israel,Asia,CHF Millions,1742.7
2018,Turnover,By Country,IT,Italy,Europe,CHF Millions,26287.0
2018,Turnover,By Country,JP,Japan,Asia,CHF Millions,19194.5
2018,Turnover,By Country,JO,Jordan,Asia,CHF Millions,467.9
2018,Turnover,By Country,KE,Kenya,Africa,CHF Millions,503.0
2018,Turnover,By Country,KR,"Korea, Republic of (South Korea)",Asia,CHF Millions,5716.9
2018,Turnover,By Country,LV,Latvia,Europe,CHF Millions,206.3
2018,Turnover,By Country,LB,Lebanon,Asia,CHF Millions,497.2
2018,Turnover,By Country,LT,Lithuania,Europe,CHF Millions,346.3
2018,Turnover,By Country,LU,Luxembourg,Europe,CHF Millions,12570.2
2018,Turnover,By Country,MY,Malaysia,Asia,CHF Millions,5420.4
2018,Turnover,By Country,MU,Mauritius,Africa,CHF Millions,85.4
2018,Turnover,By Country,MX,Mexico,Central and South America,CHF Millions,9346.1
2018,Turnover,By Country,MA,Morocco,Africa,CHF Millions,892.1
2018,Turnover,By Country,NL,Netherlands,Europe,CHF Millions,8974.5
2018,Turnover,By Country,NZ,New Zealand,Oceania,CHF Millions,1211.8
2018,Turnover,By Country,NG,Nigeria,Africa,CHF Millions,1946.8
2018,Turnover,By Country,NO,Norway,Europe,CHF Millions,4201.1
2018,Turnover,By Country,S21,Offshore financial centres in Europe,Europe,CHF Millions,1262.0
2018,Turnover,By Country,G9,Other European countries,Europe,CHF Millions,19833.4
2018,Turnover,By Country,PK,Pakistan,Asia,CHF Millions,1263.9
2018,Turnover,By Country,PA,Panama,Central and South America,CHF Millions,743.5
2018,Turnover,By Country,PE,Peru,Central and South America,CHF Millions,1264.0
2018,Turnover,By Country,PH,Philippines,Asia,CHF Millions,3869.1
2018,Turnover,By Country,PL,Poland,Europe,CHF Millions,8077.4
2018,Turnover,By Country,PT,Portugal,Europe,CHF Millions,2197.3
2018,Turnover,By Country,QA,Qatar,Asia,CHF Millions,338.5
2018,Turnover,By Country,RO,Romania,Europe,CHF Millions,4851.3
2018,Turnover,By Country,RU,Russia,Europe,CHF Millions,7814.4
2018,Turnover,By Country,SA,Saudi Arabia,Asia,CHF Millions,2247.5
2018,Turnover,By Country,RS,Serbia,Europe,CHF Millions,1008.2
2018,Turnover,By Country,SG,Singapore,Asia,CHF Millions,13337.5
2018,Turnover,By Country,SK,Slovakia,Europe,CHF Millions,1477.5
2018,Turnover,By Country,ZA,South Africa,Africa,CHF Millions,3859.2
2018,Turnover,By Country,ES,Spain,Europe,CHF Millions,16346.4
2018,Turnover,By Country,LK,Sri Lanka,Asia,CHF Millions,243.3
2018,Turnover,By Country,SE,Sweden,Europe,CHF Millions,5602.9
2018,Turnover,By Country,TW,Taiwan,Asia,CHF Millions,4106.8
2018,Turnover,By Country,TZ,Tanzania,Africa,CHF Millions,78.3
2018,Turnover,By Country,TH,Thailand,Asia,CHF Millions,6964.1
2018,Turnover,By Country,T0,Total,All / Total,CHF Millions,735001.7
2018,Turnover,By Country,T1,Total,Europe,CHF Millions,308153.2
2018,Turnover,By Country,S22,Total,Europe,CHF Millions,692.7
2018,Turnover,By Country,T2,Total,North America,CHF Millions,206425.3
2018,Turnover,By Country,T3,Total,Central and South America,CHF Millions,53713.1
2018,Turnover,By Country,S19,Total,Central and South America,CHF Millions,15867.0
2018,Turnover,By Country,T4,Total,Asia,CHF Millions,142125.5
2018,Turnover,By Country,T5,Total,Africa,CHF Millions,12209.1
2018,Turnover,By Country,T6,Total,Oceania,CHF Millions,12375.4
2018,Turnover,By Country,TN,Tunisia,Africa,CHF Millions,501.5
2018,Turnover,By Country,TR,Turkey,Europe,CHF Millions,3711.0
2018,Turnover,By Country,UA,Ukraine,Europe,CHF Millions,1055.1
2018,Turnover,By Country,AE,United Arab Emirates,Asia,CHF Millions,3976.5
2018,Turnover,By Country,GB,United Kingdom,Europe,CHF Millions,31845.8
2018,Turnover,By Country,US,United States,North America,CHF Millions,192302.8
2018,Turnover,By Country,UY,Uruguay,Central and South America,CHF Millions,337.6
2018,Turnover,By Country,VE,Venezuela,Central and South America,CHF Millions,107.4
2018,Turnover,By Country,VN,Viet Nam,Asia,CHF Millions,1784.8
2018,Turnover,By Economic Activity,B,Banks,Services,CHF Millions,34872.8
2018,Turnover,By Economic Activity,CUK,Chemicals and plastics,Manufacturing,CHF Millions,142913.6
2018,Turnover,By Economic Activity,EEOU,"Electronics, energy, optical and watchmaking",Manufacturing,CHF Millions,79937.1
2018,Turnover,By Economic Activity,FUH,Finance and holding companies,Services,CHF Millions,36206.9
2018,Turnover,By Economic Activity,V,Insurance companies,Services,CHF Millions,90073.1
2018,Turnover,By Economic Activity,MUM,Metals and machinery,Manufacturing,CHF Millions,67105.0
2018,Turnover,By Economic Activity,UIB,Other manufacturing and construction,Manufacturing,CHF Millions,148446.3
2018,Turnover,By Economic Activity,DU,Other services,Services,CHF Millions,36518.3
2018,Turnover,By Economic Activity,T0,Total,Manufacturing,CHF Millions,438402.0
2018,Turnover,By Economic Activity,T1,Total,Services,CHF Millions,296599.7
2018,Turnover,By Economic Activity,D0_2,Total,All / Total,CHF Millions,735001.7
2018,Turnover,By Economic Activity,H,Trade,Services,CHF Millions,68071.3
2018,Turnover,By Economic Activity,TUK,Transportation and communications,Services,CHF Millions,30857.2
2019,Number of enterprises,By Country,AR,Argentina,Central and South America,Count,125
2019,Number of enterprises,By Country,AU,Australia,Oceania,Count,282
2019,Number of enterprises,By Country,AT,Austria,Europe,Count,303
2019,Number of enterprises,By Country,BD,Bangladesh,Asia,Count,10
2019,Number of enterprises,By Country,BE,Belgium,Europe,Count,381
2019,Number of enterprises,By Country,BO,Bolivia,Central and South America,Count,9
2019,Number of enterprises,By Country,BA,Bosnia and Herzegovina,Europe,Count,15
2019,Number of enterprises,By Country,BR,Brazil,Central and South America,Count,251
2019,Number of enterprises,By Country,BG,Bulgaria,Europe,Count,55
2019,Number of enterprises,By Country,CM,Cameroon,Africa,Count,9
2019,Number of enterprises,By Country,CA,Canada,North America,Count,282
2019,Number of enterprises,By Country,CL,Chile,Central and South America,Count,143
2019,Number of enterprises,By Country,CN,China,Asia,Count,716
2019,Number of enterprises,By Country,CO,Colombia,Central and South America,Count,96
2019,Number of enterprises,By Country,CR,Costa Rica,Central and South America,Count,14
2019,Number of enterprises,By Country,HR,Croatia,Europe,Count,54
2019,Number of enterprises,By Country,CY,Cyprus,Europe,Count,33
2019,Number of enterprises,By Country,CZ,Czechia,Europe,Count,151
2019,Number of enterprises,By Country,CI,Côte d’Ivoire,Africa,Count,17
2019,Number of enterprises,By Country,DK,Denmark,Europe,Count,125
2019,Number of enterprises,By Country,B3,EU,Europe,Count,10455
2019,Number of enterprises,By Country,EC,Ecuador,Central and South America,Count,44
2019,Number of enterprises,By Country,EG,Egypt,Africa,Count,53
2019,Number of enterprises,By Country,EE,Estonia,Europe,Count,18
2019,Number of enterprises,By Country,FI,Finland,Europe,Count,111
2019,Number of enterprises,By Country,FR,France,Europe,Count,2598
2019,Number of enterprises,By Country,DE,Germany,Europe,Count,1755
2019,Number of enterprises,By Country,GR,Greece,Europe,Count,60
2019,Number of enterprises,By Country,GT,Guatemala,Central and South America,Count,14
2019,Number of enterprises,By Country,HK,Hong Kong,Asia,Count,252
2019,Number of enterprises,By Country,HU,Hungary,Europe,Count,142
2019,Number of enterprises,By Country,IN,India,Asia,Count,261
2019,Number of enterprises,By Country,ID,Indonesia,Asia,Count,81
2019,Number of enterprises,By Country,IE,Ireland,Europe,Count,116
2019,Number of enterprises,By Country,IL,Israel,Asia,Count,48
2019,Number of enterprises,By Country,IT,Italy,Europe,Count,867
2019,Number of enterprises,By Country,JP,Japan,Asia,Count,287
2019,Number of enterprises,By Country,JO,Jordan,Asia,Count,10
2019,Number of enterprises,By Country,KE,Kenya,Africa,Count,29
2019,Number of enterprises,By Country,KR,"Korea, Republic of (South Korea)",Asia,Count,92
2019,Number of enterprises,By Country,LV,Latvia,Europe,Count,20
2019,Number of enterprises,By Country,LB,Lebanon,Asia,Count,17
2019,Number of enterprises,By Country,LT,Lithuania,Europe,Count,24
2019,Number of enterprises,By Country,LU,Luxembourg,Europe,Count,339
2019,Number of enterprises,By Country,MY,Malaysia,Asia,Count,179
2019,Number of enterprises,By Country,MU,Mauritius,Africa,Count,21
2019,Number of enterprises,By Country,MX,Mexico,Central and South America,Count,299
2019,Number of enterprises,By Country,MA,Morocco,Africa,Count,46
2019,Number of enterprises,By Country,NL,Netherlands,Europe,Count,501
2019,Number of enterprises,By Country,NZ,New Zealand,Oceania,Count,80
2019,Number of enterprises,By Country,NG,Nigeria,Africa,Count,28
2019,Number of enterprises,By Country,NO,Norway,Europe,Count,205
2019,Number of enterprises,By Country,S21,Offshore financial centres in Europe,Europe,Count,156
2019,Number of enterprises,By Country,G9,Other European countries,Europe,Count,842
2019,Number of enterprises,By Country,PK,Pakistan,Asia,Count,18
2019,Number of enterprises,By Country,PA,Panama,Central and South America,Count,40
2019,Number of enterprises,By Country,PE,Peru,Central and South America,Count,57
2019,Number of enterprises,By Country,PH,Philippines,Asia,Count,82
2019,Number of enterprises,By Country,PL,Poland,Europe,Count,255
2019,Number of enterprises,By Country,PT,Portugal,Europe,Count,111
2019,Number of enterprises,By Country,QA,Qatar,Asia,Count,17
2019,Number of enterprises,By Country,RO,Romania,Europe,Count,129
2019,Number of enterprises,By Country,RU,Russia,Europe,Count,175
2019,Number of enterprises,By Country,SA,Saudi Arabia,Asia,Count,39
2019,Number of enterprises,By Country,RS,Serbia,Europe,Count,48
2019,Number of enterprises,By Country,SG,Singapore,Asia,Count,270
2019,Number of enterprises,By Country,SK,Slovakia,Europe,Count,75
2019,Number of enterprises,By Country,ZA,South Africa,Africa,Count,98
2019,Number of enterprises,By Country,ES,Spain,Europe,Count,700
2019,Number of enterprises,By Country,LK,Sri Lanka,Asia,Count,12
2019,Number of enterprises,By Country,SE,Sweden,Europe,Count,322
2019,Number of enterprises,By Country,TW,Taiwan,Asia,Count,94
2019,Number of enterprises,By Country,TZ,Tanzania,Africa,Count,11
2019,Number of enterprises,By Country,TH,Thailand,Asia,Count,130
2019,Number of enterprises,By Country,T0,Total,All / Total,Count,19597
2019,Number of enterprises,By Country,T1,Total,Europe,Count,11297
2019,Number of enterprises,By Country,S22,Total,Europe,Count,62
2019,Number of enterprises,By Country,T2,Total,North America,Count,2879
2019,Number of enterprises,By Country,T3,Total,Central and South America,Count,1608
2019,Number of enterprises,By Country,S19,Total,Central and South America,Count,382
2019,Number of enterprises,By Country,T4,Total,Asia,Count,2950
2019,Number of enterprises,By Country,T5,Total,Africa,Count,490
2019,Number of enterprises,By Country,T6,Total,Oceania,Count,373
2019,Number of enterprises,By Country,TN,Tunisia,Africa,Count,32
2019,Number of enterprises,By Country,TR,Turkey,Europe,Count,135
2019,Number of enterprises,By Country,UA,Ukraine,Europe,Count,50
2019,Number of enterprises,By Country,AE,United Arab Emirates,Asia,Count,108
2019,Number of enterprises,By Country,GB,United Kingdom,Europe,Count,1137
2019,Number of enterprises,By Country,US,United States,North America,Count,2597
2019,Number of enterprises,By Country,UY,Uruguay,Central and South America,Count,54
2019,Number of enterprises,By Country,VE,Venezuela,Central and South America,Count,29
2019,Number of enterprises,By Country,VN,Viet Nam,Asia,Count,54
2019,Number of enterprises,By Economic Activity,B,Banks,Services,Count,1414
2019,Number of enterprises,By Economic Activity,CUK,Chemicals and plastics,Manufacturing,Count,1620
2019,Number of enterprises,By Economic Activity,EEOU,"Electronics, energy, optical and watchmaking",Manufacturing,Count,2138
2019,Number of enterprises,By Economic Activity,FUH,Finance and holding companies,Services,Count,896
2019,Number of enterprises,By Economic Activity,V,Insurance companies,Services,Count,900
2019,Number of enterprises,By Economic Activity,MUM,Metals and machinery,Manufacturing,Count,2385
2019,Number of enterprises,By Economic Activity,UIB,Other manufacturing and construction,Manufacturing,Count,2265
2019,Number of enterprises,By Economic Activity,DU,Other services,Services,Count,6021
2019,Number of enterprises,By Economic Activity,T0,Total,Manufacturing,Count,8408
2019,Number of enterprises,By Economic Activity,T1,Total,Services,Count,11189
2019,Number of enterprises,By Economic Activity,D0_2,Total,All / Total,Count,19597
2019,Number of enterprises,By Economic Activity,H,Trade,Services,Count,1530
2019,Number of enterprises,By Economic Activity,TUK,Transportation and communications,Services,Count,428
2019,Number of staff,By Country,AR,Argentina,Central and South America,Persons (in thousands),11084.9
2019,Number of staff,By Country,AU,Australia,Oceania,Persons (in thousands),22932.1
2019,Number of staff,By Country,AT,Austria,Europe,Persons (in thousands),38801.8
2019,Number of staff,By Country,BD,Bangladesh,Asia,Persons (in thousands),3408.7
2019,Number of staff,By Country,BE,Belgium,Europe,Persons (in thousands),18721.5
2019,Number of staff,By Country,BO,Bolivia,Central and South America,Persons (in thousands),715
2019,Number of staff,By Country,BA,Bosnia and Herzegovina,Europe,Persons (in thousands),467.5
2019,Number of staff,By Country,BR,Brazil,Central and South America,Persons (in thousands),74469.7
2019,Number of staff,By Country,BG,Bulgaria,Europe,Persons (in thousands),9792.5
2019,Number of staff,By Country,CM,Cameroon,Africa,Persons (in thousands),884
2019,Number of staff,By Country,CA,Canada,North America,Persons (in thousands),35012.6
2019,Number of staff,By Country,CL,Chile,Central and South America,Persons (in thousands),17797.5
2019,Number of staff,By Country,CN,China,Asia,Persons (in thousands),172519.8
2019,Number of staff,By Country,CO,Colombia,Central and South America,Persons (in thousands),12668.9
2019,Number of staff,By Country,CR,Costa Rica,Central and South America,Persons (in thousands),2547
2019,Number of staff,By Country,HR,Croatia,Europe,Persons (in thousands),3798.5
2019,Number of staff,By Country,CY,Cyprus,Europe,Persons (in thousands),303
2019,Number of staff,By Country,CZ,Czechia,Europe,Persons (in thousands),27718.2
2019,Number of staff,By Country,CI,Côte d’Ivoire,Africa,Persons (in thousands),2893.6
2019,Number of staff,By Country,DK,Denmark,Europe,Persons (in thousands),5151.6
2019,Number of staff,By Country,B3,EU,Europe,Persons (in thousands),891492.7
2019,Number of staff,By Country,EC,Ecuador,Central and South America,Persons (in thousands),5735.5
2019,Number of staff,By Country,EG,Egypt,Africa,Persons (in thousands),10385.9
2019,Number of staff,By Country,EE,Estonia,Europe,Persons (in thousands),1927
2019,Number of staff,By Country,FI,Finland,Europe,Persons (in thousands),9341.6
2019,Number of staff,By Country,FR,France,Europe,Persons (in thousands),115722.9
2019,Number of staff,By Country,DE,Germany,Europe,Persons (in thousands),281884.6
2019,Number of staff,By Country,GR,Greece,Europe,Persons (in thousands),7220.9
2019,Number of staff,By Country,GT,Guatemala,Central and South America,Persons (in thousands),1817
2019,Number of staff,By Country,HK,Hong Kong,Asia,Persons (in thousands),19619.5
2019,Number of staff,By Country,HU,Hungary,Europe,Persons (in thousands),21787
2019,Number of staff,By Country,IN,India,Asia,Persons (in thousands),90303.2
2019,Number of staff,By Country,ID,Indonesia,Asia,Persons (in thousands),17121
2019,Number of staff,By Country,IE,Ireland,Europe,Persons (in thousands),8433.5
2019,Number of staff,By Country,IL,Israel,Asia,Persons (in thousands),5828.1
2019,Number of staff,By Country,IT,Italy,Europe,Persons (in thousands),51139.1
2019,Number of staff,By Country,JP,Japan,Asia,Persons (in thousands),35625.4
2019,Number of staff,By Country,JO,Jordan,Asia,Persons (in thousands),1616.1
2019,Number of staff,By Country,KE,Kenya,Africa,Persons (in thousands),2076
2019,Number of staff,By Country,KR,"Korea, Republic of (South Korea)",Asia,Persons (in thousands),10766.0
2019,Number of staff,By Country,LV,Latvia,Europe,Persons (in thousands),1804
2019,Number of staff,By Country,LB,Lebanon,Asia,Persons (in thousands),1136
2019,Number of staff,By Country,LT,Lithuania,Europe,Persons (in thousands),1162
2019,Number of staff,By Country,LU,Luxembourg,Europe,Persons (in thousands),5200.1
2019,Number of staff,By Country,MY,Malaysia,Asia,Persons (in thousands),24923.8
2019,Number of staff,By Country,MU,Mauritius,Africa,Persons (in thousands),354
2019,Number of staff,By Country,MX,Mexico,Central and South America,Persons (in thousands),42698.9
2019,Number of staff,By Country,MA,Morocco,Africa,Persons (in thousands),6125
2019,Number of staff,By Country,NL,Netherlands,Europe,Persons (in thousands),23850.2
2019,Number of staff,By Country,NZ,New Zealand,Oceania,Persons (in thousands),3524.2
2019,Number of staff,By Country,NG,Nigeria,Africa,Persons (in thousands),7193
2019,Number of staff,By Country,NO,Norway,Europe,Persons (in thousands),7871.5
2019,Number of staff,By Country,S19,Offshore financial centres in Central and South America,Central and South America,Persons (in thousands),3843.0
2019,Number of staff,By Country,S21,Offshore financial centres in Europe,Europe,Persons (in thousands),813.5
2019,Number of staff,By Country,G9,Other European countries,Europe,Persons (in thousands),87237.5
2019,Number of staff,By Country,PK,Pakistan,Asia,Persons (in thousands),6701.2
2019,Number of staff,By Country,PA,Panama,Central and South America,Persons (in thousands),2324
2019,Number of staff,By Country,PE,Peru,Central and South America,Persons (in thousands),7355.4
2019,Number of staff,By Country,PH,Philippines,Asia,Persons (in thousands),12898
2019,Number of staff,By Country,PL,Poland,Europe,Persons (in thousands),56428.3
2019,Number of staff,By Country,PT,Portugal,Europe,Persons (in thousands),7758.3
2019,Number of staff,By Country,QA,Qatar,Asia,Persons (in thousands),1019
2019,Number of staff,By Country,RO,Romania,Europe,Persons (in thousands),17724.8
2019,Number of staff,By Country,RU,Russia,Europe,Persons (in thousands),41144.5
2019,Number of staff,By Country,SA,Saudi Arabia,Asia,Persons (in thousands),9659
2019,Number of staff,By Country,RS,Serbia,Europe,Persons (in thousands),4753
2019,Number of staff,By Country,SG,Singapore,Asia,Persons (in thousands),25175.7
2019,Number of staff,By Country,SK,Slovakia,Europe,Persons (in thousands),8449.4
2019,Number of staff,By Country,ZA,South Africa,Africa,Persons (in thousands),13219.1
2019,Number of staff,By Country,ES,Spain,Europe,Persons (in thousands),41860.1
2019,Number of staff,By Country,LK,Sri Lanka,Asia,Persons (in thousands),1517
2019,Number of staff,By Country,SE,Sweden,Europe,Persons (in thousands),15405.7
2019,Number of staff,By Country,TW,Taiwan,Asia,Persons (in thousands),17077.1
2019,Number of staff,By Country,TZ,Tanzania,Africa,Persons (in thousands),828
2019,Number of staff,By Country,TH,Thailand,Asia,Persons (in thousands),29260.2
2019,Number of staff,By Country,T0,Total,All / Total,Persons (in thousands),2130808.8
2019,Number of staff,By Country,T1,Total,Europe,Persons (in thousands),978730.2
2019,Number of staff,By Country,T2,Total,North America,Persons (in thousands),343495.5
2019,Number of staff,By Country,T3,Total,Central and South America,Persons (in thousands),190721.7
2019,Number of staff,By Country,T4,Total,Asia,Persons (in thousands),531852.5
2019,Number of staff,By Country,T5,Total,Africa,Persons (in thousands),58869.6
2019,Number of staff,By Country,T6,Total,Oceania,Persons (in thousands),27138.3
2019,Number of staff,By Country,TN,Tunisia,Africa,Persons (in thousands),3585
2019,Number of staff,By Country,TR,Turkey,Europe,Persons (in thousands),15412.7
2019,Number of staff,By Country,UA,Ukraine,Europe,Persons (in thousands),11980.7
2019,Number of staff,By Country,AE,United Arab Emirates,Asia,Persons (in thousands),11123.0
2019,Number of staff,By Country,GB,United Kingdom,Europe,Persons (in thousands),102163.7
2019,Number of staff,By Country,US,United States,North America,Persons (in thousands),308482.9
2019,Number of staff,By Country,UY,Uruguay,Central and South America,Persons (in thousands),1030.9
2019,Number of staff,By Country,VE,Venezuela,Central and South America,Persons (in thousands),2704
2019,Number of staff,By Country,VN,Viet Nam,Asia,Persons (in thousands),18824.6
2019,Number of staff,By Economic Activity,B,Banks,Services,Persons (in thousands),92449.8
2019,Number of staff,By Economic Activity,CUK,Chemicals and plastics,Manufacturing,Persons (in thousands),280081.1
2019,Number of staff,By Economic Activity,EEOU,"Electronics, energy, optical and watchmaking",Manufacturing,Persons (in thousands),222432
2019,Number of staff,By Economic Activity,FUH,Finance and holding companies,Services,Persons (in thousands),114031
2019,Number of staff,By Economic Activity,V,Insurance companies,Services,Persons (in thousands),105045.5
2019,Number of staff,By Economic Activity,MUM,Metals and machinery,Manufacturing,Persons (in thousands),333528.7
2019,Number of staff,By Economic Activity,UIB,Other manufacturing and construction,Manufacturing,Persons (in thousands),515117
2019,Number of staff,By Economic Activity,DU,Other services,Services,Persons (in thousands),150982.4
2019,Number of staff,By Economic Activity,T0,Total,Manufacturing,Persons (in thousands),1351158.8
2019,Number of staff,By Economic Activity,T1,Total,Services,Persons (in thousands),779650.0
2019,Number of staff,By Economic Activity,D0_2,Total,All / Total,Persons (in thousands),2130808.8
2019,Number of staff,By Economic Activity,H,Trade,Services,Persons (in thousands),216587.3
2019,Number of staff,By Economic Activity,TUK,Transportation and communications,Services,Persons (in thousands),100554
2019,Turnover,By Country,AR,Argentina,Central and South America,CHF Millions,2722.9
2019,Turnover,By Country,AU,Australia,Oceania,CHF Millions,11550.6
2019,Turnover,By Country,AT,Austria,Europe,CHF Millions,11695.5
2019,Turnover,By Country,BD,Bangladesh,Asia,CHF Millions,487.7
2019,Turnover,By Country,BE,Belgium,Europe,CHF Millions,8612.6
2019,Turnover,By Country,BO,Bolivia,Central and South America,CHF Millions,116.4
2019,Turnover,By Country,BA,Bosnia and Herzegovina,Europe,CHF Millions,129.0
2019,Turnover,By Country,BR,Brazil,Central and South America,CHF Millions,14703.0
2019,Turnover,By Country,BG,Bulgaria,Europe,CHF Millions,815.3
2019,Turnover,By Country,CM,Cameroon,Africa,CHF Millions,152.4
2019,Turnover,By Country,CA,Canada,North America,CHF Millions,13879.0
2019,Turnover,By Country,CL,Chile,Central and South America,CHF Millions,3596.6
2019,Turnover,By Country,CN,China,Asia,CHF Millions,41861.3
2019,Turnover,By Country,CO,Colombia,Central and South America,CHF Millions,2275.1
2019,Turnover,By Country,CR,Costa Rica,Central and South America,CHF Millions,412.6
2019,Turnover,By Country,HR,Croatia,Europe,CHF Millions,1144.0
2019,Turnover,By Country,CY,Cyprus,Europe,CHF Millions,122.8
2019,Turnover,By Country,CZ,Czechia,Europe,CHF Millions,5079.0
2019,Turnover,By Country,CI,Côte d’Ivoire,Africa,CHF Millions,252.5
2019,Turnover,By Country,DK,Denmark,Europe,CHF Millions,2715.9
2019,Turnover,By Country,B3,EU,Europe,CHF Millions,288124.0
2019,Turnover,By Country,EC,Ecuador,Central and South America,CHF Millions,1213.3
2019,Turnover,By Country,EG,Egypt,Africa,CHF Millions,1531.1
2019,Turnover,By Country,EE,Estonia,Europe,CHF Millions,123.1
2019,Turnover,By Country,FI,Finland,Europe,CHF Millions,2499.9
2019,Turnover,By Country,FR,France,Europe,CHF Millions,48203.2
2019,Turnover,By Country,DE,Germany,Europe,CHF Millions,78160.8
2019,Turnover,By Country,GR,Greece,Europe,CHF Millions,2550.0
2019,Turnover,By Country,GT,Guatemala,Central and South America,CHF Millions,292.8
2019,Turnover,By Country,HK,Hong Kong,Asia,CHF Millions,10290.2
2019,Turnover,By Country,HU,Hungary,Europe,CHF Millions,3344.4
2019,Turnover,By Country,IN,India,Asia,CHF Millions,10892.3
2019,Turnover,By Country,ID,Indonesia,Asia,CHF Millions,3663.4
2019,Turnover,By Country,IE,Ireland,Europe,CHF Millions,3005.4
2019,Turnover,By Country,IL,Israel,Asia,CHF Millions,1792.7
2019,Turnover,By Country,IT,Italy,Europe,CHF Millions,26449.3
2019,Turnover,By Country,JP,Japan,Asia,CHF Millions,20446.2
2019,Turnover,By Country,JO,Jordan,Asia,CHF Millions,466.7
2019,Turnover,By Country,KE,Kenya,Africa,CHF Millions,504.4
2019,Turnover,By Country,KR,"Korea, Republic of (South Korea)",Asia,CHF Millions,5640.7
2019,Turnover,By Country,LV,Latvia,Europe,CHF Millions,246.3
2019,Turnover,By Country,LB,Lebanon,Asia,CHF Millions,430.6
2019,Turnover,By Country,LT,Lithuania,Europe,CHF Millions,307.8
2019,Turnover,By Country,LU,Luxembourg,Europe,CHF Millions,13231.4
2019,Turnover,By Country,MY,Malaysia,Asia,CHF Millions,5562.4
2019,Turnover,By Country,MU,Mauritius,Africa,CHF Millions,93.2
2019,Turnover,By Country,MX,Mexico,Central and South America,CHF Millions,9457.9
2019,Turnover,By Country,MA,Morocco,Africa,CHF Millions,855.2
2019,Turnover,By Country,NL,Netherlands,Europe,CHF Millions,9017.9
2019,Turnover,By Country,NZ,New Zealand,Oceania,CHF Millions,1275.0
2019,Turnover,By Country,NG,Nigeria,Africa,CHF Millions,2015.7
2019,Turnover,By Country,NO,Norway,Europe,CHF Millions,4412.3
2019,Turnover,By Country,S21,Offshore financial centres in Europe,Europe,CHF Millions,1525.6
2019,Turnover,By Country,G9,Other European countries,Europe,CHF Millions,21038.6
2019,Turnover,By Country,PK,Pakistan,Asia,CHF Millions,1040.7
2019,Turnover,By Country,PA,Panama,Central and South America,CHF Millions,725.8
2019,Turnover,By Country,PE,Peru,Central and South America,CHF Millions,1302.3
2019,Turnover,By Country,PH,Philippines,Asia,CHF Millions,3935.2
2019,Turnover,By Country,PL,Poland,Europe,CHF Millions,8155.3
2019,Turnover,By Country,PT,Portugal,Europe,CHF Millions,2248.6
2019,Turnover,By Country,QA,Qatar,Asia,CHF Millions,343.1
2019,Turnover,By Country,RO,Romania,Europe,CHF Millions,4904.6
2019,Turnover,By Country,RU,Russia,Europe,CHF Millions,8268.5
2019,Turnover,By Country,SA,Saudi Arabia,Asia,CHF Millions,2384.2
2019,Turnover,By Country,RS,Serbia,Europe,CHF Millions,1092.1
2019,Turnover,By Country,SG,Singapore,Asia,CHF Millions,13947.9
2019,Turnover,By Country,SK,Slovakia,Europe,CHF Millions,1437.4
2019,Turnover,By Country,ZA,South Africa,Africa,CHF Millions,3731.8
2019,Turnover,By Country,ES,Spain,Europe,CHF Millions,15810.3
2019,Turnover,By Country,LK,Sri Lanka,Asia,CHF Millions,227.8
2019,Turnover,By Country,SE,Sweden,Europe,CHF Millions,5373.0
2019,Turnover,By Country,TW,Taiwan,Asia,CHF Millions,4146.0
2019,Turnover,By Country,TZ,Tanzania,Africa,CHF Millions,98.7
2019,Turnover,By Country,TH,Thailand,Asia,CHF Millions,7688.0
2019,Turnover,By Country,T0,Total,All / Total,CHF Millions,749323.4
2019,Turnover,By Country,T1,Total,Europe,CHF Millions,309162.7
2019,Turnover,By Country,S22,Total,Europe,CHF Millions,677.2
2019,Turnover,By Country,T2,Total,North America,CHF Millions,217700.0
2019,Turnover,By Country,T3,Total,Central and South America,CHF Millions,52741.7
2019,Turnover,By Country,S19,Total,Central and South America,CHF Millions,14820.7
2019,Turnover,By Country,T4,Total,Asia,CHF Millions,144444.6
2019,Turnover,By Country,T5,Total,Africa,CHF Millions,12261.1
2019,Turnover,By Country,T6,Total,Oceania,CHF Millions,13013.3
2019,Turnover,By Country,TN,Tunisia,Africa,CHF Millions,508.3
2019,Turnover,By Country,TR,Turkey,Europe,CHF Millions,3613.0
2019,Turnover,By Country,UA,Ukraine,Europe,CHF Millions,1196.0
2019,Turnover,By Country,AE,United Arab Emirates,Asia,CHF Millions,4442.0
2019,Turnover,By Country,GB,United Kingdom,Europe,CHF Millions,31704.0
2019,Turnover,By Country,US,United States,North America,CHF Millions,203820.9
2019,Turnover,By Country,UY,Uruguay,Central and South America,CHF Millions,351.5
2019,Turnover,By Country,VE,Venezuela,Central and South America,CHF Millions,39.3
2019,Turnover,By Country,VN,Viet Nam,Asia,CHF Millions,1894.3
2019,Turnover,By Economic Activity,B,Banks,Services,CHF Millions,32752.1
2019,Turnover,By Economic Activity,CUK,Chemicals and plastics,Manufacturing,CHF Millions,145082.2
2019,Turnover,By Economic Activity,EEOU,"Electronics, energy, optical and watchmaking",Manufacturing,CHF Millions,80330.8
2019,Turnover,By Economic Activity,FUH,Finance and holding companies,Services,CHF Millions,38850.5
2019,Turnover,By Economic Activity,V,Insurance companies,Services,CHF Millions,98326.5
2019,Turnover,By Economic Activity,MUM,Metals and machinery,Manufacturing,CHF Millions,69761.6
2019,Turnover,By Economic Activity,UIB,Other manufacturing and construction,Manufacturing,CHF Millions,154630.5
2019,Turnover,By Economic Activity,DU,Other services,Services,CHF Millions,35417.0
2019,Turnover,By Economic Activity,T0,Total,Manufacturing,CHF Millions,449805.1
2019,Turnover,By Economic Activity,T1,Total,Services,CHF Millions,299518.2
2019,Turnover,By Economic Activity,D0_2,Total,All / Total,CHF Millions,749323.4
2019,Turnover,By Economic Activity,H,Trade,Services,CHF Millions,68615.8
2019,Turnover,By Economic Activity,TUK,Transportation and communications,Services,CHF Millions,25556.3
2020,Number of enterprises,By Country,AR,Argentina,Central and South America,Count,131
2020,Number of enterprises,By Country,AU,Australia,Oceania,Count,272
2020,Number of enterprises,By Country,AT,Austria,Europe,Count,317
2020,Number of enterprises,By Country,BD,Bangladesh,Asia,Count,10
2020,Number of enterprises,By Country,BE,Belgium,Europe,Count,376
2020,Number of enterprises,By Country,BO,Bolivia,Central and South America,Count,9
2020,Number of enterprises,By Country,BA,Bosnia and Herzegovina,Europe,Count,15
2020,Number of enterprises,By Country,BR,Brazil,Central and South America,Count,256
2020,Number of enterprises,By Country,BG,Bulgaria,Europe,Count,59
2020,Number of enterprises,By Country,CM,Cameroon,Africa,Count,9
2020,Number of enterprises,By Country,CA,Canada,North America,Count,282
2020,Number of enterprises,By Country,CL,Chile,Central and South America,Count,153
2020,Number of enterprises,By Country,CN,China,Asia,Count,724
2020,Number of enterprises,By Country,CO,Colombia,Central and South America,Count,97
2020,Number of enterprises,By Country,CR,Costa Rica,Central and South America,Count,15
2020,Number of enterprises,By Country,HR,Croatia,Europe,Count,55
2020,Number of enterprises,By Country,CY,Cyprus,Europe,Count,42
2020,Number of enterprises,By Country,CZ,Czechia,Europe,Count,145
2020,Number of enterprises,By Country,CI,Côte d’Ivoire,Africa,Count,19
2020,Number of enterprises,By Country,DK,Denmark,Europe,Count,123
2020,Number of enterprises,By Country,B3,EU,Europe,Count,9393.5
2020,Number of enterprises,By Country,EC,Ecuador,Central and South America,Count,43
2020,Number of enterprises,By Country,EG,Egypt,Africa,Count,52
2020,Number of enterprises,By Country,EE,Estonia,Europe,Count,16
2020,Number of enterprises,By Country,FI,Finland,Europe,Count,115
2020,Number of enterprises,By Country,FR,France,Europe,Count,2605
2020,Number of enterprises,By Country,DE,Germany,Europe,Count,1715
2020,Number of enterprises,By Country,GR,Greece,Europe,Count,64
2020,Number of enterprises,By Country,GT,Guatemala,Central and South America,Count,14
2020,Number of enterprises,By Country,HK,Hong Kong,Asia,Count,235
2020,Number of enterprises,By Country,HU,Hungary,Europe,Count,134
2020,Number of enterprises,By Country,IN,India,Asia,Count,250
2020,Number of enterprises,By Country,ID,Indonesia,Asia,Count,84
2020,Number of enterprises,By Country,IE,Ireland,Europe,Count,128
2020,Number of enterprises,By Country,IL,Israel,Asia,Count,50
2020,Number of enterprises,By Country,IT,Italy,Europe,Count,900
2020,Number of enterprises,By Country,JP,Japan,Asia,Count,301
2020,Number of enterprises,By Country,JO,Jordan,Asia,Count,11
2020,Number of enterprises,By Country,KE,Kenya,Africa,Count,27
2020,Number of enterprises,By Country,KR,"Korea, Republic of (South Korea)",Asia,Count,96
2020,Number of enterprises,By Country,LV,Latvia,Europe,Count,21
2020,Number of enterprises,By Country,LB,Lebanon,Asia,Count,16
2020,Number of enterprises,By Country,LT,Lithuania,Europe,Count,24
2020,Number of enterprises,By Country,LU,Luxembourg,Europe,Count,319
2020,Number of enterprises,By Country,MY,Malaysia,Asia,Count,181
2020,Number of enterprises,By Country,MU,Mauritius,Africa,Count,15
2020,Number of enterprises,By Country,MX,Mexico,Central and South America,Count,303
2020,Number of enterprises,By Country,MA,Morocco,Africa,Count,42
2020,Number of enterprises,By Country,NL,Netherlands,Europe,Count,512
2020,Number of enterprises,By Country,NZ,New Zealand,Oceania,Count,88
2020,Number of enterprises,By Country,NG,Nigeria,Africa,Count,27
2020,Number of enterprises,By Country,NO,Norway,Europe,Count,206
2020,Number of enterprises,By Country,S21,Offshore financial centres in Europe,Europe,Count,144
2020,Number of enterprises,By Country,G9,Other European countries,Europe,Count,1928
2020,Number of enterprises,By Country,PK,Pakistan,Asia,Count,18
2020,Number of enterprises,By Country,PA,Panama,Central and South America,Count,71
2020,Number of enterprises,By Country,PE,Peru,Central and South America,Count,59
2020,Number of enterprises,By Country,PH,Philippines,Asia,Count,88
2020,Number of enterprises,By Country,PL,Poland,Europe,Count,252
2020,Number of enterprises,By Country,PT,Portugal,Europe,Count,117.5
2020,Number of enterprises,By Country,QA,Qatar,Asia,Count,17
2020,Number of enterprises,By Country,RO,Romania,Europe,Count,132
2020,Number of enterprises,By Country,RU,Russia,Europe,Count,180
2020,Number of enterprises,By Country,SA,Saudi Arabia,Asia,Count,39
2020,Number of enterprises,By Country,RS,Serbia,Europe,Count,46
2020,Number of enterprises,By Country,SG,Singapore,Asia,Count,270
2020,Number of enterprises,By Country,SK,Slovakia,Europe,Count,71
2020,Number of enterprises,By Country,ZA,South Africa,Africa,Count,101
2020,Number of enterprises,By Country,ES,Spain,Europe,Count,735
2020,Number of enterprises,By Country,LK,Sri Lanka,Asia,Count,11
2020,Number of enterprises,By Country,SE,Sweden,Europe,Count,333
2020,Number of enterprises,By Country,TW,Taiwan,Asia,Count,92
2020,Number of enterprises,By Country,TZ,Tanzania,Africa,Count,10
2020,Number of enterprises,By Country,TH,Thailand,Asia,Count,130
2020,Number of enterprises,By Country,T0,Total,All / Total,Count,19571.5
2020,Number of enterprises,By Country,T1,Total,Europe,Count,11321.5
2020,Number of enterprises,By Country,S22,Total,Europe,Count,61
2020,Number of enterprises,By Country,T2,Total,North America,Count,2767
2020,Number of enterprises,By Country,T3,Total,Central and South America,Count,1671
2020,Number of enterprises,By Country,S19,Total,Central and South America,Count,410
2020,Number of enterprises,By Country,T4,Total,Asia,Count,2956
2020,Number of enterprises,By Country,T5,Total,Africa,Count,487
2020,Number of enterprises,By Country,T6,Total,Oceania,Count,369
2020,Number of enterprises,By Country,TN,Tunisia,Africa,Count,36
2020,Number of enterprises,By Country,TR,Turkey,Europe,Count,140
2020,Number of enterprises,By Country,UA,Ukraine,Europe,Count,50
2020,Number of enterprises,By Country,AE,United Arab Emirates,Asia,Count,114
2020,Number of enterprises,By Country,GB,United Kingdom,Europe,Count,1093
2020,Number of enterprises,By Country,US,United States,North America,Count,2485
2020,Number of enterprises,By Country,UY,Uruguay,Central and South America,Count,55
2020,Number of enterprises,By Country,VE,Venezuela,Central and South America,Count,30
2020,Number of enterprises,By Country,VN,Viet Nam,Asia,Count,53
2020,Number of enterprises,By Economic Activity,B,Banks,Services,Count,1365
2020,Number of enterprises,By Economic Activity,CUK,Chemicals and plastics,Manufacturing,Count,1630
2020,Number of enterprises,By Economic Activity,EEOU,"Electronics, energy, optical and watchmaking",Manufacturing,Count,2167
2020,Number of enterprises,By Economic Activity,FUH,Finance and holding companies,Services,Count,998
2020,Number of enterprises,By Economic Activity,V,Insurance companies,Services,Count,930
2020,Number of enterprises,By Economic Activity,MUM,Metals and machinery,Manufacturing,Count,2393
2020,Number of enterprises,By Economic Activity,UIB,Other manufacturing and construction,Manufacturing,Count,2510
2020,Number of enterprises,By Economic Activity,DU,Other services,Services,Count,5635.5
2020,Number of enterprises,By Economic Activity,T0,Total,Manufacturing,Count,8700
2020,Number of enterprises,By Economic Activity,T1,Total,Services,Count,10871.5
2020,Number of enterprises,By Economic Activity,D0_2,Total,All / Total,Count,19571.5
2020,Number of enterprises,By Economic Activity,H,Trade,Services,Count,1410
2020,Number of enterprises,By Economic Activity,TUK,Transportation and communications,Services,Count,533
2020,Number of staff,By Country,AR,Argentina,Central and South America,Persons (in thousands),13745.0
2020,Number of staff,By Country,AU,Australia,Oceania,Persons (in thousands),23936.0
2020,Number of staff,By Country,AT,Austria,Europe,Persons (in thousands),37840.8
2020,Number of staff,By Country,BD,Bangladesh,Asia,Persons (in thousands),3088.3
2020,Number of staff,By Country,BE,Belgium,Europe,Persons (in thousands),20885.4
2020,Number of staff,By Country,BO,Bolivia,Central and South America,Persons (in thousands),708
2020,Number of staff,By Country,BA,Bosnia and Herzegovina,Europe,Persons (in thousands),455
2020,Number of staff,By Country,BR,Brazil,Central and South America,Persons (in thousands),74915.8
2020,Number of staff,By Country,BG,Bulgaria,Europe,Persons (in thousands),9678
2020,Number of staff,By Country,CM,Cameroon,Africa,Persons (in thousands),835
2020,Number of staff,By Country,CA,Canada,North America,Persons (in thousands),31709.7
2020,Number of staff,By Country,CL,Chile,Central and South America,Persons (in thousands),17382.2
2020,Number of staff,By Country,CN,China,Asia,Persons (in thousands),159916.9
2020,Number of staff,By Country,CO,Colombia,Central and South America,Persons (in thousands),12266.2
2020,Number of staff,By Country,CR,Costa Rica,Central and South America,Persons (in thousands),2706.5
2020,Number of staff,By Country,HR,Croatia,Europe,Persons (in thousands),3893.9
2020,Number of staff,By Country,CY,Cyprus,Europe,Persons (in thousands),291
2020,Number of staff,By Country,CZ,Czechia,Europe,Persons (in thousands),27443.9
2020,Number of staff,By Country,CI,Côte d’Ivoire,Africa,Persons (in thousands),3113.0
2020,Number of staff,By Country,DK,Denmark,Europe,Persons (in thousands),5432.7
2020,Number of staff,By Country,B3,EU,Europe,Persons (in thousands),787453.7
2020,Number of staff,By Country,EC,Ecuador,Central and South America,Persons (in thousands),5420.6
2020,Number of staff,By Country,EG,Egypt,Africa,Persons (in thousands),9330.9
2020,Number of staff,By Country,EE,Estonia,Europe,Persons (in thousands),1966.4
2020,Number of staff,By Country,FI,Finland,Europe,Persons (in thousands),8426.6
2020,Number of staff,By Country,FR,France,Europe,Persons (in thousands),111916.9
2020,Number of staff,By Country,DE,Germany,Europe,Persons (in thousands),256553.1
2020,Number of staff,By Country,GR,Greece,Europe,Persons (in thousands),7167.3
2020,Number of staff,By Country,GT,Guatemala,Central and South America,Persons (in thousands),1849
2020,Number of staff,By Country,HK,Hong Kong,Asia,Persons (in thousands),17914.4
2020,Number of staff,By Country,HU,Hungary,Europe,Persons (in thousands),19800.2
2020,Number of staff,By Country,IN,India,Asia,Persons (in thousands),93598.5
2020,Number of staff,By Country,ID,Indonesia,Asia,Persons (in thousands),16796.5
2020,Number of staff,By Country,IE,Ireland,Europe,Persons (in thousands),8056.9
2020,Number of staff,By Country,IL,Israel,Asia,Persons (in thousands),5662.6
2020,Number of staff,By Country,IT,Italy,Europe,Persons (in thousands),54607.0
2020,Number of staff,By Country,JP,Japan,Asia,Persons (in thousands),35947.0
2020,Number of staff,By Country,JO,Jordan,Asia,Persons (in thousands),1932
2020,Number of staff,By Country,KE,Kenya,Africa,Persons (in thousands),2042
2020,Number of staff,By Country,KR,"Korea, Republic of (South Korea)",Asia,Persons (in thousands),10707.2
2020,Number of staff,By Country,LV,Latvia,Europe,Persons (in thousands),2172.9
2020,Number of staff,By Country,LB,Lebanon,Asia,Persons (in thousands),811
2020,Number of staff,By Country,LT,Lithuania,Europe,Persons (in thousands),1111.3
2020,Number of staff,By Country,LU,Luxembourg,Europe,Persons (in thousands),5138.1
2020,Number of staff,By Country,MY,Malaysia,Asia,Persons (in thousands),24876
2020,Number of staff,By Country,MU,Mauritius,Africa,Persons (in thousands),314
2020,Number of staff,By Country,MX,Mexico,Central and South America,Persons (in thousands),42483.5
2020,Number of staff,By Country,MA,Morocco,Africa,Persons (in thousands),6716.7
2020,Number of staff,By Country,NL,Netherlands,Europe,Persons (in thousands),24209.6
2020,Number of staff,By Country,NZ,New Zealand,Oceania,Persons (in thousands),3505.8
2020,Number of staff,By Country,NG,Nigeria,Africa,Persons (in thousands),7100
2020,Number of staff,By Country,NO,Norway,Europe,Persons (in thousands),7734.2
2020,Number of staff,By Country,S19,Offshore financial centres in Central and South America,Central and South America,Persons (in thousands),4466
2020,Number of staff,By Country,S21,Offshore financial centres in Europe,Europe,Persons (in thousands),827.0
2020,Number of staff,By Country,G9,Other European countries,Europe,Persons (in thousands),174194.6
2020,Number of staff,By Country,PK,Pakistan,Asia,Persons (in thousands),6722.2
2020,Number of staff,By Country,PA,Panama,Central and South America,Persons (in thousands),3214.6
2020,Number of staff,By Country,PE,Peru,Central and South America,Persons (in thousands),8270.5
2020,Number of staff,By Country,PH,Philippines,Asia,Persons (in thousands),12417.3
2020,Number of staff,By Country,PL,Poland,Europe,Persons (in thousands),57508.3
2020,Number of staff,By Country,PT,Portugal,Europe,Persons (in thousands),9371.8
2020,Number of staff,By Country,QA,Qatar,Asia,Persons (in thousands),933
2020,Number of staff,By Country,RO,Romania,Europe,Persons (in thousands),18372.2
2020,Number of staff,By Country,RU,Russia,Europe,Persons (in thousands),40821.9
2020,Number of staff,By Country,SA,Saudi Arabia,Asia,Persons (in thousands),10344
2020,Number of staff,By Country,RS,Serbia,Europe,Persons (in thousands),5377
2020,Number of staff,By Country,SG,Singapore,Asia,Persons (in thousands),25097.4
2020,Number of staff,By Country,SK,Slovakia,Europe,Persons (in thousands),8515.0
2020,Number of staff,By Country,ZA,South Africa,Africa,Persons (in thousands),12735.3
2020,Number of staff,By Country,ES,Spain,Europe,Persons (in thousands),48866.1
2020,Number of staff,By Country,LK,Sri Lanka,Asia,Persons (in thousands),1380
2020,Number of staff,By Country,SE,Sweden,Europe,Persons (in thousands),19796.9
2020,Number of staff,By Country,TW,Taiwan,Asia,Persons (in thousands),18113.2
2020,Number of staff,By Country,TZ,Tanzania,Africa,Persons (in thousands),691
2020,Number of staff,By Country,TH,Thailand,Asia,Persons (in thousands),27046.6
2020,Number of staff,By Country,T0,Total,All / Total,Persons (in thousands),2099072.9
2020,Number of staff,By Country,T1,Total,Europe,Persons (in thousands),961648.2
2020,Number of staff,By Country,T2,Total,North America,Persons (in thousands),340575.0
2020,Number of staff,By Country,T3,Total,Central and South America,Persons (in thousands),193400.3
2020,Number of staff,By Country,T4,Total,Asia,Persons (in thousands),517234.7
2020,Number of staff,By Country,T5,Total,Africa,Persons (in thousands),58105.9
2020,Number of staff,By Country,T6,Total,Oceania,Persons (in thousands),28108.7
2020,Number of staff,By Country,TN,Tunisia,Africa,Persons (in thousands),4098
2020,Number of staff,By Country,TR,Turkey,Europe,Persons (in thousands),17138.6
2020,Number of staff,By Country,UA,Ukraine,Europe,Persons (in thousands),11629.3
2020,Number of staff,By Country,AE,United Arab Emirates,Asia,Persons (in thousands),11023.8
2020,Number of staff,By Country,GB,United Kingdom,Europe,Persons (in thousands),84877.3
2020,Number of staff,By Country,US,United States,North America,Persons (in thousands),308865.3
2020,Number of staff,By Country,UY,Uruguay,Central and South America,Persons (in thousands),849.7
2020,Number of staff,By Country,VE,Venezuela,Central and South America,Persons (in thousands),2548
2020,Number of staff,By Country,VN,Viet Nam,Asia,Persons (in thousands),18200
2020,Number of staff,By Economic Activity,B,Banks,Services,Persons (in thousands),96587.1
2020,Number of staff,By Economic Activity,CUK,Chemicals and plastics,Manufacturing,Persons (in thousands),281463.8
2020,Number of staff,By Economic Activity,EEOU,"Electronics, energy, optical and watchmaking",Manufacturing,Persons (in thousands),211711
2020,Number of staff,By Economic Activity,FUH,Finance and holding companies,Services,Persons (in thousands),146698
2020,Number of staff,By Economic Activity,V,Insurance companies,Services,Persons (in thousands),107876.7
2020,Number of staff,By Economic Activity,MUM,Metals and machinery,Manufacturing,Persons (in thousands),328310.9
2020,Number of staff,By Economic Activity,UIB,Other manufacturing and construction,Manufacturing,Persons (in thousands),514110.1
2020,Number of staff,By Economic Activity,DU,Other services,Services,Persons (in thousands),142636.9
2020,Number of staff,By Economic Activity,T0,Total,Manufacturing,Persons (in thousands),1335595.8
2020,Number of staff,By Economic Activity,T1,Total,Services,Persons (in thousands),763477.1
2020,Number of staff,By Economic Activity,D0_2,Total,All / Total,Persons (in thousands),2099072.9
2020,Number of staff,By Economic Activity,H,Trade,Services,Persons (in thousands),162932.0
2020,Number of staff,By Economic Activity,TUK,Transportation and communications,Services,Persons (in thousands),106746.4
2020,Turnover,By Country,AR,Argentina,Central and South America,CHF Millions,2835.3
2020,Turnover,By Country,AU,Australia,Oceania,CHF Millions,12270.5
2020,Turnover,By Country,AT,Austria,Europe,CHF Millions,11152.2
2020,Turnover,By Country,BD,Bangladesh,Asia,CHF Millions,445.9
2020,Turnover,By Country,BE,Belgium,Europe,CHF Millions,8829.8
2020,Turnover,By Country,BO,Bolivia,Central and South America,CHF Millions,104.5
2020,Turnover,By Country,BA,Bosnia and Herzegovina,Europe,CHF Millions,94.1
2020,Turnover,By Country,BR,Brazil,Central and South America,CHF Millions,12569.1
2020,Turnover,By Country,BG,Bulgaria,Europe,CHF Millions,753.7
2020,Turnover,By Country,CM,Cameroon,Africa,CHF Millions,153.2
2020,Turnover,By Country,CA,Canada,North America,CHF Millions,12542.8
2020,Turnover,By Country,CL,Chile,Central and South America,CHF Millions,2976.3
2020,Turnover,By Country,CN,China,Asia,CHF Millions,44741.1
2020,Turnover,By Country,CO,Colombia,Central and South America,CHF Millions,1941.0
2020,Turnover,By Country,CR,Costa Rica,Central and South America,CHF Millions,401.4
2020,Turnover,By Country,HR,Croatia,Europe,CHF Millions,1037.5
2020,Turnover,By Country,CY,Cyprus,Europe,CHF Millions,112.0
2020,Turnover,By Country,CZ,Czechia,Europe,CHF Millions,4191.9
2020,Turnover,By Country,CI,Côte d’Ivoire,Africa,CHF Millions,229.6
2020,Turnover,By Country,DK,Denmark,Europe,CHF Millions,2770.4
2020,Turnover,By Country,B3,EU,Europe,CHF Millions,239207.6
2020,Turnover,By Country,EC,Ecuador,Central and South America,CHF Millions,1040.2
2020,Turnover,By Country,EG,Egypt,Africa,CHF Millions,1453.9
2020,Turnover,By Country,EE,Estonia,Europe,CHF Millions,124.8
2020,Turnover,By Country,FI,Finland,Europe,CHF Millions,2441.6
2020,Turnover,By Country,FR,France,Europe,CHF Millions,43434.4
2020,Turnover,By Country,DE,Germany,Europe,CHF Millions,71266.4
2020,Turnover,By Country,GR,Greece,Europe,CHF Millions,2247.1
2020,Turnover,By Country,GT,Guatemala,Central and South America,CHF Millions,272.4
2020,Turnover,By Country,HK,Hong Kong,Asia,CHF Millions,8178.5
2020,Turnover,By Country,HU,Hungary,Europe,CHF Millions,3037.3
2020,Turnover,By Country,IN,India,Asia,CHF Millions,9280.6
2020,Turnover,By Country,ID,Indonesia,Asia,CHF Millions,3770.9
2020,Turnover,By Country,IE,Ireland,Europe,CHF Millions,3060.9
2020,Turnover,By Country,IL,Israel,Asia,CHF Millions,1744.9
2020,Turnover,By Country,IT,Italy,Europe,CHF Millions,24619.9
2020,Turnover,By Country,JP,Japan,Asia,CHF Millions,19895.3
2020,Turnover,By Country,JO,Jordan,Asia,CHF Millions,323.4
2020,Turnover,By Country,KE,Kenya,Africa,CHF Millions,477.5
2020,Turnover,By Country,KR,"Korea, Republic of (South Korea)",Asia,CHF Millions,5180.9
2020,Turnover,By Country,LV,Latvia,Europe,CHF Millions,301.7
2020,Turnover,By Country,LB,Lebanon,Asia,CHF Millions,223.6
2020,Turnover,By Country,LT,Lithuania,Europe,CHF Millions,332.1
2020,Turnover,By Country,LU,Luxembourg,Europe,CHF Millions,13714.7
2020,Turnover,By Country,MY,Malaysia,Asia,CHF Millions,5035.1
2020,Turnover,By Country,MU,Mauritius,Africa,CHF Millions,70.5
2020,Turnover,By Country,MX,Mexico,Central and South America,CHF Millions,8314.0
2020,Turnover,By Country,MA,Morocco,Africa,CHF Millions,753.9
2020,Turnover,By Country,NL,Netherlands,Europe,CHF Millions,8365.5
2020,Turnover,By Country,NZ,New Zealand,Oceania,CHF Millions,1235.1
2020,Turnover,By Country,NG,Nigeria,Africa,CHF Millions,1863.1
2020,Turnover,By Country,NO,Norway,Europe,CHF Millions,4172.7
2020,Turnover,By Country,S21,Offshore financial centres in Europe,Europe,CHF Millions,1616.5
2020,Turnover,By Country,G9,Other European countries,Europe,CHF Millions,47799.8
2020,Turnover,By Country,PK,Pakistan,Asia,CHF Millions,1102.3
2020,Turnover,By Country,PA,Panama,Central and South America,CHF Millions,821.9
2020,Turnover,By Country,PE,Peru,Central and South America,CHF Millions,1218.8
2020,Turnover,By Country,PH,Philippines,Asia,CHF Millions,3908.4
2020,Turnover,By Country,PL,Poland,Europe,CHF Millions,7786.5
2020,Turnover,By Country,PT,Portugal,Europe,CHF Millions,2204.0
2020,Turnover,By Country,QA,Qatar,Asia,CHF Millions,334.9
2020,Turnover,By Country,RO,Romania,Europe,CHF Millions,4545.5
2020,Turnover,By Country,RU,Russia,Europe,CHF Millions,8001.7
2020,Turnover,By Country,SA,Saudi Arabia,Asia,CHF Millions,1593.4
2020,Turnover,By Country,RS,Serbia,Europe,CHF Millions,1278.1
2020,Turnover,By Country,SG,Singapore,Asia,CHF Millions,14927.4
2020,Turnover,By Country,SK,Slovakia,Europe,CHF Millions,1340.1
2020,Turnover,By Country,ZA,South Africa,Africa,CHF Millions,3541.9
2020,Turnover,By Country,ES,Spain,Europe,CHF Millions,14759.4
2020,Turnover,By Country,LK,Sri Lanka,Asia,CHF Millions,189.8
2020,Turnover,By Country,SE,Sweden,Europe,CHF Millions,5483.6
2020,Turnover,By Country,TW,Taiwan,Asia,CHF Millions,4103.9
2020,Turnover,By Country,TZ,Tanzania,Africa,CHF Millions,100.0
2020,Turnover,By Country,TH,Thailand,Asia,CHF Millions,6786.5
2020,Turnover,By Country,T0,Total,All / Total,CHF Millions,710019.3
2020,Turnover,By Country,T1,Total,Europe,CHF Millions,287007.4
2020,Turnover,By Country,S22,Total,Europe,CHF Millions,758.5
2020,Turnover,By Country,T2,Total,North America,CHF Millions,208066.9
2020,Turnover,By Country,T3,Total,Central and South America,CHF Millions,49584.8
2020,Turnover,By Country,S19,Total,Central and South America,CHF Millions,16172.5
2020,Turnover,By Country,T4,Total,Asia,CHF Millions,140494.6
2020,Turnover,By Country,T5,Total,Africa,CHF Millions,11265.9
2020,Turnover,By Country,T6,Total,Oceania,CHF Millions,13598.6
2020,Turnover,By Country,TN,Tunisia,Africa,CHF Millions,292.9
2020,Turnover,By Country,TR,Turkey,Europe,CHF Millions,3461.5
2020,Turnover,By Country,UA,Ukraine,Europe,CHF Millions,1130.4
2020,Turnover,By Country,AE,United Arab Emirates,Asia,CHF Millions,3922.1
2020,Turnover,By Country,GB,United Kingdom,Europe,CHF Millions,27360.8
2020,Turnover,By Country,US,United States,North America,CHF Millions,195524.0
2020,Turnover,By Country,UY,Uruguay,Central and South America,CHF Millions,419.5
2020,Turnover,By Country,VE,Venezuela,Central and South America,CHF Millions,14.2
2020,Turnover,By Country,VN,Viet Nam,Asia,CHF Millions,1827.2
2020,Turnover,By Economic Activity,B,Banks,Services,CHF Millions,34577.2
2020,Turnover,By Economic Activity,CUK,Chemicals and plastics,Manufacturing,CHF Millions,136909.1
2020,Turnover,By Economic Activity,EEOU,"Electronics, energy, optical and watchmaking",Manufacturing,CHF Millions,74785.2
2020,Turnover,By Economic Activity,FUH,Finance and holding companies,Services,CHF Millions,40421.7
2020,Turnover,By Economic Activity,V,Insurance companies,Services,CHF Millions,102855.5
2020,Turnover,By Economic Activity,MUM,Metals and machinery,Manufacturing,CHF Millions,61998.3
2020,Turnover,By Economic Activity,UIB,Other manufacturing and construction,Manufacturing,CHF Millions,148622.0
2020,Turnover,By Economic Activity,DU,Other services,Services,CHF Millions,29274.2
2020,Turnover,By Economic Activity,T0,Total,Manufacturing,CHF Millions,422314.6
2020,Turnover,By Economic Activity,T1,Total,Services,CHF Millions,287704.7
2020,Turnover,By Economic Activity,D0_2,Total,All / Total,CHF Millions,710019.3
2020,Turnover,By Economic Activity,H,Trade,Services,CHF Millions,56167.1
2020,Turnover,By Economic Activity,TUK,Transportation and communications,Services,CHF Millions,24409.0
2021,Number of enterprises,By Country,AR,Argentina,Central and South America,Count,133
2021,Number of enterprises,By Country,AU,Australia,Oceania,Count,285
2021,Number of enterprises,By Country,AT,Austria,Europe,Count,321
2021,Number of enterprises,By Country,BD,Bangladesh,Asia,Count,11
2021,Number of enterprises,By Country,BE,Belgium,Europe,Count,392
2021,Number of enterprises,By Country,BO,Bolivia,Central and South America,Count,10
2021,Number of enterprises,By Country,BA,Bosnia and Herzegovina,Europe,Count,19
2021,Number of enterprises,By Country,BR,Brazil,Central and South America,Count,274
2021,Number of enterprises,By Country,BG,Bulgaria,Europe,Count,76
2021,Number of enterprises,By Country,CM,Cameroon,Africa,Count,17
2021,Number of enterprises,By Country,CA,Canada,North America,Count,285
2021,Number of enterprises,By Country,CL,Chile,Central and South America,Count,180
2021,Number of enterprises,By Country,CN,China,Asia,Count,749
2021,Number of enterprises,By Country,CO,Colombia,Central and South America,Count,99
2021,Number of enterprises,By Country,CR,Costa Rica,Central and South America,Count,19
2021,Number of enterprises,By Country,HR,Croatia,Europe,Count,52
2021,Number of enterprises,By Country,CY,Cyprus,Europe,Count,74
2021,Number of enterprises,By Country,CZ,Czechia,Europe,Count,205
2021,Number of enterprises,By Country,CI,Côte d’Ivoire,Africa,Count,38
2021,Number of enterprises,By Country,DK,Denmark,Europe,Count,121
2021,Number of enterprises,By Country,B3,EU,Europe,Count,9759
2021,Number of enterprises,By Country,EC,Ecuador,Central and South America,Count,49
2021,Number of enterprises,By Country,EG,Egypt,Africa,Count,55
2021,Number of enterprises,By Country,EE,Estonia,Europe,Count,19
2021,Number of enterprises,By Country,FI,Finland,Europe,Count,102
2021,Number of enterprises,By Country,FR,France,Europe,Count,2494
2021,Number of enterprises,By Country,DE,Germany,Europe,Count,1801
2021,Number of enterprises,By Country,GR,Greece,Europe,Count,64
2021,Number of enterprises,By Country,GT,Guatemala,Central and South America,Count,14
2021,Number of enterprises,By Country,HK,Hong Kong,Asia,Count,248
2021,Number of enterprises,By Country,HU,Hungary,Europe,Count,141
2021,Number of enterprises,By Country,IN,India,Asia,Count,259
2021,Number of enterprises,By Country,ID,Indonesia,Asia,Count,88
2021,Number of enterprises,By Country,IE,Ireland,Europe,Count,130
2021,Number of enterprises,By Country,IL,Israel,Asia,Count,52
2021,Number of enterprises,By Country,IT,Italy,Europe,Count,954
2021,Number of enterprises,By Country,JP,Japan,Asia,Count,288
2021,Number of enterprises,By Country,JO,Jordan,Asia,Count,11
2021,Number of enterprises,By Country,KE,Kenya,Africa,Count,41
2021,Number of enterprises,By Country,KR,"Korea, Republic of (South Korea)",Asia,Count,106
2021,Number of enterprises,By Country,LV,Latvia,Europe,Count,25
2021,Number of enterprises,By Country,LB,Lebanon,Asia,Count,16
2021,Number of enterprises,By Country,LT,Lithuania,Europe,Count,29
2021,Number of enterprises,By Country,LU,Luxembourg,Europe,Count,295
2021,Number of enterprises,By Country,MY,Malaysia,Asia,Count,176
2021,Number of enterprises,By Country,MU,Mauritius,Africa,Count,18
2021,Number of enterprises,By Country,MX,Mexico,Central and South America,Count,264
2021,Number of enterprises,By Country,MA,Morocco,Africa,Count,46
2021,Number of enterprises,By Country,NL,Netherlands,Europe,Count,615
2021,Number of enterprises,By Country,NZ,New Zealand,Oceania,Count,92
2021,Number of enterprises,By Country,NG,Nigeria,Africa,Count,41
2021,Number of enterprises,By Country,NO,Norway,Europe,Count,229
2021,Number of enterprises,By Country,S21,Offshore financial centres in Europe,Europe,Count,139
2021,Number of enterprises,By Country,G9,Other European countries,Europe,Count,1759
2021,Number of enterprises,By Country,PK,Pakistan,Asia,Count,19
2021,Number of enterprises,By Country,PA,Panama,Central and South America,Count,72
2021,Number of enterprises,By Country,PE,Peru,Central and South America,Count,61
2021,Number of enterprises,By Country,PH,Philippines,Asia,Count,79
2021,Number of enterprises,By Country,PL,Poland,Europe,Count,259
2021,Number of enterprises,By Country,PT,Portugal,Europe,Count,129
2021,Number of enterprises,By Country,QA,Qatar,Asia,Count,20
2021,Number of enterprises,By Country,RO,Romania,Europe,Count,136
2021,Number of enterprises,By Country,RU,Russia,Europe,Count,188
2021,Number of enterprises,By Country,SA,Saudi Arabia,Asia,Count,45
2021,Number of enterprises,By Country,RS,Serbia,Europe,Count,51
2021,Number of enterprises,By Country,SG,Singapore,Asia,Count,269
2021,Number of enterprises,By Country,SK,Slovakia,Europe,Count,87
2021,Number of enterprises,By Country,ZA,South Africa,Africa,Count,126
2021,Number of enterprises,By Country,ES,Spain,Europe,Count,789
2021,Number of enterprises,By Country,LK,Sri Lanka,Asia,Count,11
2021,Number of enterprises,By Country,SE,Sweden,Europe,Count,366
2021,Number of enterprises,By Country,TW,Taiwan,Asia,Count,97
2021,Number of enterprises,By Country,TZ,Tanzania,Africa,Count,19
2021,Number of enterprises,By Country,TH,Thailand,Asia,Count,134
2021,Number of enterprises,By Country,T0,Total,All / Total,Count,20087
2021,Number of enterprises,By Country,T1,Total,Europe,Count,11518
2021,Number of enterprises,By Country,S22,Total,Europe,Count,73
2021,Number of enterprises,By Country,T2,Total,North America,Count,2709
2021,Number of enterprises,By Country,T3,Total,Central and South America,Count,1712
2021,Number of enterprises,By Country,S19,Total,Central and South America,Count,406
2021,Number of enterprises,By Country,T4,Total,Asia,Count,3045
2021,Number of enterprises,By Country,T5,Total,Africa,Count,716
2021,Number of enterprises,By Country,T6,Total,Oceania,Count,387
2021,Number of enterprises,By Country,TN,Tunisia,Africa,Count,39
2021,Number of enterprises,By Country,TR,Turkey,Europe,Count,152
2021,Number of enterprises,By Country,UA,Ukraine,Europe,Count,56
2021,Number of enterprises,By Country,AE,United Arab Emirates,Asia,Count,124
2021,Number of enterprises,By Country,GB,United Kingdom,Europe,Count,861
2021,Number of enterprises,By Country,US,United States,North America,Count,2424
2021,Number of enterprises,By Country,UY,Uruguay,Central and South America,Count,57
2021,Number of enterprises,By Country,VE,Venezuela,Central and South America,Count,31
2021,Number of enterprises,By Country,VN,Viet Nam,Asia,Count,64
2021,Number of enterprises,By Economic Activity,B,Banks,Services,Count,1285
2021,Number of enterprises,By Economic Activity,CUK,Chemicals and plastics,Manufacturing,Count,1533
2021,Number of enterprises,By Economic Activity,EEOU,"Electronics, energy, optical and watchmaking",Manufacturing,Count,1997
2021,Number of enterprises,By Economic Activity,FUH,Finance and holding companies,Services,Count,1211
2021,Number of enterprises,By Economic Activity,V,Insurance companies,Services,Count,967
2021,Number of enterprises,By Economic Activity,MUM,Metals and machinery,Manufacturing,Count,2490
2021,Number of enterprises,By Economic Activity,UIB,Other manufacturing and construction,Manufacturing,Count,2530
2021,Number of enterprises,By Economic Activity,DU,Other services,Services,Count,5380
2021,Number of enterprises,By Economic Activity,T0,Total,Manufacturing,Count,8550
2021,Number of enterprises,By Economic Activity,T1,Total,Services,Count,11537
2021,Number of enterprises,By Economic Activity,D0_2,Total,All / Total,Count,20087
2021,Number of enterprises,By Economic Activity,H,Trade,Services,Count,1542
2021,Number of enterprises,By Economic Activity,TUK,Transportation and communications,Services,Count,1152
2021,Number of staff,By Country,AR,Argentina,Central and South America,Persons (in thousands),13677.9
2021,Number of staff,By Country,AU,Australia,Oceania,Persons (in thousands),23857.7
2021,Number of staff,By Country,AT,Austria,Europe,Persons (in thousands),41388.5
2021,Number of staff,By Country,BD,Bangladesh,Asia,Persons (in thousands),3088.8
2021,Number of staff,By Country,BE,Belgium,Europe,Persons (in thousands),22315.0
2021,Number of staff,By Country,BO,Bolivia,Central and South America,Persons (in thousands),715
2021,Number of staff,By Country,BA,Bosnia and Herzegovina,Europe,Persons (in thousands),479.8
2021,Number of staff,By Country,BR,Brazil,Central and South America,Persons (in thousands),80531.4
2021,Number of staff,By Country,BG,Bulgaria,Europe,Persons (in thousands),10572.5
2021,Number of staff,By Country,CM,Cameroon,Africa,Persons (in thousands),945
2021,Number of staff,By Country,CA,Canada,North America,Persons (in thousands),32807.0
2021,Number of staff,By Country,CL,Chile,Central and South America,Persons (in thousands),19372.8
2021,Number of staff,By Country,CN,China,Asia,Persons (in thousands),165721.6
2021,Number of staff,By Country,CO,Colombia,Central and South America,Persons (in thousands),13125.8
2021,Number of staff,By Country,CR,Costa Rica,Central and South America,Persons (in thousands),3052
2021,Number of staff,By Country,HR,Croatia,Europe,Persons (in thousands),3876.1
2021,Number of staff,By Country,CY,Cyprus,Europe,Persons (in thousands),22105
2021,Number of staff,By Country,CZ,Czechia,Europe,Persons (in thousands),28214.3
2021,Number of staff,By Country,CI,Côte d’Ivoire,Africa,Persons (in thousands),3933.1
2021,Number of staff,By Country,DK,Denmark,Europe,Persons (in thousands),5716.1
2021,Number of staff,By Country,B3,EU,Europe,Persons (in thousands),861473.5
2021,Number of staff,By Country,EC,Ecuador,Central and South America,Persons (in thousands),5503.6
2021,Number of staff,By Country,EG,Egypt,Africa,Persons (in thousands),10068.9
2021,Number of staff,By Country,EE,Estonia,Europe,Persons (in thousands),1896
2021,Number of staff,By Country,FI,Finland,Europe,Persons (in thousands),8722.6
2021,Number of staff,By Country,FR,France,Europe,Persons (in thousands),118582.9
2021,Number of staff,By Country,DE,Germany,Europe,Persons (in thousands),271571.6
2021,Number of staff,By Country,GR,Greece,Europe,Persons (in thousands),7816.7
2021,Number of staff,By Country,GT,Guatemala,Central and South America,Persons (in thousands),2105
2021,Number of staff,By Country,HK,Hong Kong,Asia,Persons (in thousands),17663.9
2021,Number of staff,By Country,HU,Hungary,Europe,Persons (in thousands),19876.8
2021,Number of staff,By Country,IN,India,Asia,Persons (in thousands),105682.1
2021,Number of staff,By Country,ID,Indonesia,Asia,Persons (in thousands),16128.5
2021,Number of staff,By Country,IE,Ireland,Europe,Persons (in thousands),8497.3
2021,Number of staff,By Country,IL,Israel,Asia,Persons (in thousands),5834.4
2021,Number of staff,By Country,IT,Italy,Europe,Persons (in thousands),61810.4
2021,Number of staff,By Country,JP,Japan,Asia,Persons (in thousands),37383.3
2021,Number of staff,By Country,JO,Jordan,Asia,Persons (in thousands),1853.4
2021,Number of staff,By Country,KE,Kenya,Africa,Persons (in thousands),2315
2021,Number of staff,By Country,KR,"Korea, Republic of (South Korea)",Asia,Persons (in thousands),10939.0
2021,Number of staff,By Country,LV,Latvia,Europe,Persons (in thousands),2497.2
2021,Number of staff,By Country,LB,Lebanon,Asia,Persons (in thousands),886
2021,Number of staff,By Country,LT,Lithuania,Europe,Persons (in thousands),1431.2
2021,Number of staff,By Country,LU,Luxembourg,Europe,Persons (in thousands),5387.7
2021,Number of staff,By Country,MY,Malaysia,Asia,Persons (in thousands),25260
2021,Number of staff,By Country,MU,Mauritius,Africa,Persons (in thousands),252
2021,Number of staff,By Country,MX,Mexico,Central and South America,Persons (in thousands),51158.4
2021,Number of staff,By Country,MA,Morocco,Africa,Persons (in thousands),8081.8
2021,Number of staff,By Country,NL,Netherlands,Europe,Persons (in thousands),25900.9
2021,Number of staff,By Country,NZ,New Zealand,Oceania,Persons (in thousands),3224.2
2021,Number of staff,By Country,NG,Nigeria,Africa,Persons (in thousands),8218
2021,Number of staff,By Country,NO,Norway,Europe,Persons (in thousands),8074.7
2021,Number of staff,By Country,S19,Offshore financial centres in Central and South America,Central and South America,Persons (in thousands),4688.3
2021,Number of staff,By Country,S21,Offshore financial centres in Europe,Europe,Persons (in thousands),815.6
2021,Number of staff,By Country,G9,Other European countries,Europe,Persons (in thousands),180474.8
2021,Number of staff,By Country,PK,Pakistan,Asia,Persons (in thousands),6819.5
2021,Number of staff,By Country,PA,Panama,Central and South America,Persons (in thousands),3286
2021,Number of staff,By Country,PE,Peru,Central and South America,Persons (in thousands),8860.5
2021,Number of staff,By Country,PH,Philippines,Asia,Persons (in thousands),13320.9
2021,Number of staff,By Country,PL,Poland,Europe,Persons (in thousands),59031.1
2021,Number of staff,By Country,PT,Portugal,Europe,Persons (in thousands),10446.5
2021,Number of staff,By Country,QA,Qatar,Asia,Persons (in thousands),1236
2021,Number of staff,By Country,RO,Romania,Europe,Persons (in thousands),19306.2
2021,Number of staff,By Country,RU,Russia,Europe,Persons (in thousands),41986.9
2021,Number of staff,By Country,SA,Saudi Arabia,Asia,Persons (in thousands),11462
2021,Number of staff,By Country,RS,Serbia,Europe,Persons (in thousands),7166.1
2021,Number of staff,By Country,SG,Singapore,Asia,Persons (in thousands),25200.8
2021,Number of staff,By Country,SK,Slovakia,Europe,Persons (in thousands),8774.5
2021,Number of staff,By Country,ZA,South Africa,Africa,Persons (in thousands),13425.8
2021,Number of staff,By Country,ES,Spain,Europe,Persons (in thousands),55358.3
2021,Number of staff,By Country,LK,Sri Lanka,Asia,Persons (in thousands),1387
2021,Number of staff,By Country,SE,Sweden,Europe,Persons (in thousands),21480.9
2021,Number of staff,By Country,TW,Taiwan,Asia,Persons (in thousands),20367.8
2021,Number of staff,By Country,TZ,Tanzania,Africa,Persons (in thousands),617
2021,Number of staff,By Country,TH,Thailand,Asia,Persons (in thousands),26536
2021,Number of staff,By Country,T0,Total,All / Total,Persons (in thousands),2238361.6
2021,Number of staff,By Country,T1,Total,Europe,Persons (in thousands),1041948.3
2021,Number of staff,By Country,T2,Total,North America,Persons (in thousands),349491.9
2021,Number of staff,By Country,T3,Total,Central and South America,Persons (in thousands),213611.2
2021,Number of staff,By Country,T4,Total,Asia,Persons (in thousands),541088.6
2021,Number of staff,By Country,T5,Total,Africa,Persons (in thousands),64464.6
2021,Number of staff,By Country,T6,Total,Oceania,Persons (in thousands),27757.0
2021,Number of staff,By Country,TN,Tunisia,Africa,Persons (in thousands),4478
2021,Number of staff,By Country,TR,Turkey,Europe,Persons (in thousands),21476.9
2021,Number of staff,By Country,UA,Ukraine,Europe,Persons (in thousands),11899
2021,Number of staff,By Country,AE,United Arab Emirates,Asia,Persons (in thousands),11914.8
2021,Number of staff,By Country,GB,United Kingdom,Europe,Persons (in thousands),82575.3
2021,Number of staff,By Country,US,United States,North America,Persons (in thousands),316684.9
2021,Number of staff,By Country,UY,Uruguay,Central and South America,Persons (in thousands),916.5
2021,Number of staff,By Country,VE,Venezuela,Central and South America,Persons (in thousands),2323
2021,Number of staff,By Country,VN,Viet Nam,Asia,Persons (in thousands),17392
2021,Number of staff,By Economic Activity,B,Banks,Services,Persons (in thousands),98474.8
2021,Number of staff,By Economic Activity,CUK,Chemicals and plastics,Manufacturing,Persons (in thousands),287829.1
2021,Number of staff,By Economic Activity,EEOU,"Electronics, energy, optical and watchmaking",Manufacturing,Persons (in thousands),217923
2021,Number of staff,By Economic Activity,FUH,Finance and holding companies,Services,Persons (in thousands),173998.6
2021,Number of staff,By Economic Activity,V,Insurance companies,Services,Persons (in thousands),110175.6
2021,Number of staff,By Economic Activity,MUM,Metals and machinery,Manufacturing,Persons (in thousands),334726.6
2021,Number of staff,By Economic Activity,UIB,Other manufacturing and construction,Manufacturing,Persons (in thousands),520368.3
2021,Number of staff,By Economic Activity,DU,Other services,Services,Persons (in thousands),154035
2021,Number of staff,By Economic Activity,T0,Total,Manufacturing,Persons (in thousands),1360846.9
2021,Number of staff,By Economic Activity,T1,Total,Services,Persons (in thousands),877514.7
2021,Number of staff,By Economic Activity,D0_2,Total,All / Total,Persons (in thousands),2238361.6
2021,Number of staff,By Economic Activity,H,Trade,Services,Persons (in thousands),173818.3
2021,Number of staff,By Economic Activity,TUK,Transportation and communications,Services,Persons (in thousands),167012.4
2021,Turnover,By Country,AR,Argentina,Central and South America,CHF Millions,3196.6
2021,Turnover,By Country,AU,Australia,Oceania,CHF Millions,13805.4
2021,Turnover,By Country,AT,Austria,Europe,CHF Millions,15816.0
2021,Turnover,By Country,BD,Bangladesh,Asia,CHF Millions,508.9
2021,Turnover,By Country,BE,Belgium,Europe,CHF Millions,11444.1
2021,Turnover,By Country,BO,Bolivia,Central and South America,CHF Millions,98.6
2021,Turnover,By Country,BA,Bosnia and Herzegovina,Europe,CHF Millions,98.1
2021,Turnover,By Country,BR,Brazil,Central and South America,CHF Millions,14139.8
2021,Turnover,By Country,BG,Bulgaria,Europe,CHF Millions,1290.3
2021,Turnover,By Country,CM,Cameroon,Africa,CHF Millions,167.9
2021,Turnover,By Country,CA,Canada,North America,CHF Millions,14705.5
2021,Turnover,By Country,CL,Chile,Central and South America,CHF Millions,3334.7
2021,Turnover,By Country,CN,China,Asia,CHF Millions,52498.2
2021,Turnover,By Country,CO,Colombia,Central and South America,CHF Millions,2271.3
2021,Turnover,By Country,CR,Costa Rica,Central and South America,CHF Millions,426.9
2021,Turnover,By Country,HR,Croatia,Europe,CHF Millions,1386.9
2021,Turnover,By Country,CY,Cyprus,Europe,CHF Millions,142.7
2021,Turnover,By Country,CZ,Czechia,Europe,CHF Millions,10498.1
2021,Turnover,By Country,CI,Côte d’Ivoire,Africa,CHF Millions,321.5
2021,Turnover,By Country,DK,Denmark,Europe,CHF Millions,3096.2
2021,Turnover,By Country,B3,EU,Europe,CHF Millions,292618.9
2021,Turnover,By Country,EC,Ecuador,Central and South America,CHF Millions,1132.5
2021,Turnover,By Country,EG,Egypt,Africa,CHF Millions,1791.8
2021,Turnover,By Country,EE,Estonia,Europe,CHF Millions,138.7
2021,Turnover,By Country,FI,Finland,Europe,CHF Millions,2490.3
2021,Turnover,By Country,FR,France,Europe,CHF Millions,50809.7
2021,Turnover,By Country,DE,Germany,Europe,CHF Millions,80700.4
2021,Turnover,By Country,GR,Greece,Europe,CHF Millions,2610.4
2021,Turnover,By Country,GT,Guatemala,Central and South America,CHF Millions,321.9
2021,Turnover,By Country,HK,Hong Kong,Asia,CHF Millions,9545.9
2021,Turnover,By Country,HU,Hungary,Europe,CHF Millions,4374.2
2021,Turnover,By Country,IN,India,Asia,CHF Millions,11241.6
2021,Turnover,By Country,ID,Indonesia,Asia,CHF Millions,3953.0
2021,Turnover,By Country,IE,Ireland,Europe,CHF Millions,3411.2
2021,Turnover,By Country,IL,Israel,Asia,CHF Millions,2063.4
2021,Turnover,By Country,IT,Italy,Europe,CHF Millions,31634.8
2021,Turnover,By Country,JP,Japan,Asia,CHF Millions,21668.2
2021,Turnover,By Country,JO,Jordan,Asia,CHF Millions,359.9
2021,Turnover,By Country,KE,Kenya,Africa,CHF Millions,575.0
2021,Turnover,By Country,KR,"Korea, Republic of (South Korea)",Asia,CHF Millions,5970.4
2021,Turnover,By Country,LV,Latvia,Europe,CHF Millions,363.7
2021,Turnover,By Country,LB,Lebanon,Asia,CHF Millions,204.9
2021,Turnover,By Country,LT,Lithuania,Europe,CHF Millions,428.8
2021,Turnover,By Country,LU,Luxembourg,Europe,CHF Millions,16471.9
2021,Turnover,By Country,MY,Malaysia,Asia,CHF Millions,5553.9
2021,Turnover,By Country,MU,Mauritius,Africa,CHF Millions,60.0
2021,Turnover,By Country,MX,Mexico,Central and South America,CHF Millions,10195.5
2021,Turnover,By Country,MA,Morocco,Africa,CHF Millions,898.1
2021,Turnover,By Country,NL,Netherlands,Europe,CHF Millions,9808.5
2021,Turnover,By Country,NZ,New Zealand,Oceania,CHF Millions,1381.8
2021,Turnover,By Country,NG,Nigeria,Africa,CHF Millions,2199.2
2021,Turnover,By Country,NO,Norway,Europe,CHF Millions,4400.8
2021,Turnover,By Country,S21,Offshore financial centres in Europe,Europe,CHF Millions,1957.3
2021,Turnover,By Country,G9,Other European countries,Europe,CHF Millions,55917.8
2021,Turnover,By Country,PK,Pakistan,Asia,CHF Millions,1237.3
2021,Turnover,By Country,PA,Panama,Central and South America,CHF Millions,923.2
2021,Turnover,By Country,PE,Peru,Central and South America,CHF Millions,1342.8
2021,Turnover,By Country,PH,Philippines,Asia,CHF Millions,3919.2
2021,Turnover,By Country,PL,Poland,Europe,CHF Millions,8741.2
2021,Turnover,By Country,PT,Portugal,Europe,CHF Millions,2600.8
2021,Turnover,By Country,QA,Qatar,Asia,CHF Millions,465.6
2021,Turnover,By Country,RO,Romania,Europe,CHF Millions,6043.8
2021,Turnover,By Country,RU,Russia,Europe,CHF Millions,9281.1
2021,Turnover,By Country,SA,Saudi Arabia,Asia,CHF Millions,2627.4
2021,Turnover,By Country,RS,Serbia,Europe,CHF Millions,1307.1
2021,Turnover,By Country,SG,Singapore,Asia,CHF Millions,17127.7
2021,Turnover,By Country,SK,Slovakia,Europe,CHF Millions,1825.8
2021,Turnover,By Country,ZA,South Africa,Africa,CHF Millions,3835.2
2021,Turnover,By Country,ES,Spain,Europe,CHF Millions,18544.8
2021,Turnover,By Country,LK,Sri Lanka,Asia,CHF Millions,206.1
2021,Turnover,By Country,SE,Sweden,Europe,CHF Millions,6549.1
2021,Turnover,By Country,TW,Taiwan,Asia,CHF Millions,4630.7
2021,Turnover,By Country,TZ,Tanzania,Africa,CHF Millions,128.5
2021,Turnover,By Country,TH,Thailand,Asia,CHF Millions,6905.9
2021,Turnover,By Country,T0,Total,All / Total,CHF Millions,827278.5
2021,Turnover,By Country,T1,Total,Europe,CHF Millions,348536.7
2021,Turnover,By Country,S22,Total,Europe,CHF Millions,931.2
2021,Turnover,By Country,T2,Total,North America,CHF Millions,231694.8
2021,Turnover,By Country,T3,Total,Central and South America,CHF Millions,58158.4
2021,Turnover,By Country,S19,Total,Central and South America,CHF Millions,17828.1
2021,Turnover,By Country,T4,Total,Asia,CHF Millions,160724.0
2021,Turnover,By Country,T5,Total,Africa,CHF Millions,12789.5
2021,Turnover,By Country,T6,Total,Oceania,CHF Millions,15375.1
2021,Turnover,By Country,TN,Tunisia,Africa,CHF Millions,255.7
2021,Turnover,By Country,TR,Turkey,Europe,CHF Millions,4688.1
2021,Turnover,By Country,UA,Ukraine,Europe,CHF Millions,1447.5
2021,Turnover,By Country,AE,United Arab Emirates,Asia,CHF Millions,5241.8
2021,Turnover,By Country,GB,United Kingdom,Europe,CHF Millions,31883.5
2021,Turnover,By Country,US,United States,North America,CHF Millions,216989.2
2021,Turnover,By Country,UY,Uruguay,Central and South America,CHF Millions,528.4
2021,Turnover,By Country,VE,Venezuela,Central and South America,CHF Millions,26.1
2021,Turnover,By Country,VN,Viet Nam,Asia,CHF Millions,2079.1
2021,Turnover,By Economic Activity,B,Banks,Services,CHF Millions,39115.2
2021,Turnover,By Economic Activity,CUK,Chemicals and plastics,Manufacturing,CHF Millions,148945.6
2021,Turnover,By Economic Activity,EEOU,"Electronics, energy, optical and watchmaking",Manufacturing,CHF Millions,92720.3
2021,Turnover,By Economic Activity,FUH,Finance and holding companies,Services,CHF Millions,57566.9
2021,Turnover,By Economic Activity,V,Insurance companies,Services,CHF Millions,111786.7
2021,Turnover,By Economic Activity,MUM,Metals and machinery,Manufacturing,CHF Millions,70060.8
2021,Turnover,By Economic Activity,UIB,Other manufacturing and construction,Manufacturing,CHF Millions,162649.3
2021,Turnover,By Economic Activity,DU,Other services,Services,CHF Millions,33042.1
2021,Turnover,By Economic Activity,T0,Total,Manufacturing,CHF Millions,474376.0
2021,Turnover,By Economic Activity,T1,Total,Services,CHF Millions,352902.4
2021,Turnover,By Economic Activity,D0_2,Total,All / Total,CHF Millions,827278.5
2021,Turnover,By Economic Activity,H,Trade,Services,CHF Millions,69847.7
2021,Turnover,By Economic Activity,TUK,Transportation and communications,Services,CHF Millions,41543.8
2022,Number of enterprises,By Country,AR,Argentina,Central and South America,Count,131
2022,Number of enterprises,By Country,AU,Australia,Oceania,Count,289
2022,Number of enterprises,By Country,AT,Austria,Europe,Count,338
2022,Number of enterprises,By Country,BD,Bangladesh,Asia,Count,12
2022,Number of enterprises,By Country,BE,Belgium,Europe,Count,420
2022,Number of enterprises,By Country,BO,Bolivia,Central and South America,Count,10
2022,Number of enterprises,By Country,BA,Bosnia and Herzegovina,Europe,Count,17
2022,Number of enterprises,By Country,BR,Brazil,Central and South America,Count,292
2022,Number of enterprises,By Country,BG,Bulgaria,Europe,Count,90
2022,Number of enterprises,By Country,CM,Cameroon,Africa,Count,24
2022,Number of enterprises,By Country,CA,Canada,North America,Count,300
2022,Number of enterprises,By Country,CL,Chile,Central and South America,Count,180
2022,Number of enterprises,By Country,CN,China,Asia,Count,799
2022,Number of enterprises,By Country,CO,Colombia,Central and South America,Count,97
2022,Number of enterprises,By Country,CR,Costa Rica,Central and South America,Count,19
2022,Number of enterprises,By Country,HR,Croatia,Europe,Count,55
2022,Number of enterprises,By Country,CY,Cyprus,Europe,Count,76
2022,Number of enterprises,By Country,CZ,Czechia,Europe,Count,216
2022,Number of enterprises,By Country,CI,Côte d’Ivoire,Africa,Count,41
2022,Number of enterprises,By Country,DK,Denmark,Europe,Count,131
2022,Number of enterprises,By Country,B3,EU,Europe,Count,10471
2022,Number of enterprises,By Country,EC,Ecuador,Central and South America,Count,50
2022,Number of enterprises,By Country,EG,Egypt,Africa,Count,61
2022,Number of enterprises,By Country,EE,Estonia,Europe,Count,27
2022,Number of enterprises,By Country,FI,Finland,Europe,Count,97
2022,Number of enterprises,By Country,FR,France,Europe,Count,2714
2022,Number of enterprises,By Country,DE,Germany,Europe,Count,1866
2022,Number of enterprises,By Country,GR,Greece,Europe,Count,74
2022,Number of enterprises,By Country,GT,Guatemala,Central and South America,Count,12
2022,Number of enterprises,By Country,HK,Hong Kong,Asia,Count,265
2022,Number of enterprises,By Country,HU,Hungary,Europe,Count,148
2022,Number of enterprises,By Country,IN,India,Asia,Count,247
2022,Number of enterprises,By Country,ID,Indonesia,Asia,Count,89
2022,Number of enterprises,By Country,IE,Ireland,Europe,Count,135
2022,Number of enterprises,By Country,IL,Israel,Asia,Count,50
2022,Number of enterprises,By Country,IT,Italy,Europe,Count,1045
2022,Number of enterprises,By Country,JP,Japan,Asia,Count,369
2022,Number of enterprises,By Country,JO,Jordan,Asia,Count,12
2022,Number of enterprises,By Country,KE,Kenya,Africa,Count,41
2022,Number of enterprises,By Country,KR,"Korea, Republic of (South Korea)",Asia,Count,98
2022,Number of enterprises,By Country,LV,Latvia,Europe,Count,26
2022,Number of enterprises,By Country,LB,Lebanon,Asia,Count,16
2022,Number of enterprises,By Country,LT,Lithuania,Europe,Count,31
2022,Number of enterprises,By Country,LU,Luxembourg,Europe,Count,350
2022,Number of enterprises,By Country,MY,Malaysia,Asia,Count,174
2022,Number of enterprises,By Country,MU,Mauritius,Africa,Count,16
2022,Number of enterprises,By Country,MX,Mexico,Central and South America,Count,262
2022,Number of enterprises,By Country,MA,Morocco,Africa,Count,67
2022,Number of enterprises,By Country,NL,Netherlands,Europe,Count,653
2022,Number of enterprises,By Country,NZ,New Zealand,Oceania,Count,99
2022,Number of enterprises,By Country,NG,Nigeria,Africa,Count,39
2022,Number of enterprises,By Country,NO,Norway,Europe,Count,245
2022,Number of enterprises,By Country,S21,Offshore financial centres in Europe,Europe,Count,137
2022,Number of enterprises,By Country,G9,Other European countries,Europe,Count,1819
2022,Number of enterprises,By Country,PK,Pakistan,Asia,Count,19
2022,Number of enterprises,By Country,PA,Panama,Central and South America,Count,70
2022,Number of enterprises,By Country,PE,Peru,Central and South America,Count,57
2022,Number of enterprises,By Country,PH,Philippines,Asia,Count,79
2022,Number of enterprises,By Country,PL,Poland,Europe,Count,282
2022,Number of enterprises,By Country,PT,Portugal,Europe,Count,158
2022,Number of enterprises,By Country,QA,Qatar,Asia,Count,27
2022,Number of enterprises,By Country,RO,Romania,Europe,Count,146
2022,Number of enterprises,By Country,RU,Russia,Europe,Count,210
2022,Number of enterprises,By Country,SA,Saudi Arabia,Asia,Count,44
2022,Number of enterprises,By Country,RS,Serbia,Europe,Count,65
2022,Number of enterprises,By Country,SG,Singapore,Asia,Count,261
2022,Number of enterprises,By Country,SK,Slovakia,Europe,Count,82
2022,Number of enterprises,By Country,ZA,South Africa,Africa,Count,135
2022,Number of enterprises,By Country,ES,Spain,Europe,Count,848
2022,Number of enterprises,By Country,LK,Sri Lanka,Asia,Count,12
2022,Number of enterprises,By Country,SE,Sweden,Europe,Count,372
2022,Number of enterprises,By Country,TW,Taiwan,Asia,Count,99
2022,Number of enterprises,By Country,TZ,Tanzania,Africa,Count,16
2022,Number of enterprises,By Country,TH,Thailand,Asia,Count,136
2022,Number of enterprises,By Country,T0,Total,All / Total,Count,21045
2022,Number of enterprises,By Country,T1,Total,Europe,Count,12290
2022,Number of enterprises,By Country,S22,Total,Europe,Count,84
2022,Number of enterprises,By Country,T2,Total,North America,Count,2690
2022,Number of enterprises,By Country,T3,Total,Central and South America,Count,1698
2022,Number of enterprises,By Country,S19,Total,Central and South America,Count,391
2022,Number of enterprises,By Country,T4,Total,Asia,Count,3202
2022,Number of enterprises,By Country,T5,Total,Africa,Count,766
2022,Number of enterprises,By Country,T6,Total,Oceania,Count,399
2022,Number of enterprises,By Country,TN,Tunisia,Africa,Count,40
2022,Number of enterprises,By Country,TR,Turkey,Europe,Count,157
2022,Number of enterprises,By Country,UA,Ukraine,Europe,Count,53
2022,Number of enterprises,By Country,AE,United Arab Emirates,Asia,Count,141
2022,Number of enterprises,By Country,GB,United Kingdom,Europe,Count,869
2022,Number of enterprises,By Country,US,United States,North America,Count,2390
2022,Number of enterprises,By Country,UY,Uruguay,Central and South America,Count,51
2022,Number of enterprises,By Country,VE,Venezuela,Central and South America,Count,26
2022,Number of enterprises,By Country,VN,Viet Nam,Asia,Count,63
2022,Number of enterprises,By Economic Activity,B,Banks,Services,Count,1323
2022,Number of enterprises,By Economic Activity,CUK,Chemicals and plastics,Manufacturing,Count,1475
2022,Number of enterprises,By Economic Activity,EEOU,"Electronics, energy, optical and watchmaking",Manufacturing,Count,2240
2022,Number of enterprises,By Economic Activity,FUH,Finance and holding companies,Services,Count,1308
2022,Number of enterprises,By Economic Activity,V,Insurance companies,Services,Count,963
2022,Number of enterprises,By Economic Activity,MUM,Metals and machinery,Manufacturing,Count,2411
2022,Number of enterprises,By Economic Activity,UIB,Other manufacturing and construction,Manufacturing,Count,2550
2022,Number of enterprises,By Economic Activity,DU,Other services,Services,Count,5704
2022,Number of enterprises,By Economic Activity,T0,Total,Manufacturing,Count,8676
2022,Number of enterprises,By Economic Activity,T1,Total,Services,Count,12369
2022,Number of enterprises,By Economic Activity,D0_2,Total,All / Total,Count,21045
2022,Number of enterprises,By Economic Activity,H,Trade,Services,Count,1837
2022,Number of enterprises,By Economic Activity,TUK,Transportation and communications,Services,Count,1234
2022,Number of staff,By Country,AR,Argentina,Central and South America,Persons (in thousands),11437.5
2022,Number of staff,By Country,AU,Australia,Oceania,Persons (in thousands),27106.5
2022,Number of staff,By Country,AT,Austria,Europe,Persons (in thousands),42130.0
2022,Number of staff,By Country,BD,Bangladesh,Asia,Persons (in thousands),3132.7
2022,Number of staff,By Country,BE,Belgium,Europe,Persons (in thousands),26060.3
2022,Number of staff,By Country,BO,Bolivia,Central and South America,Persons (in thousands),726
2022,Number of staff,By Country,BA,Bosnia and Herzegovina,Europe,Persons (in thousands),485
2022,Number of staff,By Country,BR,Brazil,Central and South America,Persons (in thousands),92413.9
2022,Number of staff,By Country,BG,Bulgaria,Europe,Persons (in thousands),11292.9
2022,Number of staff,By Country,CM,Cameroon,Africa,Persons (in thousands),3592
2022,Number of staff,By Country,CA,Canada,North America,Persons (in thousands),33377.2
2022,Number of staff,By Country,CL,Chile,Central and South America,Persons (in thousands),19474.9
2022,Number of staff,By Country,CN,China,Asia,Persons (in thousands),168369.1
2022,Number of staff,By Country,CO,Colombia,Central and South America,Persons (in thousands),13813.4
2022,Number of staff,By Country,CR,Costa Rica,Central and South America,Persons (in thousands),3298
2022,Number of staff,By Country,HR,Croatia,Europe,Persons (in thousands),4084
2022,Number of staff,By Country,CY,Cyprus,Europe,Persons (in thousands),24344
2022,Number of staff,By Country,CZ,Czechia,Europe,Persons (in thousands),28032.8
2022,Number of staff,By Country,CI,Côte d’Ivoire,Africa,Persons (in thousands),8221.2
2022,Number of staff,By Country,DK,Denmark,Europe,Persons (in thousands),6043.3
2022,Number of staff,By Country,B3,EU,Europe,Persons (in thousands),907956.2
2022,Number of staff,By Country,EC,Ecuador,Central and South America,Persons (in thousands),5706.5
2022,Number of staff,By Country,EG,Egypt,Africa,Persons (in thousands),16480
2022,Number of staff,By Country,EE,Estonia,Europe,Persons (in thousands),1889.5
2022,Number of staff,By Country,FI,Finland,Europe,Persons (in thousands),9007.0
2022,Number of staff,By Country,FR,France,Europe,Persons (in thousands),122494.0
2022,Number of staff,By Country,DE,Germany,Europe,Persons (in thousands),277762.7
2022,Number of staff,By Country,GR,Greece,Europe,Persons (in thousands),10156.6
2022,Number of staff,By Country,GT,Guatemala,Central and South America,Persons (in thousands),2073
2022,Number of staff,By Country,HK,Hong Kong,Asia,Persons (in thousands),17725.5
2022,Number of staff,By Country,HU,Hungary,Europe,Persons (in thousands),20866.2
2022,Number of staff,By Country,IN,India,Asia,Persons (in thousands),99038.6
2022,Number of staff,By Country,ID,Indonesia,Asia,Persons (in thousands),19238.5
2022,Number of staff,By Country,IE,Ireland,Europe,Persons (in thousands),8808.3
2022,Number of staff,By Country,IL,Israel,Asia,Persons (in thousands),6381.2
2022,Number of staff,By Country,IT,Italy,Europe,Persons (in thousands),64289.7
2022,Number of staff,By Country,JP,Japan,Asia,Persons (in thousands),38530.6
2022,Number of staff,By Country,JO,Jordan,Asia,Persons (in thousands),1785.5
2022,Number of staff,By Country,KE,Kenya,Africa,Persons (in thousands),3194
2022,Number of staff,By Country,KR,"Korea, Republic of (South Korea)",Asia,Persons (in thousands),11908
2022,Number of staff,By Country,LV,Latvia,Europe,Persons (in thousands),3704.7
2022,Number of staff,By Country,LB,Lebanon,Asia,Persons (in thousands),850
2022,Number of staff,By Country,LT,Lithuania,Europe,Persons (in thousands),1533
2022,Number of staff,By Country,LU,Luxembourg,Europe,Persons (in thousands),5814.3
2022,Number of staff,By Country,MY,Malaysia,Asia,Persons (in thousands),26559.3
2022,Number of staff,By Country,MU,Mauritius,Africa,Persons (in thousands),289
2022,Number of staff,By Country,MX,Mexico,Central and South America,Persons (in thousands),55607
2022,Number of staff,By Country,MA,Morocco,Africa,Persons (in thousands),8503.1
2022,Number of staff,By Country,NL,Netherlands,Europe,Persons (in thousands),28126.4
2022,Number of staff,By Country,NZ,New Zealand,Oceania,Persons (in thousands),3943.5
2022,Number of staff,By Country,NG,Nigeria,Africa,Persons (in thousands),9105
2022,Number of staff,By Country,NO,Norway,Europe,Persons (in thousands),8200.3
2022,Number of staff,By Country,S19,Offshore financial centres in Central and South America,Central and South America,Persons (in thousands),5153.1
2022,Number of staff,By Country,S21,Offshore financial centres in Europe,Europe,Persons (in thousands),525.4
2022,Number of staff,By Country,G9,Other European countries,Europe,Persons (in thousands),196202.4
2022,Number of staff,By Country,PK,Pakistan,Asia,Persons (in thousands),6857
2022,Number of staff,By Country,PA,Panama,Central and South America,Persons (in thousands),3275
2022,Number of staff,By Country,PE,Peru,Central and South America,Persons (in thousands),7891.7
2022,Number of staff,By Country,PH,Philippines,Asia,Persons (in thousands),13050
2022,Number of staff,By Country,PL,Poland,Europe,Persons (in thousands),61683.0
2022,Number of staff,By Country,PT,Portugal,Europe,Persons (in thousands),10763.8
2022,Number of staff,By Country,QA,Qatar,Asia,Persons (in thousands),1428
2022,Number of staff,By Country,RO,Romania,Europe,Persons (in thousands),20719.1
2022,Number of staff,By Country,RU,Russia,Europe,Persons (in thousands),56337.9
2022,Number of staff,By Country,SA,Saudi Arabia,Asia,Persons (in thousands),10556
2022,Number of staff,By Country,RS,Serbia,Europe,Persons (in thousands),8166.3
2022,Number of staff,By Country,SG,Singapore,Asia,Persons (in thousands),26102.8
2022,Number of staff,By Country,SK,Slovakia,Europe,Persons (in thousands),8836.2
2022,Number of staff,By Country,ZA,South Africa,Africa,Persons (in thousands),15093.6
2022,Number of staff,By Country,ES,Spain,Europe,Persons (in thousands),58573.7
2022,Number of staff,By Country,LK,Sri Lanka,Asia,Persons (in thousands),1428
2022,Number of staff,By Country,SE,Sweden,Europe,Persons (in thousands),21806.3
2022,Number of staff,By Country,TW,Taiwan,Asia,Persons (in thousands),21708.2
2022,Number of staff,By Country,TZ,Tanzania,Africa,Persons (in thousands),879
2022,Number of staff,By Country,TH,Thailand,Asia,Persons (in thousands),28321
2022,Number of staff,By Country,T0,Total,All / Total,Persons (in thousands),2358003.1
2022,Number of staff,By Country,T1,Total,Europe,Persons (in thousands),1104158.6
2022,Number of staff,By Country,T2,Total,North America,Persons (in thousands),353906.9
2022,Number of staff,By Country,T3,Total,Central and South America,Persons (in thousands),229711.4
2022,Number of staff,By Country,T4,Total,Asia,Persons (in thousands),547041.4
2022,Number of staff,By Country,T5,Total,Africa,Persons (in thousands),91403.6
2022,Number of staff,By Country,T6,Total,Oceania,Persons (in thousands),31781.0
2022,Number of staff,By Country,TN,Tunisia,Africa,Persons (in thousands),3941
2022,Number of staff,By Country,TR,Turkey,Europe,Persons (in thousands),21006.4
2022,Number of staff,By Country,UA,Ukraine,Europe,Persons (in thousands),10236.1
2022,Number of staff,By Country,AE,United Arab Emirates,Asia,Persons (in thousands),11757.3
2022,Number of staff,By Country,GB,United Kingdom,Europe,Persons (in thousands),85840.3
2022,Number of staff,By Country,US,United States,North America,Persons (in thousands),320529.8
2022,Number of staff,By Country,UY,Uruguay,Central and South America,Persons (in thousands),915
2022,Number of staff,By Country,VE,Venezuela,Central and South America,Persons (in thousands),2192
2022,Number of staff,By Country,VN,Viet Nam,Asia,Persons (in thousands),16719
2022,Number of staff,By Economic Activity,B,Banks,Services,Persons (in thousands),100783.0
2022,Number of staff,By Economic Activity,CUK,Chemicals and plastics,Manufacturing,Persons (in thousands),288939.3
2022,Number of staff,By Economic Activity,EEOU,"Electronics, energy, optical and watchmaking",Manufacturing,Persons (in thousands),227274.0
2022,Number of staff,By Economic Activity,FUH,Finance and holding companies,Services,Persons (in thousands),175304.8
2022,Number of staff,By Economic Activity,V,Insurance companies,Services,Persons (in thousands),119598.4
2022,Number of staff,By Economic Activity,MUM,Metals and machinery,Manufacturing,Persons (in thousands),348426.8
2022,Number of staff,By Economic Activity,UIB,Other manufacturing and construction,Manufacturing,Persons (in thousands),517616.0
2022,Number of staff,By Economic Activity,DU,Other services,Services,Persons (in thousands),160733
2022,Number of staff,By Economic Activity,T0,Total,Manufacturing,Persons (in thousands),1382256.1
2022,Number of staff,By Economic Activity,T1,Total,Services,Persons (in thousands),975746.9
2022,Number of staff,By Economic Activity,D0_2,Total,All / Total,Persons (in thousands),2358003.1
2022,Number of staff,By Economic Activity,H,Trade,Services,Persons (in thousands),216955.6
2022,Number of staff,By Economic Activity,TUK,Transportation and communications,Services,Persons (in thousands),202372.1
2022,Turnover,By Country,AR,Argentina,Central and South America,CHF Millions,3911.9
2022,Turnover,By Country,AU,Australia,Oceania,CHF Millions,15072.2
2022,Turnover,By Country,AT,Austria,Europe,CHF Millions,19804.1
2022,Turnover,By Country,BD,Bangladesh,Asia,CHF Millions,543.6
2022,Turnover,By Country,BE,Belgium,Europe,CHF Millions,13199.5
2022,Turnover,By Country,BO,Bolivia,Central and South America,CHF Millions,112.4
2022,Turnover,By Country,BA,Bosnia and Herzegovina,Europe,CHF Millions,143.5
2022,Turnover,By Country,BR,Brazil,Central and South America,CHF Millions,20858.1
2022,Turnover,By Country,BG,Bulgaria,Europe,CHF Millions,2965.6
2022,Turnover,By Country,CM,Cameroon,Africa,CHF Millions,205.5
2022,Turnover,By Country,CA,Canada,North America,CHF Millions,16347.2
2022,Turnover,By Country,CL,Chile,Central and South America,CHF Millions,3458.2
2022,Turnover,By Country,CN,China,Asia,CHF Millions,50864.9
2022,Turnover,By Country,CO,Colombia,Central and South America,CHF Millions,2558.6
2022,Turnover,By Country,CR,Costa Rica,Central and South America,CHF Millions,454.3
2022,Turnover,By Country,HR,Croatia,Europe,CHF Millions,2954.4
2022,Turnover,By Country,CY,Cyprus,Europe,CHF Millions,412.9
2022,Turnover,By Country,CZ,Czechia,Europe,CHF Millions,7661.2
2022,Turnover,By Country,CI,Côte d’Ivoire,Africa,CHF Millions,352.6
2022,Turnover,By Country,DK,Denmark,Europe,CHF Millions,3543.7
2022,Turnover,By Country,B3,EU,Europe,CHF Millions,328870.4
2022,Turnover,By Country,EC,Ecuador,Central and South America,CHF Millions,1289.9
2022,Turnover,By Country,EG,Egypt,Africa,CHF Millions,2566.5
2022,Turnover,By Country,EE,Estonia,Europe,CHF Millions,170.4
2022,Turnover,By Country,FI,Finland,Europe,CHF Millions,2474.6
2022,Turnover,By Country,FR,France,Europe,CHF Millions,53331.9
2022,Turnover,By Country,DE,Germany,Europe,CHF Millions,85941.5
2022,Turnover,By Country,GR,Greece,Europe,CHF Millions,4738.5
2022,Turnover,By Country,GT,Guatemala,Central and South America,CHF Millions,345.5
2022,Turnover,By Country,HK,Hong Kong,Asia,CHF Millions,9253.6
2022,Turnover,By Country,HU,Hungary,Europe,CHF Millions,6055.7
2022,Turnover,By Country,IN,India,Asia,CHF Millions,11142.0
2022,Turnover,By Country,ID,Indonesia,Asia,CHF Millions,3790.4
2022,Turnover,By Country,IE,Ireland,Europe,CHF Millions,3358.4
2022,Turnover,By Country,IL,Israel,Asia,CHF Millions,1978.4
2022,Turnover,By Country,IT,Italy,Europe,CHF Millions,39597.9
2022,Turnover,By Country,JP,Japan,Asia,CHF Millions,22170.7
2022,Turnover,By Country,JO,Jordan,Asia,CHF Millions,456.4
2022,Turnover,By Country,KE,Kenya,Africa,CHF Millions,537.6
2022,Turnover,By Country,KR,"Korea, Republic of (South Korea)",Asia,CHF Millions,6858.9
2022,Turnover,By Country,LV,Latvia,Europe,CHF Millions,339.5
2022,Turnover,By Country,LB,Lebanon,Asia,CHF Millions,218.6
2022,Turnover,By Country,LT,Lithuania,Europe,CHF Millions,921.2
2022,Turnover,By Country,LU,Luxembourg,Europe,CHF Millions,18271.0
2022,Turnover,By Country,MY,Malaysia,Asia,CHF Millions,6307.8
2022,Turnover,By Country,MU,Mauritius,Africa,CHF Millions,62.5
2022,Turnover,By Country,MX,Mexico,Central and South America,CHF Millions,12114.1
2022,Turnover,By Country,MA,Morocco,Africa,CHF Millions,923.4
2022,Turnover,By Country,NL,Netherlands,Europe,CHF Millions,11654.6
2022,Turnover,By Country,NZ,New Zealand,Oceania,CHF Millions,1490.6
2022,Turnover,By Country,NG,Nigeria,Africa,CHF Millions,2730.3
2022,Turnover,By Country,NO,Norway,Europe,CHF Millions,4367.1
2022,Turnover,By Country,S21,Offshore financial centres in Europe,Europe,CHF Millions,1523.7
2022,Turnover,By Country,G9,Other European countries,Europe,CHF Millions,56293.6
2022,Turnover,By Country,PK,Pakistan,Asia,CHF Millions,1241.3
2022,Turnover,By Country,PA,Panama,Central and South America,CHF Millions,1078.7
2022,Turnover,By Country,PE,Peru,Central and South America,CHF Millions,1236.7
2022,Turnover,By Country,PH,Philippines,Asia,CHF Millions,3909.3
2022,Turnover,By Country,PL,Poland,Europe,CHF Millions,9408.1
2022,Turnover,By Country,PT,Portugal,Europe,CHF Millions,2748.4
2022,Turnover,By Country,QA,Qatar,Asia,CHF Millions,1464.0
2022,Turnover,By Country,RO,Romania,Europe,CHF Millions,7458.5
2022,Turnover,By Country,RU,Russia,Europe,CHF Millions,8205.8
2022,Turnover,By Country,SA,Saudi Arabia,Asia,CHF Millions,2528.6
2022,Turnover,By Country,RS,Serbia,Europe,CHF Millions,1672.7
2022,Turnover,By Country,SG,Singapore,Asia,CHF Millions,18135.3
2022,Turnover,By Country,SK,Slovakia,Europe,CHF Millions,2353.6
2022,Turnover,By Country,ZA,South Africa,Africa,CHF Millions,4020.1
2022,Turnover,By Country,ES,Spain,Europe,CHF Millions,21720.4
2022,Turnover,By Country,LK,Sri Lanka,Asia,CHF Millions,240.5
2022,Turnover,By Country,SE,Sweden,Europe,CHF Millions,6299.7
2022,Turnover,By Country,TW,Taiwan,Asia,CHF Millions,5180.3
2022,Turnover,By Country,TZ,Tanzania,Africa,CHF Millions,138.9
2022,Turnover,By Country,TH,Thailand,Asia,CHF Millions,7301.0
2022,Turnover,By Country,T0,Total,All / Total,CHF Millions,902682.3
2022,Turnover,By Country,T1,Total,Europe,CHF Millions,385164.1
2022,Turnover,By Country,S22,Total,Europe,CHF Millions,1431.1
2022,Turnover,By Country,T2,Total,North America,CHF Millions,256411.5
2022,Turnover,By Country,T3,Total,Central and South America,CHF Millions,65866.9
2022,Turnover,By Country,S19,Total,Central and South America,CHF Millions,14172.1
2022,Turnover,By Country,T4,Total,Asia,CHF Millions,164552.5
2022,Turnover,By Country,T5,Total,Africa,CHF Millions,13912.9
2022,Turnover,By Country,T6,Total,Oceania,CHF Millions,16774.3
2022,Turnover,By Country,TN,Tunisia,Africa,CHF Millions,321.7
2022,Turnover,By Country,TR,Turkey,Europe,CHF Millions,5018.6
2022,Turnover,By Country,UA,Ukraine,Europe,CHF Millions,1035.3
2022,Turnover,By Country,AE,United Arab Emirates,Asia,CHF Millions,5866.2
2022,Turnover,By Country,GB,United Kingdom,Europe,CHF Millions,33518.2
2022,Turnover,By Country,US,United States,North America,CHF Millions,240064.2
2022,Turnover,By Country,UY,Uruguay,Central and South America,CHF Millions,876.4
2022,Turnover,By Country,VE,Venezuela,Central and South America,CHF Millions,21.7
2022,Turnover,By Country,VN,Viet Nam,Asia,CHF Millions,2307.8
2022,Turnover,By Economic Activity,B,Banks,Services,CHF Millions,32452.6
2022,Turnover,By Economic Activity,CUK,Chemicals and plastics,Manufacturing,CHF Millions,148470.5
2022,Turnover,By Economic Activity,EEOU,"Electronics, energy, optical and watchmaking",Manufacturing,CHF Millions,109749.5
2022,Turnover,By Economic Activity,FUH,Finance and holding companies,Services,CHF Millions,62688.6
2022,Turnover,By Economic Activity,V,Insurance companies,Services,CHF Millions,113137.7
2022,Turnover,By Economic Activity,MUM,Metals and machinery,Manufacturing,CHF Millions,78332.6
2022,Turnover,By Economic Activity,UIB,Other manufacturing and construction,Manufacturing,CHF Millions,174690.8
2022,Turnover,By Economic Activity,DU,Other services,Services,CHF Millions,37054.2
2022,Turnover,By Economic Activity,T0,Total,Manufacturing,CHF Millions,511243.4
2022,Turnover,By Economic Activity,T1,Total,Services,CHF Millions,391438.8
2022,Turnover,By Economic Activity,D0_2,Total,All / Total,CHF Millions,902682.3
2022,Turnover,By Economic Activity,H,Trade,Services,CHF Millions,97428.7
2022,Turnover,By Economic Activity,TUK,Transportation and communications,Services,CHF Millions,48677.0
2023,Number of enterprises,By Country,AR,Argentina,Central and South America,Count,122
2023,Number of enterprises,By Country,AU,Australia,Oceania,Count,295
2023,Number of enterprises,By Country,AT,Austria,Europe,Count,357
2023,Number of enterprises,By Country,BD,Bangladesh,Asia,Count,13
2023,Number of enterprises,By Country,BE,Belgium,Europe,Count,402
2023,Number of enterprises,By Country,BO,Bolivia,Central and South America,Count,10
2023,Number of enterprises,By Country,BA,Bosnia and Herzegovina,Europe,Count,23
2023,Number of enterprises,By Country,BR,Brazil,Central and South America,Count,280
2023,Number of enterprises,By Country,BG,Bulgaria,Europe,Count,89
2023,Number of enterprises,By Country,CM,Cameroon,Africa,Count,27
2023,Number of enterprises,By Country,CA,Canada,North America,Count,291
2023,Number of enterprises,By Country,CL,Chile,Central and South America,Count,175
2023,Number of enterprises,By Country,CN,China,Asia,Count,816
2023,Number of enterprises,By Country,CO,Colombia,Central and South America,Count,84
2023,Number of enterprises,By Country,CR,Costa Rica,Central and South America,Count,21
2023,Number of enterprises,By Country,HR,Croatia,Europe,Count,57
2023,Number of enterprises,By Country,CY,Cyprus,Europe,Count,81
2023,Number of enterprises,By Country,CZ,Czechia,Europe,Count,230
2023,Number of enterprises,By Country,CI,Côte d’Ivoire,Africa,Count,41
2023,Number of enterprises,By Country,DK,Denmark,Europe,Count,137
2023,Number of enterprises,By Country,B3,EU,Europe,Count,10706
2023,Number of enterprises,By Country,EC,Ecuador,Central and South America,Count,49
2023,Number of enterprises,By Country,EG,Egypt,Africa,Count,58
2023,Number of enterprises,By Country,EE,Estonia,Europe,Count,30
2023,Number of enterprises,By Country,FI,Finland,Europe,Count,109
2023,Number of enterprises,By Country,FR,France,Europe,Count,2664
2023,Number of enterprises,By Country,DE,Germany,Europe,Count,2056
2023,Number of enterprises,By Country,GR,Greece,Europe,Count,79
2023,Number of enterprises,By Country,GT,Guatemala,Central and South America,Count,13
2023,Number of enterprises,By Country,HK,Hong Kong,Asia,Count,266
2023,Number of enterprises,By Country,HU,Hungary,Europe,Count,159
2023,Number of enterprises,By Country,IN,India,Asia,Count,253
2023,Number of enterprises,By Country,ID,Indonesia,Asia,Count,87
2023,Number of enterprises,By Country,IE,Ireland,Europe,Count,126
2023,Number of enterprises,By Country,IL,Israel,Asia,Count,52
2023,Number of enterprises,By Country,IT,Italy,Europe,Count,1047
2023,Number of enterprises,By Country,JP,Japan,Asia,Count,392
2023,Number of enterprises,By Country,JO,Jordan,Asia,Count,12
2023,Number of enterprises,By Country,KE,Kenya,Africa,Count,41
2023,Number of enterprises,By Country,KR,"Korea, Republic of (South Korea)",Asia,Count,122
2023,Number of enterprises,By Country,LV,Latvia,Europe,Count,31
2023,Number of enterprises,By Country,LB,Lebanon,Asia,Count,15
2023,Number of enterprises,By Country,LT,Lithuania,Europe,Count,35
2023,Number of enterprises,By Country,LU,Luxembourg,Europe,Count,348
2023,Number of enterprises,By Country,MY,Malaysia,Asia,Count,175
2023,Number of enterprises,By Country,MU,Mauritius,Africa,Count,14
2023,Number of enterprises,By Country,MX,Mexico,Central and South America,Count,245
2023,Number of enterprises,By Country,MA,Morocco,Africa,Count,76
2023,Number of enterprises,By Country,NL,Netherlands,Europe,Count,648
2023,Number of enterprises,By Country,NZ,New Zealand,Oceania,Count,101
2023,Number of enterprises,By Country,NG,Nigeria,Africa,Count,36
2023,Number of enterprises,By Country,NO,Norway,Europe,Count,250
2023,Number of enterprises,By Country,S21,Offshore financial centres in Europe,Europe,Count,132
2023,Number of enterprises,By Country,G9,Other European countries,Europe,Count,1780
2023,Number of enterprises,By Country,PK,Pakistan,Asia,Count,20
2023,Number of enterprises,By Country,PA,Panama,Central and South America,Count,70
2023,Number of enterprises,By Country,PE,Peru,Central and South America,Count,60
2023,Number of enterprises,By Country,PH,Philippines,Asia,Count,84
2023,Number of enterprises,By Country,PL,Poland,Europe,Count,287
2023,Number of enterprises,By Country,PT,Portugal,Europe,Count,146
2023,Number of enterprises,By Country,QA,Qatar,Asia,Count,31
2023,Number of enterprises,By Country,RO,Romania,Europe,Count,160
2023,Number of enterprises,By Country,RU,Russia,Europe,Count,207
2023,Number of enterprises,By Country,SA,Saudi Arabia,Asia,Count,43
2023,Number of enterprises,By Country,RS,Serbia,Europe,Count,66
2023,Number of enterprises,By Country,SG,Singapore,Asia,Count,267
2023,Number of enterprises,By Country,SK,Slovakia,Europe,Count,83
2023,Number of enterprises,By Country,ZA,South Africa,Africa,Count,127
2023,Number of enterprises,By Country,ES,Spain,Europe,Count,870
2023,Number of enterprises,By Country,LK,Sri Lanka,Asia,Count,11
2023,Number of enterprises,By Country,SE,Sweden,Europe,Count,383
2023,Number of enterprises,By Country,TW,Taiwan,Asia,Count,96
2023,Number of enterprises,By Country,TZ,Tanzania,Africa,Count,17
2023,Number of enterprises,By Country,TH,Thailand,Asia,Count,133
2023,Number of enterprises,By Country,T0,Total,All / Total,Count,21251
2023,Number of enterprises,By Country,T1,Total,Europe,Count,12486
2023,Number of enterprises,By Country,S22,Total,Europe,Count,96
2023,Number of enterprises,By Country,T2,Total,North America,Count,2696
2023,Number of enterprises,By Country,T3,Total,Central and South America,Count,1603
2023,Number of enterprises,By Country,S19,Total,Central and South America,Count,355
2023,Number of enterprises,By Country,T4,Total,Asia,Count,3302
2023,Number of enterprises,By Country,T5,Total,Africa,Count,759
2023,Number of enterprises,By Country,T6,Total,Oceania,Count,405
2023,Number of enterprises,By Country,TN,Tunisia,Africa,Count,42
2023,Number of enterprises,By Country,TR,Turkey,Europe,Count,152
2023,Number of enterprises,By Country,UA,Ukraine,Europe,Count,51
2023,Number of enterprises,By Country,AE,United Arab Emirates,Asia,Count,155
2023,Number of enterprises,By Country,GB,United Kingdom,Europe,Count,837
2023,Number of enterprises,By Country,US,United States,North America,Count,2405
2023,Number of enterprises,By Country,UY,Uruguay,Central and South America,Count,51
2023,Number of enterprises,By Country,VE,Venezuela,Central and South America,Count,20
2023,Number of enterprises,By Country,VN,Viet Nam,Asia,Count,70
2023,Number of enterprises,By Economic Activity,B,Banks,Services,Count,1216
2023,Number of enterprises,By Economic Activity,CUK,Chemicals and plastics,Manufacturing,Count,1532
2023,Number of enterprises,By Economic Activity,EEOU,"Electronics, energy, optical and watchmaking",Manufacturing,Count,2255
2023,Number of enterprises,By Economic Activity,FUH,Finance and holding companies,Services,Count,1439
2023,Number of enterprises,By Economic Activity,V,Insurance companies,Services,Count,767
2023,Number of enterprises,By Economic Activity,MUM,Metals and machinery,Manufacturing,Count,2513
2023,Number of enterprises,By Economic Activity,UIB,Other manufacturing and construction,Manufacturing,Count,2439
2023,Number of enterprises,By Economic Activity,DU,Other services,Services,Count,5731
2023,Number of enterprises,By Economic Activity,T0,Total,Manufacturing,Count,8739
2023,Number of enterprises,By Economic Activity,T1,Total,Services,Count,12512
2023,Number of enterprises,By Economic Activity,D0_2,Total,All / Total,Count,21251
2023,Number of enterprises,By Economic Activity,H,Trade,Services,Count,2126
2023,Number of enterprises,By Economic Activity,TUK,Transportation and communications,Services,Count,1233
2023,Number of staff,By Country,AR,Argentina,Central and South America,Persons (in thousands),11484.4
2023,Number of staff,By Country,AU,Australia,Oceania,Persons (in thousands),27638.6
2023,Number of staff,By Country,AT,Austria,Europe,Persons (in thousands),46833.8
2023,Number of staff,By Country,BD,Bangladesh,Asia,Persons (in thousands),3186.8
2023,Number of staff,By Country,BE,Belgium,Europe,Persons (in thousands),24151.3
2023,Number of staff,By Country,BO,Bolivia,Central and South America,Persons (in thousands),700
2023,Number of staff,By Country,BA,Bosnia and Herzegovina,Europe,Persons (in thousands),809.3
2023,Number of staff,By Country,BR,Brazil,Central and South America,Persons (in thousands),93511.0
2023,Number of staff,By Country,BG,Bulgaria,Europe,Persons (in thousands),11081.8
2023,Number of staff,By Country,CM,Cameroon,Africa,Persons (in thousands),3250
2023,Number of staff,By Country,CA,Canada,North America,Persons (in thousands),35596.1
2023,Number of staff,By Country,CL,Chile,Central and South America,Persons (in thousands),19582.4
2023,Number of staff,By Country,CN,China,Asia,Persons (in thousands),171945.5
2023,Number of staff,By Country,CO,Colombia,Central and South America,Persons (in thousands),14600.5
2023,Number of staff,By Country,CR,Costa Rica,Central and South America,Persons (in thousands),3784.5
2023,Number of staff,By Country,HR,Croatia,Europe,Persons (in thousands),4329
2023,Number of staff,By Country,CY,Cyprus,Europe,Persons (in thousands),29237
2023,Number of staff,By Country,CZ,Czechia,Europe,Persons (in thousands),30187.9
2023,Number of staff,By Country,CI,Côte d’Ivoire,Africa,Persons (in thousands),8121.0
2023,Number of staff,By Country,DK,Denmark,Europe,Persons (in thousands),7725.5
2023,Number of staff,By Country,B3,EU,Europe,Persons (in thousands),987962.5
2023,Number of staff,By Country,EC,Ecuador,Central and South America,Persons (in thousands),5539.3
2023,Number of staff,By Country,EG,Egypt,Africa,Persons (in thousands),15163
2023,Number of staff,By Country,EE,Estonia,Europe,Persons (in thousands),2065.2
2023,Number of staff,By Country,FI,Finland,Europe,Persons (in thousands),10167.3
2023,Number of staff,By Country,FR,France,Europe,Persons (in thousands),127597.8
2023,Number of staff,By Country,DE,Germany,Europe,Persons (in thousands),303628.4
2023,Number of staff,By Country,GR,Greece,Europe,Persons (in thousands),11327.4
2023,Number of staff,By Country,GT,Guatemala,Central and South America,Persons (in thousands),2123
2023,Number of staff,By Country,HK,Hong Kong,Asia,Persons (in thousands),18406.2
2023,Number of staff,By Country,HU,Hungary,Europe,Persons (in thousands),21349.7
2023,Number of staff,By Country,IN,India,Asia,Persons (in thousands),104266.9
2023,Number of staff,By Country,ID,Indonesia,Asia,Persons (in thousands),19222.2
2023,Number of staff,By Country,IE,Ireland,Europe,Persons (in thousands),8634.9
2023,Number of staff,By Country,IL,Israel,Asia,Persons (in thousands),6346.4
2023,Number of staff,By Country,IT,Italy,Europe,Persons (in thousands),77075.1
2023,Number of staff,By Country,JP,Japan,Asia,Persons (in thousands),37949.5
2023,Number of staff,By Country,JO,Jordan,Asia,Persons (in thousands),2075
2023,Number of staff,By Country,KE,Kenya,Africa,Persons (in thousands),3309
2023,Number of staff,By Country,KR,"Korea, Republic of (South Korea)",Asia,Persons (in thousands),12422.2
2023,Number of staff,By Country,LV,Latvia,Europe,Persons (in thousands),3707
2023,Number of staff,By Country,LB,Lebanon,Asia,Persons (in thousands),792
2023,Number of staff,By Country,LT,Lithuania,Europe,Persons (in thousands),1725.5
2023,Number of staff,By Country,LU,Luxembourg,Europe,Persons (in thousands),6307.4
2023,Number of staff,By Country,MY,Malaysia,Asia,Persons (in thousands),25754.4
2023,Number of staff,By Country,MU,Mauritius,Africa,Persons (in thousands),305
2023,Number of staff,By Country,MX,Mexico,Central and South America,Persons (in thousands),58130.5
2023,Number of staff,By Country,MA,Morocco,Africa,Persons (in thousands),9680.7
2023,Number of staff,By Country,NL,Netherlands,Europe,Persons (in thousands),31118.6
2023,Number of staff,By Country,NZ,New Zealand,Oceania,Persons (in thousands),4940.1
2023,Number of staff,By Country,NG,Nigeria,Africa,Persons (in thousands),9252
2023,Number of staff,By Country,NO,Norway,Europe,Persons (in thousands),8061.4
2023,Number of staff,By Country,S19,Offshore financial centres in Central and South America,Central and South America,Persons (in thousands),3818.9
2023,Number of staff,By Country,S21,Offshore financial centres in Europe,Europe,Persons (in thousands),580.0
2023,Number of staff,By Country,G9,Other European countries,Europe,Persons (in thousands),196449.2
2023,Number of staff,By Country,PK,Pakistan,Asia,Persons (in thousands),6917.6
2023,Number of staff,By Country,PA,Panama,Central and South America,Persons (in thousands),2613
2023,Number of staff,By Country,PE,Peru,Central and South America,Persons (in thousands),8076.5
2023,Number of staff,By Country,PH,Philippines,Asia,Persons (in thousands),13908
2023,Number of staff,By Country,PL,Poland,Europe,Persons (in thousands),63710.0
2023,Number of staff,By Country,PT,Portugal,Europe,Persons (in thousands),11106.9
2023,Number of staff,By Country,QA,Qatar,Asia,Persons (in thousands),1260
2023,Number of staff,By Country,RO,Romania,Europe,Persons (in thousands),21950.1
2023,Number of staff,By Country,RU,Russia,Europe,Persons (in thousands),53894.2
2023,Number of staff,By Country,SA,Saudi Arabia,Asia,Persons (in thousands),9773.5
2023,Number of staff,By Country,RS,Serbia,Europe,Persons (in thousands),8741.9
2023,Number of staff,By Country,SG,Singapore,Asia,Persons (in thousands),27090.1
2023,Number of staff,By Country,SK,Slovakia,Europe,Persons (in thousands),9121.9
2023,Number of staff,By Country,ZA,South Africa,Africa,Persons (in thousands),15559.3
2023,Number of staff,By Country,ES,Spain,Europe,Persons (in thousands),62165.1
2023,Number of staff,By Country,LK,Sri Lanka,Asia,Persons (in thousands),1360
2023,Number of staff,By Country,SE,Sweden,Europe,Persons (in thousands),24442.1
2023,Number of staff,By Country,TW,Taiwan,Asia,Persons (in thousands),20742.7
2023,Number of staff,By Country,TZ,Tanzania,Africa,Persons (in thousands),1350
2023,Number of staff,By Country,TH,Thailand,Asia,Persons (in thousands),25879
2023,Number of staff,By Country,T0,Total,All / Total,Persons (in thousands),2474900.1
2023,Number of staff,By Country,T1,Total,Europe,Persons (in thousands),1184411.7
2023,Number of staff,By Country,T2,Total,North America,Persons (in thousands),376044.0
2023,Number of staff,By Country,T3,Total,Central and South America,Persons (in thousands),234014.0
2023,Number of staff,By Country,T4,Total,Asia,Persons (in thousands),556309.7
2023,Number of staff,By Country,T5,Total,Africa,Persons (in thousands),90822.9
2023,Number of staff,By Country,T6,Total,Oceania,Persons (in thousands),33297.8
2023,Number of staff,By Country,TN,Tunisia,Africa,Persons (in thousands),3103
2023,Number of staff,By Country,TR,Turkey,Europe,Persons (in thousands),20930.4
2023,Number of staff,By Country,UA,Ukraine,Europe,Persons (in thousands),9763.5
2023,Number of staff,By Country,AE,United Arab Emirates,Asia,Persons (in thousands),12730.5
2023,Number of staff,By Country,GB,United Kingdom,Europe,Persons (in thousands),88505.9
2023,Number of staff,By Country,US,United States,North America,Persons (in thousands),340447.9
2023,Number of staff,By Country,UY,Uruguay,Central and South America,Persons (in thousands),1189
2023,Number of staff,By Country,VE,Venezuela,Central and South America,Persons (in thousands),2126
2023,Number of staff,By Country,VN,Viet Nam,Asia,Persons (in thousands),17633.0
2023,Number of staff,By Economic Activity,B,Banks,Services,Persons (in thousands),93749.7
2023,Number of staff,By Economic Activity,CUK,Chemicals and plastics,Manufacturing,Persons (in thousands),291475.9
2023,Number of staff,By Economic Activity,EEOU,"Electronics, energy, optical and watchmaking",Manufacturing,Persons (in thousands),236971.6
2023,Number of staff,By Economic Activity,FUH,Finance and holding companies,Services,Persons (in thousands),190957.3
2023,Number of staff,By Economic Activity,V,Insurance companies,Services,Persons (in thousands),127537.3
2023,Number of staff,By Economic Activity,MUM,Metals and machinery,Manufacturing,Persons (in thousands),355389.1
2023,Number of staff,By Economic Activity,UIB,Other manufacturing and construction,Manufacturing,Persons (in thousands),514230.7
2023,Number of staff,By Economic Activity,DU,Other services,Services,Persons (in thousands),160781
2023,Number of staff,By Economic Activity,T0,Total,Manufacturing,Persons (in thousands),1398067.3
2023,Number of staff,By Economic Activity,T1,Total,Services,Persons (in thousands),1076832.8
2023,Number of staff,By Economic Activity,D0_2,Total,All / Total,Persons (in thousands),2474900.1
2023,Number of staff,By Economic Activity,H,Trade,Services,Persons (in thousands),278990.4
2023,Number of staff,By Economic Activity,TUK,Transportation and communications,Services,Persons (in thousands),224817.1
2023,Turnover,By Country,AR,Argentina,Central and South America,CHF Millions,3436.2
2023,Turnover,By Country,AU,Australia,Oceania,CHF Millions,14349.0
2023,Turnover,By Country,AT,Austria,Europe,CHF Millions,17618.9
2023,Turnover,By Country,BD,Bangladesh,Asia,CHF Millions,506.2
2023,Turnover,By Country,BE,Belgium,Europe,CHF Millions,13183.3
2023,Turnover,By Country,BO,Bolivia,Central and South America,CHF Millions,100.6
2023,Turnover,By Country,BA,Bosnia and Herzegovina,Europe,CHF Millions,198.0
2023,Turnover,By Country,BR,Brazil,Central and South America,CHF Millions,21769.8
2023,Turnover,By Country,BG,Bulgaria,Europe,CHF Millions,1621.3
2023,Turnover,By Country,CM,Cameroon,Africa,CHF Millions,375.7
2023,Turnover,By Country,CA,Canada,North America,CHF Millions,15691.2
2023,Turnover,By Country,CL,Chile,Central and South America,CHF Millions,3863.3
2023,Turnover,By Country,CN,China,Asia,CHF Millions,48042.6
2023,Turnover,By Country,CO,Colombia,Central and South America,CHF Millions,2498.4
2023,Turnover,By Country,CR,Costa Rica,Central and South America,CHF Millions,477.3
2023,Turnover,By Country,HR,Croatia,Europe,CHF Millions,2301.5
2023,Turnover,By Country,CY,Cyprus,Europe,CHF Millions,540.5
2023,Turnover,By Country,CZ,Czechia,Europe,CHF Millions,6466.0
2023,Turnover,By Country,CI,Côte d’Ivoire,Africa,CHF Millions,773.5
2023,Turnover,By Country,DK,Denmark,Europe,CHF Millions,3247.1
2023,Turnover,By Country,B3,EU,Europe,CHF Millions,313663.5
2023,Turnover,By Country,EC,Ecuador,Central and South America,CHF Millions,1182.1
2023,Turnover,By Country,EG,Egypt,Africa,CHF Millions,1930.1
2023,Turnover,By Country,EE,Estonia,Europe,CHF Millions,133.9
2023,Turnover,By Country,FI,Finland,Europe,CHF Millions,2258.0
2023,Turnover,By Country,FR,France,Europe,CHF Millions,52766.5
2023,Turnover,By Country,DE,Germany,Europe,CHF Millions,87068.8
2023,Turnover,By Country,GR,Greece,Europe,CHF Millions,5174.6
2023,Turnover,By Country,GT,Guatemala,Central and South America,CHF Millions,336.6
2023,Turnover,By Country,HK,Hong Kong,Asia,CHF Millions,9165.9
2023,Turnover,By Country,HU,Hungary,Europe,CHF Millions,4699.3
2023,Turnover,By Country,IN,India,Asia,CHF Millions,8576.9
2023,Turnover,By Country,ID,Indonesia,Asia,CHF Millions,3706.5
2023,Turnover,By Country,IE,Ireland,Europe,CHF Millions,2811.0
2023,Turnover,By Country,IL,Israel,Asia,CHF Millions,1714.1
2023,Turnover,By Country,IT,Italy,Europe,CHF Millions,33869.3
2023,Turnover,By Country,JP,Japan,Asia,CHF Millions,20536.1
2023,Turnover,By Country,JO,Jordan,Asia,CHF Millions,416.9
2023,Turnover,By Country,KE,Kenya,Africa,CHF Millions,632.5
2023,Turnover,By Country,KR,"Korea, Republic of (South Korea)",Asia,CHF Millions,6438.9
2023,Turnover,By Country,LV,Latvia,Europe,CHF Millions,332.8
2023,Turnover,By Country,LB,Lebanon,Asia,CHF Millions,280.4
2023,Turnover,By Country,LT,Lithuania,Europe,CHF Millions,570.7
2023,Turnover,By Country,LU,Luxembourg,Europe,CHF Millions,16873.8
2023,Turnover,By Country,MY,Malaysia,Asia,CHF Millions,6161.8
2023,Turnover,By Country,MU,Mauritius,Africa,CHF Millions,21.4
2023,Turnover,By Country,MX,Mexico,Central and South America,CHF Millions,13927.9
2023,Turnover,By Country,MA,Morocco,Africa,CHF Millions,1212.8
2023,Turnover,By Country,NL,Netherlands,Europe,CHF Millions,12437.9
2023,Turnover,By Country,NZ,New Zealand,Oceania,CHF Millions,1403.3
2023,Turnover,By Country,NG,Nigeria,Africa,CHF Millions,2398.8
2023,Turnover,By Country,NO,Norway,Europe,CHF Millions,3585.1
2023,Turnover,By Country,S21,Offshore financial centres in Europe,Europe,CHF Millions,1451.7
2023,Turnover,By Country,G9,Other European countries,Europe,CHF Millions,53421.0
2023,Turnover,By Country,PK,Pakistan,Asia,CHF Millions,1054.0
2023,Turnover,By Country,PA,Panama,Central and South America,CHF Millions,923.2
2023,Turnover,By Country,PE,Peru,Central and South America,CHF Millions,1242.0
2023,Turnover,By Country,PH,Philippines,Asia,CHF Millions,3760.6
2023,Turnover,By Country,PL,Poland,Europe,CHF Millions,10255.9
2023,Turnover,By Country,PT,Portugal,Europe,CHF Millions,2721.3
2023,Turnover,By Country,QA,Qatar,Asia,CHF Millions,470.5
2023,Turnover,By Country,RO,Romania,Europe,CHF Millions,6557.3
2023,Turnover,By Country,RU,Russia,Europe,CHF Millions,6228.5
2023,Turnover,By Country,SA,Saudi Arabia,Asia,CHF Millions,2670.9
2023,Turnover,By Country,RS,Serbia,Europe,CHF Millions,1775.7
2023,Turnover,By Country,SG,Singapore,Asia,CHF Millions,15962.1
2023,Turnover,By Country,SK,Slovakia,Europe,CHF Millions,2131.5
2023,Turnover,By Country,ZA,South Africa,Africa,CHF Millions,4422.6
2023,Turnover,By Country,ES,Spain,Europe,CHF Millions,20369.7
2023,Turnover,By Country,LK,Sri Lanka,Asia,CHF Millions,220.1
2023,Turnover,By Country,SE,Sweden,Europe,CHF Millions,5990.3
2023,Turnover,By Country,TW,Taiwan,Asia,CHF Millions,4306.0
2023,Turnover,By Country,TZ,Tanzania,Africa,CHF Millions,194.5
2023,Turnover,By Country,TH,Thailand,Asia,CHF Millions,7313.9
2023,Turnover,By Country,T0,Total,All / Total,CHF Millions,869326.4
2023,Turnover,By Country,T1,Total,Europe,CHF Millions,367084.5
2023,Turnover,By Country,S22,Total,Europe,CHF Millions,1037.3
2023,Turnover,By Country,T2,Total,North America,CHF Millions,254527.1
2023,Turnover,By Country,T3,Total,Central and South America,CHF Millions,62736.9
2023,Turnover,By Country,S19,Total,Central and South America,CHF Millions,10477.5
2023,Turnover,By Country,T4,Total,Asia,CHF Millions,153183.7
2023,Turnover,By Country,T5,Total,Africa,CHF Millions,15840.4
2023,Turnover,By Country,T6,Total,Oceania,CHF Millions,15953.9
2023,Turnover,By Country,TN,Tunisia,Africa,CHF Millions,356.9
2023,Turnover,By Country,TR,Turkey,Europe,CHF Millions,5717.4
2023,Turnover,By Country,UA,Ukraine,Europe,CHF Millions,1078.9
2023,Turnover,By Country,AE,United Arab Emirates,Asia,CHF Millions,5496.4
2023,Turnover,By Country,GB,United Kingdom,Europe,CHF Millions,32601.1
2023,Turnover,By Country,US,United States,North America,CHF Millions,238835.9
2023,Turnover,By Country,UY,Uruguay,Central and South America,CHF Millions,362.8
2023,Turnover,By Country,VE,Venezuela,Central and South America,CHF Millions,30.5
2023,Turnover,By Country,VN,Viet Nam,Asia,CHF Millions,3124.0
2023,Turnover,By Economic Activity,B,Banks,Services,CHF Millions,19846.1
2023,Turnover,By Economic Activity,CUK,Chemicals and plastics,Manufacturing,CHF Millions,143657.0
2023,Turnover,By Economic Activity,EEOU,"Electronics, energy, optical and watchmaking",Manufacturing,CHF Millions,97370.2
2023,Turnover,By Economic Activity,FUH,Finance and holding companies,Services,CHF Millions,65705.3
2023,Turnover,By Economic Activity,V,Insurance companies,Services,CHF Millions,118453.7
2023,Turnover,By Economic Activity,MUM,Metals and machinery,Manufacturing,CHF Millions,78697.5
2023,Turnover,By Economic Activity,UIB,Other manufacturing and construction,Manufacturing,CHF Millions,171389.3
2023,Turnover,By Economic Activity,DU,Other services,Services,CHF Millions,37380.8
2023,Turnover,By Economic Activity,T0,Total,Manufacturing,CHF Millions,491114.0
2023,Turnover,By Economic Activity,T1,Total,Services,CHF Millions,378212.4
2023,Turnover,By Economic Activity,D0_2,Total,All / Total,CHF Millions,869326.4
2023,Turnover,By Economic Activity,H,Trade,Services,CHF Millions,99233.6
2023,Turnover,By Economic Activity,TUK,Transportation and communications,Services,CHF Millions,37592.9
2024,Number of enterprises,By Country,AR,Argentina,Central and South America,Count,142
2024,Number of enterprises,By Country,AU,Australia,Oceania,Count,301
2024,Number of enterprises,By Country,AT,Austria,Europe,Count,339
2024,Number of enterprises,By Country,BD,Bangladesh,Asia,Count,15
2024,Number of enterprises,By Country,BE,Belgium,Europe,Count,369
2024,Number of enterprises,By Country,BO,Bolivia,Central and South America,Count,9
2024,Number of enterprises,By Country,BA,Bosnia and Herzegovina,Europe,Count,24
2024,Number of enterprises,By Country,BR,Brazil,Central and South America,Count,268
2024,Number of enterprises,By Country,BG,Bulgaria,Europe,Count,90
2024,Number of enterprises,By Country,CM,Cameroon,Africa,Count,29
2024,Number of enterprises,By Country,CA,Canada,North America,Count,300
2024,Number of enterprises,By Country,CL,Chile,Central and South America,Count,146
2024,Number of enterprises,By Country,CN,China,Asia,Count,792
2024,Number of enterprises,By Country,CO,Colombia,Central and South America,Count,93
2024,Number of enterprises,By Country,CR,Costa Rica,Central and South America,Count,19
2024,Number of enterprises,By Country,HR,Croatia,Europe,Count,52
2024,Number of enterprises,By Country,CY,Cyprus,Europe,Count,70
2024,Number of enterprises,By Country,CZ,Czechia,Europe,Count,248
2024,Number of enterprises,By Country,CI,Côte d’Ivoire,Africa,Count,51
2024,Number of enterprises,By Country,DK,Denmark,Europe,Count,155
2024,Number of enterprises,By Country,B3,EU,Europe,Count,11140
2024,Number of enterprises,By Country,EC,Ecuador,Central and South America,Count,42
2024,Number of enterprises,By Country,EG,Egypt,Africa,Count,61
2024,Number of enterprises,By Country,EE,Estonia,Europe,Count,27
2024,Number of enterprises,By Country,FI,Finland,Europe,Count,128
2024,Number of enterprises,By Country,FR,France,Europe,Count,2749
2024,Number of enterprises,By Country,DE,Germany,Europe,Count,2100
2024,Number of enterprises,By Country,GR,Greece,Europe,Count,82
2024,Number of enterprises,By Country,GT,Guatemala,Central and South America,Count,14
2024,Number of enterprises,By Country,HK,Hong Kong,Asia,Count,240
2024,Number of enterprises,By Country,HU,Hungary,Europe,Count,151
2024,Number of enterprises,By Country,IN,India,Asia,Count,260
2024,Number of enterprises,By Country,ID,Indonesia,Asia,Count,99
2024,Number of enterprises,By Country,IE,Ireland,Europe,Count,116
2024,Number of enterprises,By Country,IL,Israel,Asia,Count,54
2024,Number of enterprises,By Country,IT,Italy,Europe,Count,1193
2024,Number of enterprises,By Country,JP,Japan,Asia,Count,247
2024,Number of enterprises,By Country,JO,Jordan,Asia,Count,15
2024,Number of enterprises,By Country,KE,Kenya,Africa,Count,37
2024,Number of enterprises,By Country,KR,"Korea, Republic of (South Korea)",Asia,Count,112
2024,Number of enterprises,By Country,LV,Latvia,Europe,Count,28
2024,Number of enterprises,By Country,LB,Lebanon,Asia,Count,20
2024,Number of enterprises,By Country,LT,Lithuania,Europe,Count,34
2024,Number of enterprises,By Country,LU,Luxembourg,Europe,Count,315
2024,Number of enterprises,By Country,MY,Malaysia,Asia,Count,171
2024,Number of enterprises,By Country,MU,Mauritius,Africa,Count,9
2024,Number of enterprises,By Country,MX,Mexico,Central and South America,Count,258
2024,Number of enterprises,By Country,MA,Morocco,Africa,Count,84
2024,Number of enterprises,By Country,NL,Netherlands,Europe,Count,660
2024,Number of enterprises,By Country,NZ,New Zealand,Oceania,Count,99
2024,Number of enterprises,By Country,NG,Nigeria,Africa,Count,41
2024,Number of enterprises,By Country,NO,Norway,Europe,Count,246
2024,Number of enterprises,By Country,S21,Offshore financial centres in Europe,Europe,Count,101
2024,Number of enterprises,By Country,G9,Other European countries,Europe,Count,1752
2024,Number of enterprises,By Country,PK,Pakistan,Asia,Count,20
2024,Number of enterprises,By Country,PA,Panama,Central and South America,Count,73
2024,Number of enterprises,By Country,PE,Peru,Central and South America,Count,69
2024,Number of enterprises,By Country,PH,Philippines,Asia,Count,86
2024,Number of enterprises,By Country,PL,Poland,Europe,Count,293
2024,Number of enterprises,By Country,PT,Portugal,Europe,Count,153
2024,Number of enterprises,By Country,QA,Qatar,Asia,Count,30
2024,Number of enterprises,By Country,RO,Romania,Europe,Count,146
2024,Number of enterprises,By Country,RU,Russia,Europe,Count,170
2024,Number of enterprises,By Country,SA,Saudi Arabia,Asia,Count,57
2024,Number of enterprises,By Country,RS,Serbia,Europe,Count,63
2024,Number of enterprises,By Country,SG,Singapore,Asia,Count,283
2024,Number of enterprises,By Country,SK,Slovakia,Europe,Count,85
2024,Number of enterprises,By Country,ZA,South Africa,Africa,Count,135
2024,Number of enterprises,By Country,ES,Spain,Europe,Count,1071
2024,Number of enterprises,By Country,LK,Sri Lanka,Asia,Count,10
2024,Number of enterprises,By Country,SE,Sweden,Europe,Count,397
2024,Number of enterprises,By Country,TW,Taiwan,Asia,Count,95
2024,Number of enterprises,By Country,TZ,Tanzania,Africa,Count,19
2024,Number of enterprises,By Country,TH,Thailand,Asia,Count,142
2024,Number of enterprises,By Country,T0,Total,All / Total,Count,21265
2024,Number of enterprises,By Country,T1,Total,Europe,Count,12892
2024,Number of enterprises,By Country,S22,Total,Europe,Count,89
2024,Number of enterprises,By Country,T2,Total,North America,Count,2443
2024,Number of enterprises,By Country,T3,Total,Central and South America,Count,1497
2024,Number of enterprises,By Country,S19,Total,Central and South America,Count,263
2024,Number of enterprises,By Country,T4,Total,Asia,Count,3184
2024,Number of enterprises,By Country,T5,Total,Africa,Count,834
2024,Number of enterprises,By Country,T6,Total,Oceania,Count,415
2024,Number of enterprises,By Country,TN,Tunisia,Africa,Count,43
2024,Number of enterprises,By Country,TR,Turkey,Europe,Count,159
2024,Number of enterprises,By Country,UA,Ukraine,Europe,Count,58
2024,Number of enterprises,By Country,AE,United Arab Emirates,Asia,Count,157
2024,Number of enterprises,By Country,GB,United Kingdom,Europe,Count,872
2024,Number of enterprises,By Country,US,United States,North America,Count,2143
2024,Number of enterprises,By Country,UY,Uruguay,Central and South America,Count,46
2024,Number of enterprises,By Country,VE,Venezuela,Central and South America,Count,15
2024,Number of enterprises,By Country,VN,Viet Nam,Asia,Count,74
2024,Number of enterprises,By Economic Activity,B,Banks,Services,Count,898
2024,Number of enterprises,By Economic Activity,CUK,Chemicals and plastics,Manufacturing,Count,1653
2024,Number of enterprises,By Economic Activity,EEOU,"Electronics, energy, optical and watchmaking",Manufacturing,Count,2387
2024,Number of enterprises,By Economic Activity,FUH,Finance and holding companies,Services,Count,1572
2024,Number of enterprises,By Economic Activity,V,Insurance companies,Services,Count,787
2024,Number of enterprises,By Economic Activity,MUM,Metals and machinery,Manufacturing,Count,2386
2024,Number of enterprises,By Economic Activity,UIB,Other manufacturing and construction,Manufacturing,Count,2438
2024,Number of enterprises,By Economic Activity,DU,Other services,Services,Count,5780
2024,Number of enterprises,By Economic Activity,T0,Total,Manufacturing,Count,8864
2024,Number of enterprises,By Economic Activity,T1,Total,Services,Count,12401
2024,Number of enterprises,By Economic Activity,D0_2,Total,All / Total,Count,21265
2024,Number of enterprises,By Economic Activity,H,Trade,Services,Count,1994
2024,Number of enterprises,By Economic Activity,TUK,Transportation and communications,Services,Count,1370
2024,Number of staff,By Country,AR,Argentina,Central and South America,Persons (in thousands),12530.6
2024,Number of staff,By Country,AU,Australia,Oceania,Persons (in thousands),27441.1
2024,Number of staff,By Country,AT,Austria,Europe,Persons (in thousands),46687.3
2024,Number of staff,By Country,BD,Bangladesh,Asia,Persons (in thousands),3215.1
2024,Number of staff,By Country,BE,Belgium,Europe,Persons (in thousands),23754.5
2024,Number of staff,By Country,BO,Bolivia,Central and South America,Persons (in thousands),674
2024,Number of staff,By Country,BA,Bosnia and Herzegovina,Europe,Persons (in thousands),922
2024,Number of staff,By Country,BR,Brazil,Central and South America,Persons (in thousands),96793.6
2024,Number of staff,By Country,BG,Bulgaria,Europe,Persons (in thousands),11229.2
2024,Number of staff,By Country,CM,Cameroon,Africa,Persons (in thousands),3237.0
2024,Number of staff,By Country,CA,Canada,North America,Persons (in thousands),36502.7
2024,Number of staff,By Country,CL,Chile,Central and South America,Persons (in thousands),19958.6
2024,Number of staff,By Country,CN,China,Asia,Persons (in thousands),170360.5
2024,Number of staff,By Country,CO,Colombia,Central and South America,Persons (in thousands),13888
2024,Number of staff,By Country,CR,Costa Rica,Central and South America,Persons (in thousands),4082.8
2024,Number of staff,By Country,HR,Croatia,Europe,Persons (in thousands),4477.3
2024,Number of staff,By Country,CY,Cyprus,Europe,Persons (in thousands),31814
2024,Number of staff,By Country,CZ,Czechia,Europe,Persons (in thousands),30962.7
2024,Number of staff,By Country,CI,Côte d’Ivoire,Africa,Persons (in thousands),7822.7
2024,Number of staff,By Country,DK,Denmark,Europe,Persons (in thousands),9079.8
2024,Number of staff,By Country,B3,EU,Europe,Persons (in thousands),1007814.3
2024,Number of staff,By Country,EC,Ecuador,Central and South America,Persons (in thousands),5225.8
2024,Number of staff,By Country,EG,Egypt,Africa,Persons (in thousands),14789
2024,Number of staff,By Country,EE,Estonia,Europe,Persons (in thousands),2043.1
2024,Number of staff,By Country,FI,Finland,Europe,Persons (in thousands),10193.4
2024,Number of staff,By Country,FR,France,Europe,Persons (in thousands),128796.8
2024,Number of staff,By Country,DE,Germany,Europe,Persons (in thousands),303693.0
2024,Number of staff,By Country,GR,Greece,Europe,Persons (in thousands),12039.3
2024,Number of staff,By Country,GT,Guatemala,Central and South America,Persons (in thousands),2413.2
2024,Number of staff,By Country,HK,Hong Kong,Asia,Persons (in thousands),17747.8
2024,Number of staff,By Country,HU,Hungary,Europe,Persons (in thousands),19543.3
2024,Number of staff,By Country,IN,India,Asia,Persons (in thousands),110261.9
2024,Number of staff,By Country,ID,Indonesia,Asia,Persons (in thousands),19078.0
2024,Number of staff,By Country,IE,Ireland,Europe,Persons (in thousands),8365.4
2024,Number of staff,By Country,IL,Israel,Asia,Persons (in thousands),7084.1
2024,Number of staff,By Country,IT,Italy,Europe,Persons (in thousands),86814.5
2024,Number of staff,By Country,JP,Japan,Asia,Persons (in thousands),36831.1
2024,Number of staff,By Country,JO,Jordan,Asia,Persons (in thousands),1419
2024,Number of staff,By Country,KE,Kenya,Africa,Persons (in thousands),2727
2024,Number of staff,By Country,KR,"Korea, Republic of (South Korea)",Asia,Persons (in thousands),11544.6
2024,Number of staff,By Country,LV,Latvia,Europe,Persons (in thousands),3610.1
2024,Number of staff,By Country,LB,Lebanon,Asia,Persons (in thousands),763
2024,Number of staff,By Country,LT,Lithuania,Europe,Persons (in thousands),1684.3
2024,Number of staff,By Country,LU,Luxembourg,Europe,Persons (in thousands),6178.2
2024,Number of staff,By Country,MY,Malaysia,Asia,Persons (in thousands),27522.7
2024,Number of staff,By Country,MU,Mauritius,Africa,Persons (in thousands),303.0
2024,Number of staff,By Country,MX,Mexico,Central and South America,Persons (in thousands),60175.5
2024,Number of staff,By Country,MA,Morocco,Africa,Persons (in thousands),6484.7
2024,Number of staff,By Country,NL,Netherlands,Europe,Persons (in thousands),32531.2
2024,Number of staff,By Country,NZ,New Zealand,Oceania,Persons (in thousands),4586.4
2024,Number of staff,By Country,NG,Nigeria,Africa,Persons (in thousands),9096.1
2024,Number of staff,By Country,NO,Norway,Europe,Persons (in thousands),8338.7
2024,Number of staff,By Country,S19,Offshore financial centres in Central and South America,Central and South America,Persons (in thousands),3865.6
2024,Number of staff,By Country,S21,Offshore financial centres in Europe,Europe,Persons (in thousands),975.5
2024,Number of staff,By Country,G9,Other European countries,Europe,Persons (in thousands),198629.2
2024,Number of staff,By Country,PK,Pakistan,Asia,Persons (in thousands),6516.5
2024,Number of staff,By Country,PA,Panama,Central and South America,Persons (in thousands),2639.9
2024,Number of staff,By Country,PE,Peru,Central and South America,Persons (in thousands),9448.2
2024,Number of staff,By Country,PH,Philippines,Asia,Persons (in thousands),14584
2024,Number of staff,By Country,PL,Poland,Europe,Persons (in thousands),61377.7
2024,Number of staff,By Country,PT,Portugal,Europe,Persons (in thousands),11943.2
2024,Number of staff,By Country,QA,Qatar,Asia,Persons (in thousands),1317.0
2024,Number of staff,By Country,RO,Romania,Europe,Persons (in thousands),21774.4
2024,Number of staff,By Country,RU,Russia,Europe,Persons (in thousands),52096.7
2024,Number of staff,By Country,SA,Saudi Arabia,Asia,Persons (in thousands),9392.5
2024,Number of staff,By Country,RS,Serbia,Europe,Persons (in thousands),8947.4
2024,Number of staff,By Country,SG,Singapore,Asia,Persons (in thousands),24539.4
2024,Number of staff,By Country,SK,Slovakia,Europe,Persons (in thousands),9499.4
2024,Number of staff,By Country,ZA,South Africa,Africa,Persons (in thousands),15258.8
2024,Number of staff,By Country,ES,Spain,Europe,Persons (in thousands),65919.8
2024,Number of staff,By Country,LK,Sri Lanka,Asia,Persons (in thousands),1413
2024,Number of staff,By Country,SE,Sweden,Europe,Persons (in thousands),25016.5
2024,Number of staff,By Country,TW,Taiwan,Asia,Persons (in thousands),21925.0
2024,Number of staff,By Country,TZ,Tanzania,Africa,Persons (in thousands),1212.0
2024,Number of staff,By Country,TH,Thailand,Asia,Persons (in thousands),24176.2
2024,Number of staff,By Country,T0,Total,All / Total,Persons (in thousands),2483532.4
2024,Number of staff,By Country,T1,Total,Europe,Persons (in thousands),1206443.5
2024,Number of staff,By Country,T2,Total,North America,Persons (in thousands),358676.9
2024,Number of staff,By Country,T3,Total,Central and South America,Persons (in thousands),241371.3
2024,Number of staff,By Country,T4,Total,Asia,Persons (in thousands),557385.1
2024,Number of staff,By Country,T5,Total,Africa,Persons (in thousands),86927.0
2024,Number of staff,By Country,T6,Total,Oceania,Persons (in thousands),32728.6
2024,Number of staff,By Country,TN,Tunisia,Africa,Persons (in thousands),2993
2024,Number of staff,By Country,TR,Turkey,Europe,Persons (in thousands),19819.7
2024,Number of staff,By Country,UA,Ukraine,Europe,Persons (in thousands),10248.4
2024,Number of staff,By Country,AE,United Arab Emirates,Asia,Persons (in thousands),13021.0
2024,Number of staff,By Country,GB,United Kingdom,Europe,Persons (in thousands),91737.8
2024,Number of staff,By Country,US,United States,North America,Persons (in thousands),322174.2
2024,Number of staff,By Country,UY,Uruguay,Central and South America,Persons (in thousands),1254.8
2024,Number of staff,By Country,VE,Venezuela,Central and South America,Persons (in thousands),2135
2024,Number of staff,By Country,VN,Viet Nam,Asia,Persons (in thousands),17803.7
2024,Number of staff,By Economic Activity,B,Banks,Services,Persons (in thousands),90731.4
2024,Number of staff,By Economic Activity,CUK,Chemicals and plastics,Manufacturing,Persons (in thousands),299946.5
2024,Number of staff,By Economic Activity,EEOU,"Electronics, energy, optical and watchmaking",Manufacturing,Persons (in thousands),241275.1
2024,Number of staff,By Economic Activity,FUH,Finance and holding companies,Services,Persons (in thousands),161941.5
2024,Number of staff,By Economic Activity,V,Insurance companies,Services,Persons (in thousands),134241
2024,Number of staff,By Economic Activity,MUM,Metals and machinery,Manufacturing,Persons (in thousands),354816.2
2024,Number of staff,By Economic Activity,UIB,Other manufacturing and construction,Manufacturing,Persons (in thousands),522290.2
2024,Number of staff,By Economic Activity,DU,Other services,Services,Persons (in thousands),157223.9
2024,Number of staff,By Economic Activity,T0,Total,Manufacturing,Persons (in thousands),1418328.0
2024,Number of staff,By Economic Activity,T1,Total,Services,Persons (in thousands),1065204.4
2024,Number of staff,By Economic Activity,D0_2,Total,All / Total,Persons (in thousands),2483532.4
2024,Number of staff,By Economic Activity,H,Trade,Services,Persons (in thousands),281717.8
2024,Number of staff,By Economic Activity,TUK,Transportation and communications,Services,Persons (in thousands),239348.8
2024,Turnover,By Country,AR,Argentina,Central and South America,CHF Millions,3882.0
2024,Turnover,By Country,AU,Australia,Oceania,CHF Millions,14936.0
2024,Turnover,By Country,AT,Austria,Europe,CHF Millions,16546.4
2024,Turnover,By Country,BD,Bangladesh,Asia,CHF Millions,482.2
2024,Turnover,By Country,BE,Belgium,Europe,CHF Millions,13628.9
2024,Turnover,By Country,BO,Bolivia,Central and South America,CHF Millions,91.4
2024,Turnover,By Country,BA,Bosnia and Herzegovina,Europe,CHF Millions,209.5
2024,Turnover,By Country,BR,Brazil,Central and South America,CHF Millions,23221.8
2024,Turnover,By Country,BG,Bulgaria,Europe,CHF Millions,1501.8
2024,Turnover,By Country,CM,Cameroon,Africa,CHF Millions,363.2
2024,Turnover,By Country,CA,Canada,North America,CHF Millions,16223.6
2024,Turnover,By Country,CL,Chile,Central and South America,CHF Millions,3438.2
2024,Turnover,By Country,CN,China,Asia,CHF Millions,45696.6
2024,Turnover,By Country,CO,Colombia,Central and South America,CHF Millions,2382.1
2024,Turnover,By Country,CR,Costa Rica,Central and South America,CHF Millions,525.8
2024,Turnover,By Country,HR,Croatia,Europe,CHF Millions,1659.9
2024,Turnover,By Country,CY,Cyprus,Europe,CHF Millions,407.3
2024,Turnover,By Country,CZ,Czechia,Europe,CHF Millions,6690.2
2024,Turnover,By Country,CI,Côte d’Ivoire,Africa,CHF Millions,853.0
2024,Turnover,By Country,DK,Denmark,Europe,CHF Millions,3662.3
2024,Turnover,By Country,B3,EU,Europe,CHF Millions,308936.6
2024,Turnover,By Country,EC,Ecuador,Central and South America,CHF Millions,1118.3
2024,Turnover,By Country,EG,Egypt,Africa,CHF Millions,1783.7
2024,Turnover,By Country,EE,Estonia,Europe,CHF Millions,152.0
2024,Turnover,By Country,FI,Finland,Europe,CHF Millions,2404.6
2024,Turnover,By Country,FR,France,Europe,CHF Millions,50790.3
2024,Turnover,By Country,DE,Germany,Europe,CHF Millions,82497.4
2024,Turnover,By Country,GR,Greece,Europe,CHF Millions,5538.3
2024,Turnover,By Country,GT,Guatemala,Central and South America,CHF Millions,387.1
2024,Turnover,By Country,HK,Hong Kong,Asia,CHF Millions,8707.1
2024,Turnover,By Country,HU,Hungary,Europe,CHF Millions,3999.2
2024,Turnover,By Country,IN,India,Asia,CHF Millions,9477.3
2024,Turnover,By Country,ID,Indonesia,Asia,CHF Millions,3672.1
2024,Turnover,By Country,IE,Ireland,Europe,CHF Millions,2851.5
2024,Turnover,By Country,IL,Israel,Asia,CHF Millions,1801.2
2024,Turnover,By Country,IT,Italy,Europe,CHF Millions,34046.2
2024,Turnover,By Country,JP,Japan,Asia,CHF Millions,18319.3
2024,Turnover,By Country,JO,Jordan,Asia,CHF Millions,352.5
2024,Turnover,By Country,KE,Kenya,Africa,CHF Millions,507.0
2024,Turnover,By Country,KR,"Korea, Republic of (South Korea)",Asia,CHF Millions,9079.2
2024,Turnover,By Country,LV,Latvia,Europe,CHF Millions,342.4
2024,Turnover,By Country,LB,Lebanon,Asia,CHF Millions,272.4
2024,Turnover,By Country,LT,Lithuania,Europe,CHF Millions,701.9
2024,Turnover,By Country,LU,Luxembourg,Europe,CHF Millions,17685.8
2024,Turnover,By Country,MY,Malaysia,Asia,CHF Millions,6283.4
2024,Turnover,By Country,MU,Mauritius,Africa,CHF Millions,23.4
2024,Turnover,By Country,MX,Mexico,Central and South America,CHF Millions,14097.4
2024,Turnover,By Country,MA,Morocco,Africa,CHF Millions,806.0
2024,Turnover,By Country,NL,Netherlands,Europe,CHF Millions,13074.9
2024,Turnover,By Country,NZ,New Zealand,Oceania,CHF Millions,1447.3
2024,Turnover,By Country,NG,Nigeria,Africa,CHF Millions,1795.9
2024,Turnover,By Country,NO,Norway,Europe,CHF Millions,3871.3
2024,Turnover,By Country,S21,Offshore financial centres in Europe,Europe,CHF Millions,1278.3
2024,Turnover,By Country,G9,Other European countries,Europe,CHF Millions,54877.8
2024,Turnover,By Country,PK,Pakistan,Asia,CHF Millions,1027.8
2024,Turnover,By Country,PA,Panama,Central and South America,CHF Millions,966.0
2024,Turnover,By Country,PE,Peru,Central and South America,CHF Millions,1266.6
2024,Turnover,By Country,PH,Philippines,Asia,CHF Millions,3744.1
2024,Turnover,By Country,PL,Poland,Europe,CHF Millions,10961.8
2024,Turnover,By Country,PT,Portugal,Europe,CHF Millions,2756.5
2024,Turnover,By Country,QA,Qatar,Asia,CHF Millions,359.8
2024,Turnover,By Country,RO,Romania,Europe,CHF Millions,5710.9
2024,Turnover,By Country,RU,Russia,Europe,CHF Millions,6017.0
2024,Turnover,By Country,SA,Saudi Arabia,Asia,CHF Millions,3047.0
2024,Turnover,By Country,RS,Serbia,Europe,CHF Millions,1764.3
2024,Turnover,By Country,SG,Singapore,Asia,CHF Millions,13504.8
2024,Turnover,By Country,SK,Slovakia,Europe,CHF Millions,1968.9
2024,Turnover,By Country,ZA,South Africa,Africa,CHF Millions,3972.6
2024,Turnover,By Country,ES,Spain,Europe,CHF Millions,21461.1
2024,Turnover,By Country,LK,Sri Lanka,Asia,CHF Millions,239.0
2024,Turnover,By Country,SE,Sweden,Europe,CHF Millions,6165.2
2024,Turnover,By Country,TW,Taiwan,Asia,CHF Millions,4357.9
2024,Turnover,By Country,TZ,Tanzania,Africa,CHF Millions,186.1
2024,Turnover,By Country,TH,Thailand,Asia,CHF Millions,7127.6
2024,Turnover,By Country,T0,Total,All / Total,CHF Millions,868110.9
2024,Turnover,By Country,T1,Total,Europe,CHF Millions,363814.4
2024,Turnover,By Country,S22,Total,Europe,CHF Millions,1196.3
2024,Turnover,By Country,T2,Total,North America,CHF Millions,258917.5
2024,Turnover,By Country,T3,Total,Central and South America,CHF Millions,64922.4
2024,Turnover,By Country,S19,Total,Central and South America,CHF Millions,10994.4
2024,Turnover,By Country,T4,Total,Asia,CHF Millions,149830.6
2024,Turnover,By Country,T5,Total,Africa,CHF Millions,14055.8
2024,Turnover,By Country,T6,Total,Oceania,CHF Millions,16570.1
2024,Turnover,By Country,TN,Tunisia,Africa,CHF Millions,216.3
2024,Turnover,By Country,TR,Turkey,Europe,CHF Millions,6496.3
2024,Turnover,By Country,UA,Ukraine,Europe,CHF Millions,1130.0
2024,Turnover,By Country,AE,United Arab Emirates,Asia,CHF Millions,5941.5
2024,Turnover,By Country,GB,United Kingdom,Europe,CHF Millions,33285.5
2024,Turnover,By Country,US,United States,North America,CHF Millions,242693.8
2024,Turnover,By Country,UY,Uruguay,Central and South America,CHF Millions,393.2
2024,Turnover,By Country,VE,Venezuela,Central and South America,CHF Millions,234.3
2024,Turnover,By Country,VN,Viet Nam,Asia,CHF Millions,3225.7
2024,Turnover,By Economic Activity,B,Banks,Services,CHF Millions,21148.0
2024,Turnover,By Economic Activity,CUK,Chemicals and plastics,Manufacturing,CHF Millions,152024.9
2024,Turnover,By Economic Activity,EEOU,"Electronics, energy, optical and watchmaking",Manufacturing,CHF Millions,99115.8
2024,Turnover,By Economic Activity,FUH,Finance and holding companies,Services,CHF Millions,52813.4
2024,Turnover,By Economic Activity,V,Insurance companies,Services,CHF Millions,126187.6
2024,Turnover,By Economic Activity,MUM,Metals and machinery,Manufacturing,CHF Millions,78049.3
2024,Turnover,By Economic Activity,UIB,Other manufacturing and construction,Manufacturing,CHF Millions,171589.4
2024,Turnover,By Economic Activity,DU,Other services,Services,CHF Millions,32689.9
2024,Turnover,By Economic Activity,T0,Total,Manufacturing,CHF Millions,500779.4
2024,Turnover,By Economic Activity,T1,Total,Services,CHF Millions,367331.5
2024,Turnover,By Economic Activity,D0_2,Total,All / Total,CHF Millions,868110.9
2024,Turnover,By Economic Activity,H,Trade,Services,CHF Millions,94480.7
2024,Turnover,By Economic Activity,TUK,Transportation and communications,Services,CHF Millions,40011.8
