Year,Direction,Metric,Capital_Component,Sector_Code,Sector_Name,Sector_Group,Unit,Value
2015,FDI in Switzerland (Inward),Capital stocks,Debt instruments,B,Banks,Services,CHF Millions,
2015,FDI in Switzerland (Inward),Capital stocks,Debt instruments,CUK,Chemicals and plastics,Manufacturing,CHF Millions,-3696.9
2015,FDI in Switzerland (Inward),Capital stocks,Debt instruments,EEOU,"Electronics, energy, optical and watchmaking",Manufacturing,CHF Millions,2192.7
2015,FDI in Switzerland (Inward),Capital stocks,Debt instruments,V,Insurance companies,Services,CHF Millions,-5165.6
2015,FDI in Switzerland (Inward),Capital stocks,Debt instruments,MUM,Metals and machinery,Manufacturing,CHF Millions,-89.1
2015,FDI in Switzerland (Inward),Capital stocks,Debt instruments,UIB,Other manufacturing and construction,Manufacturing,CHF Millions,1249.8
2015,FDI in Switzerland (Inward),Capital stocks,Debt instruments,DU,Other services,Services,CHF Millions,7039.8
2015,FDI in Switzerland (Inward),Capital stocks,Debt instruments,T0,Total,Manufacturing,CHF Millions,-343.4
2015,FDI in Switzerland (Inward),Capital stocks,Debt instruments,T1,Total,Services,CHF Millions,25459.6
2015,FDI in Switzerland (Inward),Capital stocks,Debt instruments,T2,Total,Services,CHF Millions,16983.1
2015,FDI in Switzerland (Inward),Capital stocks,Debt instruments,D1_2,Total,All / Total,CHF Millions,25116.1
2015,FDI in Switzerland (Inward),Capital stocks,Debt instruments,D1_3,Total excluding special purpose entities,All / Total,CHF Millions,-542.4
2015,FDI in Switzerland (Inward),Capital stocks,Debt instruments,H,Trade,Services,CHF Millions,1825.4
2015,FDI in Switzerland (Inward),Capital stocks,Debt instruments,TUK,Transportation and communications,Services,CHF Millions,4776.9
2015,FDI in Switzerland (Inward),Capital stocks,Debt instruments,DSPE0,of which special purpose entities,Services,CHF Millions,25658.5
2015,FDI in Switzerland (Inward),Capital stocks,Debt instruments,DSPE,of which special purpose entities,Services,CHF Millions,25422.8
2015,FDI in Switzerland (Inward),Capital stocks,Equity capital,B,Banks,Services,CHF Millions,26728.2
2015,FDI in Switzerland (Inward),Capital stocks,Equity capital,CUK,Chemicals and plastics,Manufacturing,CHF Millions,67419.3
2015,FDI in Switzerland (Inward),Capital stocks,Equity capital,EEOU,"Electronics, energy, optical and watchmaking",Manufacturing,CHF Millions,36808.6
2015,FDI in Switzerland (Inward),Capital stocks,Equity capital,V,Insurance companies,Services,CHF Millions,28218.9
2015,FDI in Switzerland (Inward),Capital stocks,Equity capital,PMG,Memorandum item: Real estate activities,All / Total,CHF Millions,37523.7
2015,FDI in Switzerland (Inward),Capital stocks,Equity capital,PMT,Memorandum item: Total including real estate activities,All / Total,CHF Millions,949519.2
2015,FDI in Switzerland (Inward),Capital stocks,Equity capital,MUM,Metals and machinery,Manufacturing,CHF Millions,13061.1
2015,FDI in Switzerland (Inward),Capital stocks,Equity capital,UIB,Other manufacturing and construction,Manufacturing,CHF Millions,9023.3
2015,FDI in Switzerland (Inward),Capital stocks,Equity capital,DU,Other services,Services,CHF Millions,94452.8
2015,FDI in Switzerland (Inward),Capital stocks,Equity capital,T0,Total,Manufacturing,CHF Millions,126312.3
2015,FDI in Switzerland (Inward),Capital stocks,Equity capital,T1,Total,Services,CHF Millions,785683.2
2015,FDI in Switzerland (Inward),Capital stocks,Equity capital,T2,Total,Services,CHF Millions,473119.3
2015,FDI in Switzerland (Inward),Capital stocks,Equity capital,D1_2,Total,All / Total,CHF Millions,911995.5
2015,FDI in Switzerland (Inward),Capital stocks,Equity capital,D1_3,Total excluding special purpose entities,All / Total,CHF Millions,756093.0
2015,FDI in Switzerland (Inward),Capital stocks,Equity capital,H,Trade,Services,CHF Millions,154565.1
2015,FDI in Switzerland (Inward),Capital stocks,Equity capital,TUK,Transportation and communications,Services,CHF Millions,8598.9
2015,FDI in Switzerland (Inward),Capital stocks,Equity capital,DSPE0,of which special purpose entities,Services,CHF Millions,155902.4
2015,FDI in Switzerland (Inward),Capital stocks,Equity capital,DSPE,of which special purpose entities,Services,CHF Millions,154977.6
2015,FDI in Switzerland (Inward),Capital stocks,Total,B,Banks,Services,CHF Millions,26728.2
2015,FDI in Switzerland (Inward),Capital stocks,Total,CUK,Chemicals and plastics,Manufacturing,CHF Millions,63722.4
2015,FDI in Switzerland (Inward),Capital stocks,Total,EEOU,"Electronics, energy, optical and watchmaking",Manufacturing,CHF Millions,39001.3
2015,FDI in Switzerland (Inward),Capital stocks,Total,V,Insurance companies,Services,CHF Millions,23053.3
2015,FDI in Switzerland (Inward),Capital stocks,Total,PMG,Memorandum item: Real estate activities,All / Total,CHF Millions,37523.7
2015,FDI in Switzerland (Inward),Capital stocks,Total,PMT,Memorandum item: Total including real estate activities,All / Total,CHF Millions,974635.3
2015,FDI in Switzerland (Inward),Capital stocks,Total,MUM,Metals and machinery,Manufacturing,CHF Millions,12971.9
2015,FDI in Switzerland (Inward),Capital stocks,Total,UIB,Other manufacturing and construction,Manufacturing,CHF Millions,10273.1
2015,FDI in Switzerland (Inward),Capital stocks,Total,DU,Other services,Services,CHF Millions,101492.6
2015,FDI in Switzerland (Inward),Capital stocks,Total,T0,Total,Manufacturing,CHF Millions,125968.9
2015,FDI in Switzerland (Inward),Capital stocks,Total,T1,Total,Services,CHF Millions,811142.8
2015,FDI in Switzerland (Inward),Capital stocks,Total,T2,Total,Services,CHF Millions,490102.4
2015,FDI in Switzerland (Inward),Capital stocks,Total,D1_2,Total,All / Total,CHF Millions,937111.6
2015,FDI in Switzerland (Inward),Capital stocks,Total,D1_3,Total excluding special purpose entities,All / Total,CHF Millions,755550.7
2015,FDI in Switzerland (Inward),Capital stocks,Total,H,Trade,Services,CHF Millions,156390.5
2015,FDI in Switzerland (Inward),Capital stocks,Total,TUK,Transportation and communications,Services,CHF Millions,13375.7
2015,FDI in Switzerland (Inward),Capital stocks,Total,DSPE0,of which special purpose entities,Services,CHF Millions,181561.0
2015,FDI in Switzerland (Inward),Capital stocks,Total,DSPE,of which special purpose entities,Services,CHF Millions,180400.5
2015,FDI in Switzerland (Inward),Capital transactions (flows),Debt instruments,B,Banks,Services,CHF Millions,
2015,FDI in Switzerland (Inward),Capital transactions (flows),Debt instruments,CUK,Chemicals and plastics,Manufacturing,CHF Millions,-1766.5
2015,FDI in Switzerland (Inward),Capital transactions (flows),Debt instruments,EEOU,"Electronics, energy, optical and watchmaking",Manufacturing,CHF Millions,1954.2
2015,FDI in Switzerland (Inward),Capital transactions (flows),Debt instruments,V,Insurance companies,Services,CHF Millions,1361.6
2015,FDI in Switzerland (Inward),Capital transactions (flows),Debt instruments,MUM,Metals and machinery,Manufacturing,CHF Millions,444.8
2015,FDI in Switzerland (Inward),Capital transactions (flows),Debt instruments,UIB,Other manufacturing and construction,Manufacturing,CHF Millions,470.8
2015,FDI in Switzerland (Inward),Capital transactions (flows),Debt instruments,DU,Other services,Services,CHF Millions,11395.0
2015,FDI in Switzerland (Inward),Capital transactions (flows),Debt instruments,T0,Total,Manufacturing,CHF Millions,1103.3
2015,FDI in Switzerland (Inward),Capital transactions (flows),Debt instruments,T1,Total,Services,CHF Millions,-12108.2
2015,FDI in Switzerland (Inward),Capital transactions (flows),Debt instruments,T2,Total,Services,CHF Millions,-15857.3
2015,FDI in Switzerland (Inward),Capital transactions (flows),Debt instruments,D1_2,Total,All / Total,CHF Millions,-11004.9
2015,FDI in Switzerland (Inward),Capital transactions (flows),Debt instruments,D1_3,Total excluding special purpose entities,All / Total,CHF Millions,-10513.8
2015,FDI in Switzerland (Inward),Capital transactions (flows),Debt instruments,H,Trade,Services,CHF Millions,-9938.6
2015,FDI in Switzerland (Inward),Capital transactions (flows),Debt instruments,TUK,Transportation and communications,Services,CHF Millions,931.0
2015,FDI in Switzerland (Inward),Capital transactions (flows),Debt instruments,DSPE0,of which special purpose entities,Services,CHF Millions,-491.0
2015,FDI in Switzerland (Inward),Capital transactions (flows),Debt instruments,DSPE,of which special purpose entities,Services,CHF Millions,-418.8
2015,FDI in Switzerland (Inward),Capital transactions (flows),Equity capital excluding reinvested earnings,B,Banks,Services,CHF Millions,-2123.6
2015,FDI in Switzerland (Inward),Capital transactions (flows),Equity capital excluding reinvested earnings,CUK,Chemicals and plastics,Manufacturing,CHF Millions,9816.5
2015,FDI in Switzerland (Inward),Capital transactions (flows),Equity capital excluding reinvested earnings,EEOU,"Electronics, energy, optical and watchmaking",Manufacturing,CHF Millions,-120.4
2015,FDI in Switzerland (Inward),Capital transactions (flows),Equity capital excluding reinvested earnings,V,Insurance companies,Services,CHF Millions,112.1
2015,FDI in Switzerland (Inward),Capital transactions (flows),Equity capital excluding reinvested earnings,PMG,Memorandum item: Real estate activities,All / Total,CHF Millions,438.7
2015,FDI in Switzerland (Inward),Capital transactions (flows),Equity capital excluding reinvested earnings,PMT,Memorandum item: Total including real estate activities,All / Total,CHF Millions,76073.6
2015,FDI in Switzerland (Inward),Capital transactions (flows),Equity capital excluding reinvested earnings,MUM,Metals and machinery,Manufacturing,CHF Millions,154.7
2015,FDI in Switzerland (Inward),Capital transactions (flows),Equity capital excluding reinvested earnings,UIB,Other manufacturing and construction,Manufacturing,CHF Millions,276.1
2015,FDI in Switzerland (Inward),Capital transactions (flows),Equity capital excluding reinvested earnings,DU,Other services,Services,CHF Millions,14348.9
2015,FDI in Switzerland (Inward),Capital transactions (flows),Equity capital excluding reinvested earnings,T0,Total,Manufacturing,CHF Millions,10127.0
2015,FDI in Switzerland (Inward),Capital transactions (flows),Equity capital excluding reinvested earnings,T1,Total,Services,CHF Millions,65508.0
2015,FDI in Switzerland (Inward),Capital transactions (flows),Equity capital excluding reinvested earnings,T2,Total,Services,CHF Millions,43544.9
2015,FDI in Switzerland (Inward),Capital transactions (flows),Equity capital excluding reinvested earnings,D1_2,Total,All / Total,CHF Millions,75635.0
2015,FDI in Switzerland (Inward),Capital transactions (flows),Equity capital excluding reinvested earnings,D1_3,Total excluding special purpose entities,All / Total,CHF Millions,55889.1
2015,FDI in Switzerland (Inward),Capital transactions (flows),Equity capital excluding reinvested earnings,H,Trade,Services,CHF Millions,11114.4
2015,FDI in Switzerland (Inward),Capital transactions (flows),Equity capital excluding reinvested earnings,TUK,Transportation and communications,Services,CHF Millions,-1488.7
2015,FDI in Switzerland (Inward),Capital transactions (flows),Equity capital excluding reinvested earnings,DSPE0,of which special purpose entities,Services,CHF Millions,19745.9
2015,FDI in Switzerland (Inward),Capital transactions (flows),Equity capital excluding reinvested earnings,DSPE,of which special purpose entities,Services,CHF Millions,19745.9
2015,FDI in Switzerland (Inward),Capital transactions (flows),Reinvested earnings,B,Banks,Services,CHF Millions,-515.3
2015,FDI in Switzerland (Inward),Capital transactions (flows),Reinvested earnings,CUK,Chemicals and plastics,Manufacturing,CHF Millions,-529.7
2015,FDI in Switzerland (Inward),Capital transactions (flows),Reinvested earnings,EEOU,"Electronics, energy, optical and watchmaking",Manufacturing,CHF Millions,2970.6
2015,FDI in Switzerland (Inward),Capital transactions (flows),Reinvested earnings,V,Insurance companies,Services,CHF Millions,-82.6
2015,FDI in Switzerland (Inward),Capital transactions (flows),Reinvested earnings,MUM,Metals and machinery,Manufacturing,CHF Millions,142.5
2015,FDI in Switzerland (Inward),Capital transactions (flows),Reinvested earnings,UIB,Other manufacturing and construction,Manufacturing,CHF Millions,-513.9
2015,FDI in Switzerland (Inward),Capital transactions (flows),Reinvested earnings,DU,Other services,Services,CHF Millions,20.7
2015,FDI in Switzerland (Inward),Capital transactions (flows),Reinvested earnings,T0,Total,Manufacturing,CHF Millions,2069.4
2015,FDI in Switzerland (Inward),Capital transactions (flows),Reinvested earnings,T1,Total,Services,CHF Millions,15961.1
2015,FDI in Switzerland (Inward),Capital transactions (flows),Reinvested earnings,T2,Total,Services,CHF Millions,10529.9
2015,FDI in Switzerland (Inward),Capital transactions (flows),Reinvested earnings,D1_2,Total,All / Total,CHF Millions,18030.5
2015,FDI in Switzerland (Inward),Capital transactions (flows),Reinvested earnings,D1_3,Total excluding special purpose entities,All / Total,CHF Millions,18753.5
2015,FDI in Switzerland (Inward),Capital transactions (flows),Reinvested earnings,H,Trade,Services,CHF Millions,4448.6
2015,FDI in Switzerland (Inward),Capital transactions (flows),Reinvested earnings,TUK,Transportation and communications,Services,CHF Millions,20.7
2015,FDI in Switzerland (Inward),Capital transactions (flows),Reinvested earnings,DSPE0,of which special purpose entities,Services,CHF Millions,-723.0
2015,FDI in Switzerland (Inward),Capital transactions (flows),Reinvested earnings,DSPE,of which special purpose entities,Services,CHF Millions,-715.9
2015,FDI in Switzerland (Inward),Capital transactions (flows),Total,B,Banks,Services,CHF Millions,-2638.9
2015,FDI in Switzerland (Inward),Capital transactions (flows),Total,CUK,Chemicals and plastics,Manufacturing,CHF Millions,7520.3
2015,FDI in Switzerland (Inward),Capital transactions (flows),Total,EEOU,"Electronics, energy, optical and watchmaking",Manufacturing,CHF Millions,4804.4
2015,FDI in Switzerland (Inward),Capital transactions (flows),Total,V,Insurance companies,Services,CHF Millions,1391.2
2015,FDI in Switzerland (Inward),Capital transactions (flows),Total,PMG,Memorandum item: Real estate activities,All / Total,CHF Millions,438.7
2015,FDI in Switzerland (Inward),Capital transactions (flows),Total,PMT,Memorandum item: Total including real estate activities,All / Total,CHF Millions,83099.3
2015,FDI in Switzerland (Inward),Capital transactions (flows),Total,MUM,Metals and machinery,Manufacturing,CHF Millions,742.0
2015,FDI in Switzerland (Inward),Capital transactions (flows),Total,UIB,Other manufacturing and construction,Manufacturing,CHF Millions,233.0
2015,FDI in Switzerland (Inward),Capital transactions (flows),Total,DU,Other services,Services,CHF Millions,27303.6
2015,FDI in Switzerland (Inward),Capital transactions (flows),Total,T0,Total,Manufacturing,CHF Millions,13299.7
2015,FDI in Switzerland (Inward),Capital transactions (flows),Total,T1,Total,Services,CHF Millions,69360.9
2015,FDI in Switzerland (Inward),Capital transactions (flows),Total,T2,Total,Services,CHF Millions,38217.5
2015,FDI in Switzerland (Inward),Capital transactions (flows),Total,D1_2,Total,All / Total,CHF Millions,82660.7
2015,FDI in Switzerland (Inward),Capital transactions (flows),Total,D1_3,Total excluding special purpose entities,All / Total,CHF Millions,64128.8
2015,FDI in Switzerland (Inward),Capital transactions (flows),Total,H,Trade,Services,CHF Millions,5624.4
2015,FDI in Switzerland (Inward),Capital transactions (flows),Total,TUK,Transportation and communications,Services,CHF Millions,-537.0
2015,FDI in Switzerland (Inward),Capital transactions (flows),Total,DSPE0,of which special purpose entities,Services,CHF Millions,18531.9
2015,FDI in Switzerland (Inward),Capital transactions (flows),Total,DSPE,of which special purpose entities,Services,CHF Millions,18611.2
2015,FDI in Switzerland (Inward),Investment income,Debt instruments: net interest,B,Banks,Services,CHF Millions,
2015,FDI in Switzerland (Inward),Investment income,Debt instruments: net interest,CUK,Chemicals and plastics,Manufacturing,CHF Millions,100.8
2015,FDI in Switzerland (Inward),Investment income,Debt instruments: net interest,EEOU,"Electronics, energy, optical and watchmaking",Manufacturing,CHF Millions,63.6
2015,FDI in Switzerland (Inward),Investment income,Debt instruments: net interest,V,Insurance companies,Services,CHF Millions,-39.8
2015,FDI in Switzerland (Inward),Investment income,Debt instruments: net interest,MUM,Metals and machinery,Manufacturing,CHF Millions,65.4
2015,FDI in Switzerland (Inward),Investment income,Debt instruments: net interest,UIB,Other manufacturing and construction,Manufacturing,CHF Millions,40.5
2015,FDI in Switzerland (Inward),Investment income,Debt instruments: net interest,DU,Other services,Services,CHF Millions,-290.5
2015,FDI in Switzerland (Inward),Investment income,Debt instruments: net interest,T0,Total,Manufacturing,CHF Millions,270.2
2015,FDI in Switzerland (Inward),Investment income,Debt instruments: net interest,T1,Total,Services,CHF Millions,915.0
2015,FDI in Switzerland (Inward),Investment income,Debt instruments: net interest,T2,Total,Services,CHF Millions,20.4
2015,FDI in Switzerland (Inward),Investment income,Debt instruments: net interest,D1_2,Total,All / Total,CHF Millions,1185.2
2015,FDI in Switzerland (Inward),Investment income,Debt instruments: net interest,D1_3,Total excluding special purpose entities,All / Total,CHF Millions,1115.8
2015,FDI in Switzerland (Inward),Investment income,Debt instruments: net interest,H,Trade,Services,CHF Millions,965.4
2015,FDI in Switzerland (Inward),Investment income,Debt instruments: net interest,TUK,Transportation and communications,Services,CHF Millions,259.4
2015,FDI in Switzerland (Inward),Investment income,Debt instruments: net interest,DSPE0,of which special purpose entities,Services,CHF Millions,69.4
2015,FDI in Switzerland (Inward),Investment income,Debt instruments: net interest,DSPE,of which special purpose entities,Services,CHF Millions,44.8
2015,FDI in Switzerland (Inward),Investment income,Dividends,B,Banks,Services,CHF Millions,1017.2
2015,FDI in Switzerland (Inward),Investment income,Dividends,CUK,Chemicals and plastics,Manufacturing,CHF Millions,8688.4
2015,FDI in Switzerland (Inward),Investment income,Dividends,EEOU,"Electronics, energy, optical and watchmaking",Manufacturing,CHF Millions,1413.8
2015,FDI in Switzerland (Inward),Investment income,Dividends,V,Insurance companies,Services,CHF Millions,2838.9
2015,FDI in Switzerland (Inward),Investment income,Dividends,MUM,Metals and machinery,Manufacturing,CHF Millions,796.6
2015,FDI in Switzerland (Inward),Investment income,Dividends,UIB,Other manufacturing and construction,Manufacturing,CHF Millions,1838.6
2015,FDI in Switzerland (Inward),Investment income,Dividends,DU,Other services,Services,CHF Millions,2632.6
2015,FDI in Switzerland (Inward),Investment income,Dividends,T0,Total,Manufacturing,CHF Millions,12737.5
2015,FDI in Switzerland (Inward),Investment income,Dividends,T1,Total,Services,CHF Millions,28943.8
2015,FDI in Switzerland (Inward),Investment income,Dividends,T2,Total,Services,CHF Millions,13536.7
2015,FDI in Switzerland (Inward),Investment income,Dividends,D1_2,Total,All / Total,CHF Millions,41681.3
2015,FDI in Switzerland (Inward),Investment income,Dividends,D1_3,Total excluding special purpose entities,All / Total,CHF Millions,36893.7
2015,FDI in Switzerland (Inward),Investment income,Dividends,H,Trade,Services,CHF Millions,7996.1
2015,FDI in Switzerland (Inward),Investment income,Dividends,TUK,Transportation and communications,Services,CHF Millions,922.3
2015,FDI in Switzerland (Inward),Investment income,Dividends,DSPE0,of which special purpose entities,Services,CHF Millions,4787.6
2015,FDI in Switzerland (Inward),Investment income,Dividends,DSPE,of which special purpose entities,Services,CHF Millions,4783.3
2015,FDI in Switzerland (Inward),Investment income,Reinvested earnings,B,Banks,Services,CHF Millions,-515.3
2015,FDI in Switzerland (Inward),Investment income,Reinvested earnings,CUK,Chemicals and plastics,Manufacturing,CHF Millions,-529.7
2015,FDI in Switzerland (Inward),Investment income,Reinvested earnings,EEOU,"Electronics, energy, optical and watchmaking",Manufacturing,CHF Millions,2970.6
2015,FDI in Switzerland (Inward),Investment income,Reinvested earnings,V,Insurance companies,Services,CHF Millions,-82.6
2015,FDI in Switzerland (Inward),Investment income,Reinvested earnings,MUM,Metals and machinery,Manufacturing,CHF Millions,142.5
2015,FDI in Switzerland (Inward),Investment income,Reinvested earnings,UIB,Other manufacturing and construction,Manufacturing,CHF Millions,-513.9
2015,FDI in Switzerland (Inward),Investment income,Reinvested earnings,DU,Other services,Services,CHF Millions,1559.7
2015,FDI in Switzerland (Inward),Investment income,Reinvested earnings,T0,Total,Manufacturing,CHF Millions,2069.4
2015,FDI in Switzerland (Inward),Investment income,Reinvested earnings,T1,Total,Services,CHF Millions,15961.1
2015,FDI in Switzerland (Inward),Investment income,Reinvested earnings,T2,Total,Services,CHF Millions,10529.9
2015,FDI in Switzerland (Inward),Investment income,Reinvested earnings,D1_2,Total,All / Total,CHF Millions,18030.5
2015,FDI in Switzerland (Inward),Investment income,Reinvested earnings,D1_3,Total excluding special purpose entities,All / Total,CHF Millions,18753.5
2015,FDI in Switzerland (Inward),Investment income,Reinvested earnings,H,Trade,Services,CHF Millions,4448.6
2015,FDI in Switzerland (Inward),Investment income,Reinvested earnings,TUK,Transportation and communications,Services,CHF Millions,20.7
2015,FDI in Switzerland (Inward),Investment income,Reinvested earnings,DSPE0,of which special purpose entities,Services,CHF Millions,-723.0
2015,FDI in Switzerland (Inward),Investment income,Reinvested earnings,DSPE,of which special purpose entities,Services,CHF Millions,-715.9
2015,FDI in Switzerland (Inward),Investment income,Total,B,Banks,Services,CHF Millions,501.9
2015,FDI in Switzerland (Inward),Investment income,Total,CUK,Chemicals and plastics,Manufacturing,CHF Millions,8259.5
2015,FDI in Switzerland (Inward),Investment income,Total,EEOU,"Electronics, energy, optical and watchmaking",Manufacturing,CHF Millions,4447.9
2015,FDI in Switzerland (Inward),Investment income,Total,V,Insurance companies,Services,CHF Millions,2716.5
2015,FDI in Switzerland (Inward),Investment income,Total,MUM,Metals and machinery,Manufacturing,CHF Millions,1004.5
2015,FDI in Switzerland (Inward),Investment income,Total,UIB,Other manufacturing and construction,Manufacturing,CHF Millions,1365.2
2015,FDI in Switzerland (Inward),Investment income,Total,DU,Other services,Services,CHF Millions,3901.8
2015,FDI in Switzerland (Inward),Investment income,Total,T0,Total,Manufacturing,CHF Millions,15077.1
2015,FDI in Switzerland (Inward),Investment income,Total,T1,Total,Services,CHF Millions,45819.9
2015,FDI in Switzerland (Inward),Investment income,Total,T2,Total,Services,CHF Millions,24087.0
2015,FDI in Switzerland (Inward),Investment income,Total,D1_2,Total,All / Total,CHF Millions,60897.0
2015,FDI in Switzerland (Inward),Investment income,Total,D1_3,Total excluding special purpose entities,All / Total,CHF Millions,56763.1
2015,FDI in Switzerland (Inward),Investment income,Total,H,Trade,Services,CHF Millions,13410.2
2015,FDI in Switzerland (Inward),Investment income,Total,TUK,Transportation and communications,Services,CHF Millions,1202.4
2015,FDI in Switzerland (Inward),Investment income,Total,DSPE0,of which special purpose entities,Services,CHF Millions,4134.0
2015,FDI in Switzerland (Inward),Investment income,Total,DSPE,of which special purpose entities,Services,CHF Millions,4112.2
2015,Swiss FDI abroad (Outward),Capital stocks,Debt instruments,B,Banks,Services,CHF Millions,
2015,Swiss FDI abroad (Outward),Capital stocks,Debt instruments,CUK,Chemicals and plastics,Manufacturing,CHF Millions,23412.3
2015,Swiss FDI abroad (Outward),Capital stocks,Debt instruments,SB,Domestically controlled,Services,CHF Millions,2306.8
2015,Swiss FDI abroad (Outward),Capital stocks,Debt instruments,EEOU,"Electronics, energy, optical and watchmaking",Manufacturing,CHF Millions,3506.5
2015,Swiss FDI abroad (Outward),Capital stocks,Debt instruments,V,Insurance companies,Services,CHF Millions,-10621.3
2015,Swiss FDI abroad (Outward),Capital stocks,Debt instruments,MUM,Metals and machinery,Manufacturing,CHF Millions,10196.9
2015,Swiss FDI abroad (Outward),Capital stocks,Debt instruments,UIB,Other manufacturing and construction,Manufacturing,CHF Millions,24045.7
2015,Swiss FDI abroad (Outward),Capital stocks,Debt instruments,DU,Other services,Services,CHF Millions,-39287.1
2015,Swiss FDI abroad (Outward),Capital stocks,Debt instruments,T0,Total,Manufacturing,CHF Millions,61161.4
2015,Swiss FDI abroad (Outward),Capital stocks,Debt instruments,T1,Total,Services,CHF Millions,21151.5
2015,Swiss FDI abroad (Outward),Capital stocks,Debt instruments,T2,Total,Services,CHF Millions,43195.4
2015,Swiss FDI abroad (Outward),Capital stocks,Debt instruments,T3,Total,Services,CHF Millions,40888.7
2015,Swiss FDI abroad (Outward),Capital stocks,Debt instruments,D1_2,Total,All / Total,CHF Millions,82312.9
2015,Swiss FDI abroad (Outward),Capital stocks,Debt instruments,D1_5,Total excluding foreign-controlled enterprises,All / Total,CHF Millions,50699.8
2015,Swiss FDI abroad (Outward),Capital stocks,Debt instruments,D1_3,Total excluding foreign-controlled finance and holding companies,All / Total,CHF Millions,41424.2
2015,Swiss FDI abroad (Outward),Capital stocks,Debt instruments,D1_4,Total excluding special purpose entities,All / Total,CHF Millions,79734.9
2015,Swiss FDI abroad (Outward),Capital stocks,Debt instruments,D1_6,Total foreign-controlled enterprises,All / Total,CHF Millions,31613.1
2015,Swiss FDI abroad (Outward),Capital stocks,Debt instruments,H,Trade,Services,CHF Millions,20272.8
2015,Swiss FDI abroad (Outward),Capital stocks,Debt instruments,TUK,Transportation and communications,Services,CHF Millions,7591.6
2015,Swiss FDI abroad (Outward),Capital stocks,Debt instruments,DSPE0,of which special purpose entities,Services,CHF Millions,2578.0
2015,Swiss FDI abroad (Outward),Capital stocks,Debt instruments,DSPE,of which special purpose entities,Services,CHF Millions,2262.0
2015,Swiss FDI abroad (Outward),Capital stocks,Equity capital,B,Banks,Services,CHF Millions,81387.8
2015,Swiss FDI abroad (Outward),Capital stocks,Equity capital,CUK,Chemicals and plastics,Manufacturing,CHF Millions,141508.9
2015,Swiss FDI abroad (Outward),Capital stocks,Equity capital,SB,Domestically controlled,Services,CHF Millions,77546.3
2015,Swiss FDI abroad (Outward),Capital stocks,Equity capital,EEOU,"Electronics, energy, optical and watchmaking",Manufacturing,CHF Millions,67450.1
2015,Swiss FDI abroad (Outward),Capital stocks,Equity capital,V,Insurance companies,Services,CHF Millions,85689.6
2015,Swiss FDI abroad (Outward),Capital stocks,Equity capital,PMG,Memorandum item: Real estate activities,All / Total,CHF Millions,2809.2
2015,Swiss FDI abroad (Outward),Capital stocks,Equity capital,PMT,Memorandum item: Total including real estate activities,All / Total,CHF Millions,1051161.5
2015,Swiss FDI abroad (Outward),Capital stocks,Equity capital,MUM,Metals and machinery,Manufacturing,CHF Millions,25249.4
2015,Swiss FDI abroad (Outward),Capital stocks,Equity capital,UIB,Other manufacturing and construction,Manufacturing,CHF Millions,106895.4
2015,Swiss FDI abroad (Outward),Capital stocks,Equity capital,DU,Other services,Services,CHF Millions,72837.9
2015,Swiss FDI abroad (Outward),Capital stocks,Equity capital,T0,Total,Manufacturing,CHF Millions,341103.8
2015,Swiss FDI abroad (Outward),Capital stocks,Equity capital,T1,Total,Services,CHF Millions,707248.5
2015,Swiss FDI abroad (Outward),Capital stocks,Equity capital,T2,Total,Services,CHF Millions,333026.6
2015,Swiss FDI abroad (Outward),Capital stocks,Equity capital,T3,Total,Services,CHF Millions,255480.3
2015,Swiss FDI abroad (Outward),Capital stocks,Equity capital,D1_2,Total,All / Total,CHF Millions,1048352.4
2015,Swiss FDI abroad (Outward),Capital stocks,Equity capital,D1_5,Total excluding foreign-controlled enterprises,All / Total,CHF Millions,563919.5
2015,Swiss FDI abroad (Outward),Capital stocks,Equity capital,D1_3,Total excluding foreign-controlled finance and holding companies,All / Total,CHF Millions,792872.1
2015,Swiss FDI abroad (Outward),Capital stocks,Equity capital,D1_4,Total excluding special purpose entities,All / Total,CHF Millions,946307.2
2015,Swiss FDI abroad (Outward),Capital stocks,Equity capital,D1_6,Total foreign-controlled enterprises,All / Total,CHF Millions,484432.8
2015,Swiss FDI abroad (Outward),Capital stocks,Equity capital,H,Trade,Services,CHF Millions,115163.6
2015,Swiss FDI abroad (Outward),Capital stocks,Equity capital,TUK,Transportation and communications,Services,CHF Millions,19143.0
2015,Swiss FDI abroad (Outward),Capital stocks,Equity capital,DSPE0,of which special purpose entities,Services,CHF Millions,102045.2
2015,Swiss FDI abroad (Outward),Capital stocks,Equity capital,DSPE,of which special purpose entities,Services,CHF Millions,101560.5
2015,Swiss FDI abroad (Outward),Capital stocks,Total,B,Banks,Services,CHF Millions,81387.8
2015,Swiss FDI abroad (Outward),Capital stocks,Total,CUK,Chemicals and plastics,Manufacturing,CHF Millions,164921.2
2015,Swiss FDI abroad (Outward),Capital stocks,Total,SB,Domestically controlled,Services,CHF Millions,79853.1
2015,Swiss FDI abroad (Outward),Capital stocks,Total,EEOU,"Electronics, energy, optical and watchmaking",Manufacturing,CHF Millions,70956.6
2015,Swiss FDI abroad (Outward),Capital stocks,Total,V,Insurance companies,Services,CHF Millions,75068.3
2015,Swiss FDI abroad (Outward),Capital stocks,Total,PMG,Memorandum item: Real estate activities,All / Total,CHF Millions,2809.2
2015,Swiss FDI abroad (Outward),Capital stocks,Total,PMT,Memorandum item: Total including real estate activities,All / Total,CHF Millions,1133474.4
2015,Swiss FDI abroad (Outward),Capital stocks,Total,MUM,Metals and machinery,Manufacturing,CHF Millions,35446.3
2015,Swiss FDI abroad (Outward),Capital stocks,Total,UIB,Other manufacturing and construction,Manufacturing,CHF Millions,130941.0
2015,Swiss FDI abroad (Outward),Capital stocks,Total,DU,Other services,Services,CHF Millions,33550.8
2015,Swiss FDI abroad (Outward),Capital stocks,Total,T0,Total,Manufacturing,CHF Millions,402265.2
2015,Swiss FDI abroad (Outward),Capital stocks,Total,T1,Total,Services,CHF Millions,728400.1
2015,Swiss FDI abroad (Outward),Capital stocks,Total,T2,Total,Services,CHF Millions,376222.0
2015,Swiss FDI abroad (Outward),Capital stocks,Total,T3,Total,Services,CHF Millions,296368.9
2015,Swiss FDI abroad (Outward),Capital stocks,Total,D1_2,Total,All / Total,CHF Millions,1130665.2
2015,Swiss FDI abroad (Outward),Capital stocks,Total,D1_5,Total excluding foreign-controlled enterprises,All / Total,CHF Millions,614619.3
2015,Swiss FDI abroad (Outward),Capital stocks,Total,D1_3,Total excluding foreign-controlled finance and holding companies,All / Total,CHF Millions,834296.3
2015,Swiss FDI abroad (Outward),Capital stocks,Total,D1_4,Total excluding special purpose entities,All / Total,CHF Millions,1026042.1
2015,Swiss FDI abroad (Outward),Capital stocks,Total,D1_6,Total foreign-controlled enterprises,All / Total,CHF Millions,516045.9
2015,Swiss FDI abroad (Outward),Capital stocks,Total,H,Trade,Services,CHF Millions,135436.5
2015,Swiss FDI abroad (Outward),Capital stocks,Total,TUK,Transportation and communications,Services,CHF Millions,26734.7
2015,Swiss FDI abroad (Outward),Capital stocks,Total,DSPE0,of which special purpose entities,Services,CHF Millions,104623.1
2015,Swiss FDI abroad (Outward),Capital stocks,Total,DSPE,of which special purpose entities,Services,CHF Millions,103822.4
2015,Swiss FDI abroad (Outward),Capital transactions (flows),Debt instruments,B,Banks,Services,CHF Millions,
2015,Swiss FDI abroad (Outward),Capital transactions (flows),Debt instruments,CUK,Chemicals and plastics,Manufacturing,CHF Millions,-13145.8
2015,Swiss FDI abroad (Outward),Capital transactions (flows),Debt instruments,SB,Domestically controlled,Services,CHF Millions,51.0
2015,Swiss FDI abroad (Outward),Capital transactions (flows),Debt instruments,EEOU,"Electronics, energy, optical and watchmaking",Manufacturing,CHF Millions,-7609.5
2015,Swiss FDI abroad (Outward),Capital transactions (flows),Debt instruments,V,Insurance companies,Services,CHF Millions,3540.1
2015,Swiss FDI abroad (Outward),Capital transactions (flows),Debt instruments,MUM,Metals and machinery,Manufacturing,CHF Millions,416.9
2015,Swiss FDI abroad (Outward),Capital transactions (flows),Debt instruments,UIB,Other manufacturing and construction,Manufacturing,CHF Millions,9570.5
2015,Swiss FDI abroad (Outward),Capital transactions (flows),Debt instruments,DU,Other services,Services,CHF Millions,998.1
2015,Swiss FDI abroad (Outward),Capital transactions (flows),Debt instruments,T0,Total,Manufacturing,CHF Millions,-10767.9
2015,Swiss FDI abroad (Outward),Capital transactions (flows),Debt instruments,T1,Total,Services,CHF Millions,19169.5
2015,Swiss FDI abroad (Outward),Capital transactions (flows),Debt instruments,T2,Total,Services,CHF Millions,466.0
2015,Swiss FDI abroad (Outward),Capital transactions (flows),Debt instruments,T3,Total,Services,CHF Millions,415.0
2015,Swiss FDI abroad (Outward),Capital transactions (flows),Debt instruments,D1_2,Total,All / Total,CHF Millions,8401.6
2015,Swiss FDI abroad (Outward),Capital transactions (flows),Debt instruments,D1_5,Total excluding foreign-controlled enterprises,All / Total,CHF Millions,-4767.3
2015,Swiss FDI abroad (Outward),Capital transactions (flows),Debt instruments,D1_3,Total excluding foreign-controlled finance and holding companies,All / Total,CHF Millions,7986.6
2015,Swiss FDI abroad (Outward),Capital transactions (flows),Debt instruments,D1_4,Total excluding special purpose entities,All / Total,CHF Millions,8993.8
2015,Swiss FDI abroad (Outward),Capital transactions (flows),Debt instruments,D1_6,Total foreign-controlled enterprises,All / Total,CHF Millions,13168.9
2015,Swiss FDI abroad (Outward),Capital transactions (flows),Debt instruments,H,Trade,Services,CHF Millions,13923.3
2015,Swiss FDI abroad (Outward),Capital transactions (flows),Debt instruments,TUK,Transportation and communications,Services,CHF Millions,242.0
2015,Swiss FDI abroad (Outward),Capital transactions (flows),Debt instruments,DSPE0,of which special purpose entities,Services,CHF Millions,-592.3
2015,Swiss FDI abroad (Outward),Capital transactions (flows),Debt instruments,DSPE,of which special purpose entities,Services,CHF Millions,-616.8
2015,Swiss FDI abroad (Outward),Capital transactions (flows),Equity capital excluding reinvested earnings,B,Banks,Services,CHF Millions,-293.5
2015,Swiss FDI abroad (Outward),Capital transactions (flows),Equity capital excluding reinvested earnings,CUK,Chemicals and plastics,Manufacturing,CHF Millions,3072.0
2015,Swiss FDI abroad (Outward),Capital transactions (flows),Equity capital excluding reinvested earnings,SB,Domestically controlled,Services,CHF Millions,177.5
2015,Swiss FDI abroad (Outward),Capital transactions (flows),Equity capital excluding reinvested earnings,EEOU,"Electronics, energy, optical and watchmaking",Manufacturing,CHF Millions,2682.8
2015,Swiss FDI abroad (Outward),Capital transactions (flows),Equity capital excluding reinvested earnings,V,Insurance companies,Services,CHF Millions,1079.6
2015,Swiss FDI abroad (Outward),Capital transactions (flows),Equity capital excluding reinvested earnings,PMG,Memorandum item: Real estate activities,All / Total,CHF Millions,-280.1
2015,Swiss FDI abroad (Outward),Capital transactions (flows),Equity capital excluding reinvested earnings,PMT,Memorandum item: Total including real estate activities,All / Total,CHF Millions,54376.9
2015,Swiss FDI abroad (Outward),Capital transactions (flows),Equity capital excluding reinvested earnings,MUM,Metals and machinery,Manufacturing,CHF Millions,-1717.3
2015,Swiss FDI abroad (Outward),Capital transactions (flows),Equity capital excluding reinvested earnings,UIB,Other manufacturing and construction,Manufacturing,CHF Millions,-855.7
2015,Swiss FDI abroad (Outward),Capital transactions (flows),Equity capital excluding reinvested earnings,DU,Other services,Services,CHF Millions,7631.6
2015,Swiss FDI abroad (Outward),Capital transactions (flows),Equity capital excluding reinvested earnings,T0,Total,Manufacturing,CHF Millions,3181.8
2015,Swiss FDI abroad (Outward),Capital transactions (flows),Equity capital excluding reinvested earnings,T1,Total,Services,CHF Millions,51475.2
2015,Swiss FDI abroad (Outward),Capital transactions (flows),Equity capital excluding reinvested earnings,T2,Total,Services,CHF Millions,34174.4
2015,Swiss FDI abroad (Outward),Capital transactions (flows),Equity capital excluding reinvested earnings,T3,Total,Services,CHF Millions,33997.0
2015,Swiss FDI abroad (Outward),Capital transactions (flows),Equity capital excluding reinvested earnings,D1_2,Total,All / Total,CHF Millions,54657.0
2015,Swiss FDI abroad (Outward),Capital transactions (flows),Equity capital excluding reinvested earnings,D1_5,Total excluding foreign-controlled enterprises,All / Total,CHF Millions,2438.3
2015,Swiss FDI abroad (Outward),Capital transactions (flows),Equity capital excluding reinvested earnings,D1_3,Total excluding foreign-controlled finance and holding companies,All / Total,CHF Millions,20660.1
2015,Swiss FDI abroad (Outward),Capital transactions (flows),Equity capital excluding reinvested earnings,D1_4,Total excluding special purpose entities,All / Total,CHF Millions,36623.3
2015,Swiss FDI abroad (Outward),Capital transactions (flows),Equity capital excluding reinvested earnings,D1_6,Total foreign-controlled enterprises,All / Total,CHF Millions,52218.7
2015,Swiss FDI abroad (Outward),Capital transactions (flows),Equity capital excluding reinvested earnings,H,Trade,Services,CHF Millions,6724.6
2015,Swiss FDI abroad (Outward),Capital transactions (flows),Equity capital excluding reinvested earnings,TUK,Transportation and communications,Services,CHF Millions,2158.6
2015,Swiss FDI abroad (Outward),Capital transactions (flows),Equity capital excluding reinvested earnings,DSPE0,of which special purpose entities,Services,CHF Millions,18033.7
2015,Swiss FDI abroad (Outward),Capital transactions (flows),Equity capital excluding reinvested earnings,DSPE,of which special purpose entities,Services,CHF Millions,17996.1
2015,Swiss FDI abroad (Outward),Capital transactions (flows),Reinvested earnings,B,Banks,Services,CHF Millions,-2123.0
2015,Swiss FDI abroad (Outward),Capital transactions (flows),Reinvested earnings,CUK,Chemicals and plastics,Manufacturing,CHF Millions,9950.5
2015,Swiss FDI abroad (Outward),Capital transactions (flows),Reinvested earnings,SB,Domestically controlled,Services,CHF Millions,5392.7
2015,Swiss FDI abroad (Outward),Capital transactions (flows),Reinvested earnings,EEOU,"Electronics, energy, optical and watchmaking",Manufacturing,CHF Millions,4601.9
2015,Swiss FDI abroad (Outward),Capital transactions (flows),Reinvested earnings,V,Insurance companies,Services,CHF Millions,3464.9
2015,Swiss FDI abroad (Outward),Capital transactions (flows),Reinvested earnings,MUM,Metals and machinery,Manufacturing,CHF Millions,1058.6
2015,Swiss FDI abroad (Outward),Capital transactions (flows),Reinvested earnings,UIB,Other manufacturing and construction,Manufacturing,CHF Millions,4357.5
2015,Swiss FDI abroad (Outward),Capital transactions (flows),Reinvested earnings,DU,Other services,Services,CHF Millions,-519.6
2015,Swiss FDI abroad (Outward),Capital transactions (flows),Reinvested earnings,T0,Total,Manufacturing,CHF Millions,19968.5
2015,Swiss FDI abroad (Outward),Capital transactions (flows),Reinvested earnings,T1,Total,Services,CHF Millions,4790.1
2015,Swiss FDI abroad (Outward),Capital transactions (flows),Reinvested earnings,T2,Total,Services,CHF Millions,1195.4
2015,Swiss FDI abroad (Outward),Capital transactions (flows),Reinvested earnings,T3,Total,Services,CHF Millions,-4197.3
2015,Swiss FDI abroad (Outward),Capital transactions (flows),Reinvested earnings,D1_2,Total,All / Total,CHF Millions,24758.6
2015,Swiss FDI abroad (Outward),Capital transactions (flows),Reinvested earnings,D1_5,Total excluding foreign-controlled enterprises,All / Total,CHF Millions,26628.7
2015,Swiss FDI abroad (Outward),Capital transactions (flows),Reinvested earnings,D1_3,Total excluding foreign-controlled finance and holding companies,All / Total,CHF Millions,28955.9
2015,Swiss FDI abroad (Outward),Capital transactions (flows),Reinvested earnings,D1_4,Total excluding special purpose entities,All / Total,CHF Millions,28943.6
2015,Swiss FDI abroad (Outward),Capital transactions (flows),Reinvested earnings,D1_6,Total foreign-controlled enterprises,All / Total,CHF Millions,-1870.1
2015,Swiss FDI abroad (Outward),Capital transactions (flows),Reinvested earnings,H,Trade,Services,CHF Millions,2033.0
2015,Swiss FDI abroad (Outward),Capital transactions (flows),Reinvested earnings,TUK,Transportation and communications,Services,CHF Millions,739.4
2015,Swiss FDI abroad (Outward),Capital transactions (flows),Reinvested earnings,DSPE0,of which special purpose entities,Services,CHF Millions,-4185.0
2015,Swiss FDI abroad (Outward),Capital transactions (flows),Reinvested earnings,DSPE,of which special purpose entities,Services,CHF Millions,-4188.9
2015,Swiss FDI abroad (Outward),Capital transactions (flows),Total,B,Banks,Services,CHF Millions,-2416.5
2015,Swiss FDI abroad (Outward),Capital transactions (flows),Total,CUK,Chemicals and plastics,Manufacturing,CHF Millions,-123.3
2015,Swiss FDI abroad (Outward),Capital transactions (flows),Total,SB,Domestically controlled,Services,CHF Millions,5621.2
2015,Swiss FDI abroad (Outward),Capital transactions (flows),Total,EEOU,"Electronics, energy, optical and watchmaking",Manufacturing,CHF Millions,-324.8
2015,Swiss FDI abroad (Outward),Capital transactions (flows),Total,V,Insurance companies,Services,CHF Millions,8084.6
2015,Swiss FDI abroad (Outward),Capital transactions (flows),Total,PMG,Memorandum item: Real estate activities,All / Total,CHF Millions,-280.1
2015,Swiss FDI abroad (Outward),Capital transactions (flows),Total,PMT,Memorandum item: Total including real estate activities,All / Total,CHF Millions,87537.1
2015,Swiss FDI abroad (Outward),Capital transactions (flows),Total,MUM,Metals and machinery,Manufacturing,CHF Millions,-241.7
2015,Swiss FDI abroad (Outward),Capital transactions (flows),Total,UIB,Other manufacturing and construction,Manufacturing,CHF Millions,13072.2
2015,Swiss FDI abroad (Outward),Capital transactions (flows),Total,DU,Other services,Services,CHF Millions,8110.2
2015,Swiss FDI abroad (Outward),Capital transactions (flows),Total,T0,Total,Manufacturing,CHF Millions,12382.4
2015,Swiss FDI abroad (Outward),Capital transactions (flows),Total,T1,Total,Services,CHF Millions,75434.9
2015,Swiss FDI abroad (Outward),Capital transactions (flows),Total,T2,Total,Services,CHF Millions,35835.8
2015,Swiss FDI abroad (Outward),Capital transactions (flows),Total,T3,Total,Services,CHF Millions,30214.6
2015,Swiss FDI abroad (Outward),Capital transactions (flows),Total,D1_2,Total,All / Total,CHF Millions,87817.2
2015,Swiss FDI abroad (Outward),Capital transactions (flows),Total,D1_5,Total excluding foreign-controlled enterprises,All / Total,CHF Millions,24299.7
2015,Swiss FDI abroad (Outward),Capital transactions (flows),Total,D1_3,Total excluding foreign-controlled finance and holding companies,All / Total,CHF Millions,57602.6
2015,Swiss FDI abroad (Outward),Capital transactions (flows),Total,D1_4,Total excluding special purpose entities,All / Total,CHF Millions,74560.7
2015,Swiss FDI abroad (Outward),Capital transactions (flows),Total,D1_6,Total foreign-controlled enterprises,All / Total,CHF Millions,63517.6
2015,Swiss FDI abroad (Outward),Capital transactions (flows),Total,H,Trade,Services,CHF Millions,22680.8
2015,Swiss FDI abroad (Outward),Capital transactions (flows),Total,TUK,Transportation and communications,Services,CHF Millions,3140.0
2015,Swiss FDI abroad (Outward),Capital transactions (flows),Total,DSPE0,of which special purpose entities,Services,CHF Millions,13256.5
2015,Swiss FDI abroad (Outward),Capital transactions (flows),Total,DSPE,of which special purpose entities,Services,CHF Millions,13190.5
2015,Swiss FDI abroad (Outward),Investment income,Debt instruments: net interest,B,Banks,Services,CHF Millions,
2015,Swiss FDI abroad (Outward),Investment income,Debt instruments: net interest,CUK,Chemicals and plastics,Manufacturing,CHF Millions,985.4
2015,Swiss FDI abroad (Outward),Investment income,Debt instruments: net interest,SB,Domestically controlled,Services,CHF Millions,244.0
2015,Swiss FDI abroad (Outward),Investment income,Debt instruments: net interest,EEOU,"Electronics, energy, optical and watchmaking",Manufacturing,CHF Millions,59.8
2015,Swiss FDI abroad (Outward),Investment income,Debt instruments: net interest,V,Insurance companies,Services,CHF Millions,231.1
2015,Swiss FDI abroad (Outward),Investment income,Debt instruments: net interest,MUM,Metals and machinery,Manufacturing,CHF Millions,265.6
2015,Swiss FDI abroad (Outward),Investment income,Debt instruments: net interest,UIB,Other manufacturing and construction,Manufacturing,CHF Millions,384.0
2015,Swiss FDI abroad (Outward),Investment income,Debt instruments: net interest,DU,Other services,Services,CHF Millions,51.3
2015,Swiss FDI abroad (Outward),Investment income,Debt instruments: net interest,T0,Total,Manufacturing,CHF Millions,1694.7
2015,Swiss FDI abroad (Outward),Investment income,Debt instruments: net interest,T1,Total,Services,CHF Millions,2907.7
2015,Swiss FDI abroad (Outward),Investment income,Debt instruments: net interest,T2,Total,Services,CHF Millions,2599.3
2015,Swiss FDI abroad (Outward),Investment income,Debt instruments: net interest,T3,Total,Services,CHF Millions,2355.3
2015,Swiss FDI abroad (Outward),Investment income,Debt instruments: net interest,D1_2,Total,All / Total,CHF Millions,4602.4
2015,Swiss FDI abroad (Outward),Investment income,Debt instruments: net interest,D1_5,Total excluding foreign-controlled enterprises,All / Total,CHF Millions,2272.4
2015,Swiss FDI abroad (Outward),Investment income,Debt instruments: net interest,D1_3,Total excluding foreign-controlled finance and holding companies,All / Total,CHF Millions,2247.1
2015,Swiss FDI abroad (Outward),Investment income,Debt instruments: net interest,D1_4,Total excluding special purpose entities,All / Total,CHF Millions,4282.4
2015,Swiss FDI abroad (Outward),Investment income,Debt instruments: net interest,D1_6,Total foreign-controlled enterprises,All / Total,CHF Millions,2330.0
2015,Swiss FDI abroad (Outward),Investment income,Debt instruments: net interest,H,Trade,Services,CHF Millions,-91.9
2015,Swiss FDI abroad (Outward),Investment income,Debt instruments: net interest,TUK,Transportation and communications,Services,CHF Millions,117.9
2015,Swiss FDI abroad (Outward),Investment income,Debt instruments: net interest,DSPE0,of which special purpose entities,Services,CHF Millions,320.0
2015,Swiss FDI abroad (Outward),Investment income,Debt instruments: net interest,DSPE,of which special purpose entities,Services,CHF Millions,314.7
2015,Swiss FDI abroad (Outward),Investment income,Dividends,B,Banks,Services,CHF Millions,4542.1
2015,Swiss FDI abroad (Outward),Investment income,Dividends,CUK,Chemicals and plastics,Manufacturing,CHF Millions,8739.2
2015,Swiss FDI abroad (Outward),Investment income,Dividends,SB,Domestically controlled,Services,CHF Millions,2337.5
2015,Swiss FDI abroad (Outward),Investment income,Dividends,EEOU,"Electronics, energy, optical and watchmaking",Manufacturing,CHF Millions,3576.8
2015,Swiss FDI abroad (Outward),Investment income,Dividends,V,Insurance companies,Services,CHF Millions,3685.5
2015,Swiss FDI abroad (Outward),Investment income,Dividends,MUM,Metals and machinery,Manufacturing,CHF Millions,1840.7
2015,Swiss FDI abroad (Outward),Investment income,Dividends,UIB,Other manufacturing and construction,Manufacturing,CHF Millions,6424.1
2015,Swiss FDI abroad (Outward),Investment income,Dividends,DU,Other services,Services,CHF Millions,2077.7
2015,Swiss FDI abroad (Outward),Investment income,Dividends,T0,Total,Manufacturing,CHF Millions,20580.8
2015,Swiss FDI abroad (Outward),Investment income,Dividends,T1,Total,Services,CHF Millions,32751.8
2015,Swiss FDI abroad (Outward),Investment income,Dividends,T2,Total,Services,CHF Millions,18808.2
2015,Swiss FDI abroad (Outward),Investment income,Dividends,T3,Total,Services,CHF Millions,16470.7
2015,Swiss FDI abroad (Outward),Investment income,Dividends,D1_2,Total,All / Total,CHF Millions,53332.6
2015,Swiss FDI abroad (Outward),Investment income,Dividends,D1_5,Total excluding foreign-controlled enterprises,All / Total,CHF Millions,32447.9
2015,Swiss FDI abroad (Outward),Investment income,Dividends,D1_3,Total excluding foreign-controlled finance and holding companies,All / Total,CHF Millions,36861.9
2015,Swiss FDI abroad (Outward),Investment income,Dividends,D1_4,Total excluding special purpose entities,All / Total,CHF Millions,45779.5
2015,Swiss FDI abroad (Outward),Investment income,Dividends,D1_6,Total foreign-controlled enterprises,All / Total,CHF Millions,20884.7
2015,Swiss FDI abroad (Outward),Investment income,Dividends,H,Trade,Services,CHF Millions,2880.3
2015,Swiss FDI abroad (Outward),Investment income,Dividends,TUK,Transportation and communications,Services,CHF Millions,758.0
2015,Swiss FDI abroad (Outward),Investment income,Dividends,DSPE0,of which special purpose entities,Services,CHF Millions,7553.1
2015,Swiss FDI abroad (Outward),Investment income,Dividends,DSPE,of which special purpose entities,Services,CHF Millions,7525.3
2015,Swiss FDI abroad (Outward),Investment income,Reinvested earnings,B,Banks,Services,CHF Millions,-2123.0
2015,Swiss FDI abroad (Outward),Investment income,Reinvested earnings,CUK,Chemicals and plastics,Manufacturing,CHF Millions,9950.5
2015,Swiss FDI abroad (Outward),Investment income,Reinvested earnings,SB,Domestically controlled,Services,CHF Millions,5392.7
2015,Swiss FDI abroad (Outward),Investment income,Reinvested earnings,EEOU,"Electronics, energy, optical and watchmaking",Manufacturing,CHF Millions,4601.9
2015,Swiss FDI abroad (Outward),Investment income,Reinvested earnings,V,Insurance companies,Services,CHF Millions,3464.9
2015,Swiss FDI abroad (Outward),Investment income,Reinvested earnings,MUM,Metals and machinery,Manufacturing,CHF Millions,1058.6
2015,Swiss FDI abroad (Outward),Investment income,Reinvested earnings,UIB,Other manufacturing and construction,Manufacturing,CHF Millions,4357.5
2015,Swiss FDI abroad (Outward),Investment income,Reinvested earnings,DU,Other services,Services,CHF Millions,-519.6
2015,Swiss FDI abroad (Outward),Investment income,Reinvested earnings,T0,Total,Manufacturing,CHF Millions,19968.5
2015,Swiss FDI abroad (Outward),Investment income,Reinvested earnings,T1,Total,Services,CHF Millions,4790.1
2015,Swiss FDI abroad (Outward),Investment income,Reinvested earnings,T2,Total,Services,CHF Millions,1195.4
2015,Swiss FDI abroad (Outward),Investment income,Reinvested earnings,T3,Total,Services,CHF Millions,-4197.3
2015,Swiss FDI abroad (Outward),Investment income,Reinvested earnings,D1_2,Total,All / Total,CHF Millions,24758.6
2015,Swiss FDI abroad (Outward),Investment income,Reinvested earnings,D1_5,Total excluding foreign-controlled enterprises,All / Total,CHF Millions,26628.7
2015,Swiss FDI abroad (Outward),Investment income,Reinvested earnings,D1_3,Total excluding foreign-controlled finance and holding companies,All / Total,CHF Millions,28955.9
2015,Swiss FDI abroad (Outward),Investment income,Reinvested earnings,D1_4,Total excluding special purpose entities,All / Total,CHF Millions,28943.6
2015,Swiss FDI abroad (Outward),Investment income,Reinvested earnings,D1_6,Total foreign-controlled enterprises,All / Total,CHF Millions,-1870.1
2015,Swiss FDI abroad (Outward),Investment income,Reinvested earnings,H,Trade,Services,CHF Millions,2033.0
2015,Swiss FDI abroad (Outward),Investment income,Reinvested earnings,TUK,Transportation and communications,Services,CHF Millions,739.4
2015,Swiss FDI abroad (Outward),Investment income,Reinvested earnings,DSPE0,of which special purpose entities,Services,CHF Millions,-4185.0
2015,Swiss FDI abroad (Outward),Investment income,Reinvested earnings,DSPE,of which special purpose entities,Services,CHF Millions,-4188.9
2015,Swiss FDI abroad (Outward),Investment income,Total,B,Banks,Services,CHF Millions,2419.1
2015,Swiss FDI abroad (Outward),Investment income,Total,CUK,Chemicals and plastics,Manufacturing,CHF Millions,19675.1
2015,Swiss FDI abroad (Outward),Investment income,Total,SB,Domestically controlled,Services,CHF Millions,7974.2
2015,Swiss FDI abroad (Outward),Investment income,Total,EEOU,"Electronics, energy, optical and watchmaking",Manufacturing,CHF Millions,8238.5
2015,Swiss FDI abroad (Outward),Investment income,Total,V,Insurance companies,Services,CHF Millions,7381.6
2015,Swiss FDI abroad (Outward),Investment income,Total,MUM,Metals and machinery,Manufacturing,CHF Millions,3164.9
2015,Swiss FDI abroad (Outward),Investment income,Total,UIB,Other manufacturing and construction,Manufacturing,CHF Millions,11165.5
2015,Swiss FDI abroad (Outward),Investment income,Total,DU,Other services,Services,CHF Millions,1609.4
2015,Swiss FDI abroad (Outward),Investment income,Total,T0,Total,Manufacturing,CHF Millions,42244.0
2015,Swiss FDI abroad (Outward),Investment income,Total,T1,Total,Services,CHF Millions,40449.6
2015,Swiss FDI abroad (Outward),Investment income,Total,T2,Total,Services,CHF Millions,22602.9
2015,Swiss FDI abroad (Outward),Investment income,Total,T3,Total,Services,CHF Millions,14628.7
2015,Swiss FDI abroad (Outward),Investment income,Total,D1_2,Total,All / Total,CHF Millions,82693.6
2015,Swiss FDI abroad (Outward),Investment income,Total,D1_5,Total excluding foreign-controlled enterprises,All / Total,CHF Millions,61348.9
2015,Swiss FDI abroad (Outward),Investment income,Total,D1_3,Total excluding foreign-controlled finance and holding companies,All / Total,CHF Millions,68064.9
2015,Swiss FDI abroad (Outward),Investment income,Total,D1_4,Total excluding special purpose entities,All / Total,CHF Millions,79005.4
2015,Swiss FDI abroad (Outward),Investment income,Total,D1_6,Total foreign-controlled enterprises,All / Total,CHF Millions,21344.7
2015,Swiss FDI abroad (Outward),Investment income,Total,H,Trade,Services,CHF Millions,4821.4
2015,Swiss FDI abroad (Outward),Investment income,Total,TUK,Transportation and communications,Services,CHF Millions,1615.3
2015,Swiss FDI abroad (Outward),Investment income,Total,DSPE0,of which special purpose entities,Services,CHF Millions,3688.2
2015,Swiss FDI abroad (Outward),Investment income,Total,DSPE,of which special purpose entities,Services,CHF Millions,3651.2
2016,FDI in Switzerland (Inward),Capital stocks,Debt instruments,B,Banks,Services,CHF Millions,
2016,FDI in Switzerland (Inward),Capital stocks,Debt instruments,CUK,Chemicals and plastics,Manufacturing,CHF Millions,-994.1
2016,FDI in Switzerland (Inward),Capital stocks,Debt instruments,EEOU,"Electronics, energy, optical and watchmaking",Manufacturing,CHF Millions,1264.3
2016,FDI in Switzerland (Inward),Capital stocks,Debt instruments,V,Insurance companies,Services,CHF Millions,-4279.6
2016,FDI in Switzerland (Inward),Capital stocks,Debt instruments,MUM,Metals and machinery,Manufacturing,CHF Millions,-286.7
2016,FDI in Switzerland (Inward),Capital stocks,Debt instruments,UIB,Other manufacturing and construction,Manufacturing,CHF Millions,1575.2
2016,FDI in Switzerland (Inward),Capital stocks,Debt instruments,DU,Other services,Services,CHF Millions,5316.7
2016,FDI in Switzerland (Inward),Capital stocks,Debt instruments,T0,Total,Manufacturing,CHF Millions,1558.7
2016,FDI in Switzerland (Inward),Capital stocks,Debt instruments,T1,Total,Services,CHF Millions,32763.5
2016,FDI in Switzerland (Inward),Capital stocks,Debt instruments,T2,Total,Services,CHF Millions,16206.5
2016,FDI in Switzerland (Inward),Capital stocks,Debt instruments,D1_2,Total,All / Total,CHF Millions,34322.2
2016,FDI in Switzerland (Inward),Capital stocks,Debt instruments,D1_3,Total excluding special purpose entities,All / Total,CHF Millions,-1340.4
2016,FDI in Switzerland (Inward),Capital stocks,Debt instruments,H,Trade,Services,CHF Millions,9798.7
2016,FDI in Switzerland (Inward),Capital stocks,Debt instruments,TUK,Transportation and communications,Services,CHF Millions,5721.3
2016,FDI in Switzerland (Inward),Capital stocks,Debt instruments,DSPE0,of which special purpose entities,Services,CHF Millions,35662.6
2016,FDI in Switzerland (Inward),Capital stocks,Debt instruments,DSPE,of which special purpose entities,Services,CHF Millions,35745.1
2016,FDI in Switzerland (Inward),Capital stocks,Equity capital,B,Banks,Services,CHF Millions,24305.0
2016,FDI in Switzerland (Inward),Capital stocks,Equity capital,CUK,Chemicals and plastics,Manufacturing,CHF Millions,73583.9
2016,FDI in Switzerland (Inward),Capital stocks,Equity capital,EEOU,"Electronics, energy, optical and watchmaking",Manufacturing,CHF Millions,40395.8
2016,FDI in Switzerland (Inward),Capital stocks,Equity capital,V,Insurance companies,Services,CHF Millions,28675.3
2016,FDI in Switzerland (Inward),Capital stocks,Equity capital,PMG,Memorandum item: Real estate activities,All / Total,CHF Millions,37679.2
2016,FDI in Switzerland (Inward),Capital stocks,Equity capital,PMT,Memorandum item: Total including real estate activities,All / Total,CHF Millions,1267370.3
2016,FDI in Switzerland (Inward),Capital stocks,Equity capital,MUM,Metals and machinery,Manufacturing,CHF Millions,13721.5
2016,FDI in Switzerland (Inward),Capital stocks,Equity capital,UIB,Other manufacturing and construction,Manufacturing,CHF Millions,9939.3
2016,FDI in Switzerland (Inward),Capital stocks,Equity capital,DU,Other services,Services,CHF Millions,102736.2
2016,FDI in Switzerland (Inward),Capital stocks,Equity capital,T0,Total,Manufacturing,CHF Millions,137640.6
2016,FDI in Switzerland (Inward),Capital stocks,Equity capital,T1,Total,Services,CHF Millions,1092050.4
2016,FDI in Switzerland (Inward),Capital stocks,Equity capital,T2,Total,Services,CHF Millions,759860.8
2016,FDI in Switzerland (Inward),Capital stocks,Equity capital,D1_2,Total,All / Total,CHF Millions,1229691.1
2016,FDI in Switzerland (Inward),Capital stocks,Equity capital,D1_3,Total excluding special purpose entities,All / Total,CHF Millions,971662.6
2016,FDI in Switzerland (Inward),Capital stocks,Equity capital,H,Trade,Services,CHF Millions,167399.5
2016,FDI in Switzerland (Inward),Capital stocks,Equity capital,TUK,Transportation and communications,Services,CHF Millions,9073.6
2016,FDI in Switzerland (Inward),Capital stocks,Equity capital,DSPE0,of which special purpose entities,Services,CHF Millions,258028.5
2016,FDI in Switzerland (Inward),Capital stocks,Equity capital,DSPE,of which special purpose entities,Services,CHF Millions,257087.4
2016,FDI in Switzerland (Inward),Capital stocks,Total,B,Banks,Services,CHF Millions,24305.0
2016,FDI in Switzerland (Inward),Capital stocks,Total,CUK,Chemicals and plastics,Manufacturing,CHF Millions,72589.8
2016,FDI in Switzerland (Inward),Capital stocks,Total,EEOU,"Electronics, energy, optical and watchmaking",Manufacturing,CHF Millions,41660.1
2016,FDI in Switzerland (Inward),Capital stocks,Total,V,Insurance companies,Services,CHF Millions,24395.6
2016,FDI in Switzerland (Inward),Capital stocks,Total,PMG,Memorandum item: Real estate activities,All / Total,CHF Millions,37679.2
2016,FDI in Switzerland (Inward),Capital stocks,Total,PMT,Memorandum item: Total including real estate activities,All / Total,CHF Millions,1301692.5
2016,FDI in Switzerland (Inward),Capital stocks,Total,MUM,Metals and machinery,Manufacturing,CHF Millions,13434.8
2016,FDI in Switzerland (Inward),Capital stocks,Total,UIB,Other manufacturing and construction,Manufacturing,CHF Millions,11514.6
2016,FDI in Switzerland (Inward),Capital stocks,Total,DU,Other services,Services,CHF Millions,108052.9
2016,FDI in Switzerland (Inward),Capital stocks,Total,T0,Total,Manufacturing,CHF Millions,139199.3
2016,FDI in Switzerland (Inward),Capital stocks,Total,T1,Total,Services,CHF Millions,1124813.9
2016,FDI in Switzerland (Inward),Capital stocks,Total,T2,Total,Services,CHF Millions,776067.4
2016,FDI in Switzerland (Inward),Capital stocks,Total,D1_2,Total,All / Total,CHF Millions,1264013.2
2016,FDI in Switzerland (Inward),Capital stocks,Total,D1_3,Total excluding special purpose entities,All / Total,CHF Millions,970322.1
2016,FDI in Switzerland (Inward),Capital stocks,Total,H,Trade,Services,CHF Millions,177198.2
2016,FDI in Switzerland (Inward),Capital stocks,Total,TUK,Transportation and communications,Services,CHF Millions,14794.9
2016,FDI in Switzerland (Inward),Capital stocks,Total,DSPE0,of which special purpose entities,Services,CHF Millions,293691.1
2016,FDI in Switzerland (Inward),Capital stocks,Total,DSPE,of which special purpose entities,Services,CHF Millions,292832.5
2016,FDI in Switzerland (Inward),Capital transactions (flows),Debt instruments,B,Banks,Services,CHF Millions,
2016,FDI in Switzerland (Inward),Capital transactions (flows),Debt instruments,CUK,Chemicals and plastics,Manufacturing,CHF Millions,1323.5
2016,FDI in Switzerland (Inward),Capital transactions (flows),Debt instruments,EEOU,"Electronics, energy, optical and watchmaking",Manufacturing,CHF Millions,-954.3
2016,FDI in Switzerland (Inward),Capital transactions (flows),Debt instruments,V,Insurance companies,Services,CHF Millions,1026.0
2016,FDI in Switzerland (Inward),Capital transactions (flows),Debt instruments,MUM,Metals and machinery,Manufacturing,CHF Millions,-239.0
2016,FDI in Switzerland (Inward),Capital transactions (flows),Debt instruments,UIB,Other manufacturing and construction,Manufacturing,CHF Millions,334.3
2016,FDI in Switzerland (Inward),Capital transactions (flows),Debt instruments,DU,Other services,Services,CHF Millions,-1404.1
2016,FDI in Switzerland (Inward),Capital transactions (flows),Debt instruments,T0,Total,Manufacturing,CHF Millions,464.4
2016,FDI in Switzerland (Inward),Capital transactions (flows),Debt instruments,T1,Total,Services,CHF Millions,12340.9
2016,FDI in Switzerland (Inward),Capital transactions (flows),Debt instruments,T2,Total,Services,CHF Millions,3600.4
2016,FDI in Switzerland (Inward),Capital transactions (flows),Debt instruments,D1_2,Total,All / Total,CHF Millions,12805.4
2016,FDI in Switzerland (Inward),Capital transactions (flows),Debt instruments,D1_3,Total excluding special purpose entities,All / Total,CHF Millions,3010.1
2016,FDI in Switzerland (Inward),Capital transactions (flows),Debt instruments,H,Trade,Services,CHF Millions,8868.3
2016,FDI in Switzerland (Inward),Capital transactions (flows),Debt instruments,TUK,Transportation and communications,Services,CHF Millions,250.4
2016,FDI in Switzerland (Inward),Capital transactions (flows),Debt instruments,DSPE0,of which special purpose entities,Services,CHF Millions,9795.2
2016,FDI in Switzerland (Inward),Capital transactions (flows),Debt instruments,DSPE,of which special purpose entities,Services,CHF Millions,10105.1
2016,FDI in Switzerland (Inward),Capital transactions (flows),Equity capital excluding reinvested earnings,B,Banks,Services,CHF Millions,-174.4
2016,FDI in Switzerland (Inward),Capital transactions (flows),Equity capital excluding reinvested earnings,CUK,Chemicals and plastics,Manufacturing,CHF Millions,3.4
2016,FDI in Switzerland (Inward),Capital transactions (flows),Equity capital excluding reinvested earnings,EEOU,"Electronics, energy, optical and watchmaking",Manufacturing,CHF Millions,33.7
2016,FDI in Switzerland (Inward),Capital transactions (flows),Equity capital excluding reinvested earnings,V,Insurance companies,Services,CHF Millions,-716.1
2016,FDI in Switzerland (Inward),Capital transactions (flows),Equity capital excluding reinvested earnings,PMG,Memorandum item: Real estate activities,All / Total,CHF Millions,44.7
2016,FDI in Switzerland (Inward),Capital transactions (flows),Equity capital excluding reinvested earnings,PMT,Memorandum item: Total including real estate activities,All / Total,CHF Millions,98932.5
2016,FDI in Switzerland (Inward),Capital transactions (flows),Equity capital excluding reinvested earnings,MUM,Metals and machinery,Manufacturing,CHF Millions,634.7
2016,FDI in Switzerland (Inward),Capital transactions (flows),Equity capital excluding reinvested earnings,UIB,Other manufacturing and construction,Manufacturing,CHF Millions,129.7
2016,FDI in Switzerland (Inward),Capital transactions (flows),Equity capital excluding reinvested earnings,DU,Other services,Services,CHF Millions,-665.5
2016,FDI in Switzerland (Inward),Capital transactions (flows),Equity capital excluding reinvested earnings,T0,Total,Manufacturing,CHF Millions,801.4
2016,FDI in Switzerland (Inward),Capital transactions (flows),Equity capital excluding reinvested earnings,T1,Total,Services,CHF Millions,98086.4
2016,FDI in Switzerland (Inward),Capital transactions (flows),Equity capital excluding reinvested earnings,T2,Total,Services,CHF Millions,103654.9
2016,FDI in Switzerland (Inward),Capital transactions (flows),Equity capital excluding reinvested earnings,D1_2,Total,All / Total,CHF Millions,98887.8
2016,FDI in Switzerland (Inward),Capital transactions (flows),Equity capital excluding reinvested earnings,D1_3,Total excluding special purpose entities,All / Total,CHF Millions,45317.1
2016,FDI in Switzerland (Inward),Capital transactions (flows),Equity capital excluding reinvested earnings,H,Trade,Services,CHF Millions,-5463.3
2016,FDI in Switzerland (Inward),Capital transactions (flows),Equity capital excluding reinvested earnings,TUK,Transportation and communications,Services,CHF Millions,1450.8
2016,FDI in Switzerland (Inward),Capital transactions (flows),Equity capital excluding reinvested earnings,DSPE0,of which special purpose entities,Services,CHF Millions,53570.7
2016,FDI in Switzerland (Inward),Capital transactions (flows),Equity capital excluding reinvested earnings,DSPE,of which special purpose entities,Services,CHF Millions,53570.7
2016,FDI in Switzerland (Inward),Capital transactions (flows),Reinvested earnings,B,Banks,Services,CHF Millions,-1085.3
2016,FDI in Switzerland (Inward),Capital transactions (flows),Reinvested earnings,CUK,Chemicals and plastics,Manufacturing,CHF Millions,3809.2
2016,FDI in Switzerland (Inward),Capital transactions (flows),Reinvested earnings,EEOU,"Electronics, energy, optical and watchmaking",Manufacturing,CHF Millions,3349.9
2016,FDI in Switzerland (Inward),Capital transactions (flows),Reinvested earnings,V,Insurance companies,Services,CHF Millions,832.8
2016,FDI in Switzerland (Inward),Capital transactions (flows),Reinvested earnings,MUM,Metals and machinery,Manufacturing,CHF Millions,-359.6
2016,FDI in Switzerland (Inward),Capital transactions (flows),Reinvested earnings,UIB,Other manufacturing and construction,Manufacturing,CHF Millions,257.7
2016,FDI in Switzerland (Inward),Capital transactions (flows),Reinvested earnings,DU,Other services,Services,CHF Millions,230.3
2016,FDI in Switzerland (Inward),Capital transactions (flows),Reinvested earnings,T0,Total,Manufacturing,CHF Millions,7057.2
2016,FDI in Switzerland (Inward),Capital transactions (flows),Reinvested earnings,T1,Total,Services,CHF Millions,33277.1
2016,FDI in Switzerland (Inward),Capital transactions (flows),Reinvested earnings,T2,Total,Services,CHF Millions,17431.0
2016,FDI in Switzerland (Inward),Capital transactions (flows),Reinvested earnings,D1_2,Total,All / Total,CHF Millions,40334.3
2016,FDI in Switzerland (Inward),Capital transactions (flows),Reinvested earnings,D1_3,Total excluding special purpose entities,All / Total,CHF Millions,42833.9
2016,FDI in Switzerland (Inward),Capital transactions (flows),Reinvested earnings,H,Trade,Services,CHF Millions,8824.0
2016,FDI in Switzerland (Inward),Capital transactions (flows),Reinvested earnings,TUK,Transportation and communications,Services,CHF Millions,230.3
2016,FDI in Switzerland (Inward),Capital transactions (flows),Reinvested earnings,DSPE0,of which special purpose entities,Services,CHF Millions,-2499.6
2016,FDI in Switzerland (Inward),Capital transactions (flows),Reinvested earnings,DSPE,of which special purpose entities,Services,CHF Millions,-2500.1
2016,FDI in Switzerland (Inward),Capital transactions (flows),Total,B,Banks,Services,CHF Millions,-1259.7
2016,FDI in Switzerland (Inward),Capital transactions (flows),Total,CUK,Chemicals and plastics,Manufacturing,CHF Millions,5136.2
2016,FDI in Switzerland (Inward),Capital transactions (flows),Total,EEOU,"Electronics, energy, optical and watchmaking",Manufacturing,CHF Millions,2429.3
2016,FDI in Switzerland (Inward),Capital transactions (flows),Total,V,Insurance companies,Services,CHF Millions,1142.7
2016,FDI in Switzerland (Inward),Capital transactions (flows),Total,PMG,Memorandum item: Real estate activities,All / Total,CHF Millions,44.7
2016,FDI in Switzerland (Inward),Capital transactions (flows),Total,PMT,Memorandum item: Total including real estate activities,All / Total,CHF Millions,152072.1
2016,FDI in Switzerland (Inward),Capital transactions (flows),Total,MUM,Metals and machinery,Manufacturing,CHF Millions,36.1
2016,FDI in Switzerland (Inward),Capital transactions (flows),Total,UIB,Other manufacturing and construction,Manufacturing,CHF Millions,721.6
2016,FDI in Switzerland (Inward),Capital transactions (flows),Total,DU,Other services,Services,CHF Millions,4974.7
2016,FDI in Switzerland (Inward),Capital transactions (flows),Total,T0,Total,Manufacturing,CHF Millions,8323.1
2016,FDI in Switzerland (Inward),Capital transactions (flows),Total,T1,Total,Services,CHF Millions,143704.4
2016,FDI in Switzerland (Inward),Capital transactions (flows),Total,T2,Total,Services,CHF Millions,124686.3
2016,FDI in Switzerland (Inward),Capital transactions (flows),Total,D1_2,Total,All / Total,CHF Millions,152027.5
2016,FDI in Switzerland (Inward),Capital transactions (flows),Total,D1_3,Total excluding special purpose entities,All / Total,CHF Millions,91161.1
2016,FDI in Switzerland (Inward),Capital transactions (flows),Total,H,Trade,Services,CHF Millions,12228.9
2016,FDI in Switzerland (Inward),Capital transactions (flows),Total,TUK,Transportation and communications,Services,CHF Millions,1931.5
2016,FDI in Switzerland (Inward),Capital transactions (flows),Total,DSPE0,of which special purpose entities,Services,CHF Millions,60866.3
2016,FDI in Switzerland (Inward),Capital transactions (flows),Total,DSPE,of which special purpose entities,Services,CHF Millions,61175.6
2016,FDI in Switzerland (Inward),Investment income,Debt instruments: net interest,B,Banks,Services,CHF Millions,
2016,FDI in Switzerland (Inward),Investment income,Debt instruments: net interest,CUK,Chemicals and plastics,Manufacturing,CHF Millions,124.9
2016,FDI in Switzerland (Inward),Investment income,Debt instruments: net interest,EEOU,"Electronics, energy, optical and watchmaking",Manufacturing,CHF Millions,29.8
2016,FDI in Switzerland (Inward),Investment income,Debt instruments: net interest,V,Insurance companies,Services,CHF Millions,-35.5
2016,FDI in Switzerland (Inward),Investment income,Debt instruments: net interest,MUM,Metals and machinery,Manufacturing,CHF Millions,23.6
2016,FDI in Switzerland (Inward),Investment income,Debt instruments: net interest,UIB,Other manufacturing and construction,Manufacturing,CHF Millions,10.5
2016,FDI in Switzerland (Inward),Investment income,Debt instruments: net interest,DU,Other services,Services,CHF Millions,-112.4
2016,FDI in Switzerland (Inward),Investment income,Debt instruments: net interest,T0,Total,Manufacturing,CHF Millions,188.8
2016,FDI in Switzerland (Inward),Investment income,Debt instruments: net interest,T1,Total,Services,CHF Millions,1034.9
2016,FDI in Switzerland (Inward),Investment income,Debt instruments: net interest,T2,Total,Services,CHF Millions,455.7
2016,FDI in Switzerland (Inward),Investment income,Debt instruments: net interest,D1_2,Total,All / Total,CHF Millions,1223.7
2016,FDI in Switzerland (Inward),Investment income,Debt instruments: net interest,D1_3,Total excluding special purpose entities,All / Total,CHF Millions,1195.3
2016,FDI in Switzerland (Inward),Investment income,Debt instruments: net interest,H,Trade,Services,CHF Millions,354.2
2016,FDI in Switzerland (Inward),Investment income,Debt instruments: net interest,TUK,Transportation and communications,Services,CHF Millions,373.0
2016,FDI in Switzerland (Inward),Investment income,Debt instruments: net interest,DSPE0,of which special purpose entities,Services,CHF Millions,28.4
2016,FDI in Switzerland (Inward),Investment income,Debt instruments: net interest,DSPE,of which special purpose entities,Services,CHF Millions,22.1
2016,FDI in Switzerland (Inward),Investment income,Dividends,B,Banks,Services,CHF Millions,1395.7
2016,FDI in Switzerland (Inward),Investment income,Dividends,CUK,Chemicals and plastics,Manufacturing,CHF Millions,6387.1
2016,FDI in Switzerland (Inward),Investment income,Dividends,EEOU,"Electronics, energy, optical and watchmaking",Manufacturing,CHF Millions,1603.5
2016,FDI in Switzerland (Inward),Investment income,Dividends,V,Insurance companies,Services,CHF Millions,2612.7
2016,FDI in Switzerland (Inward),Investment income,Dividends,MUM,Metals and machinery,Manufacturing,CHF Millions,1074.8
2016,FDI in Switzerland (Inward),Investment income,Dividends,UIB,Other manufacturing and construction,Manufacturing,CHF Millions,1176.1
2016,FDI in Switzerland (Inward),Investment income,Dividends,DU,Other services,Services,CHF Millions,458.4
2016,FDI in Switzerland (Inward),Investment income,Dividends,T0,Total,Manufacturing,CHF Millions,10241.5
2016,FDI in Switzerland (Inward),Investment income,Dividends,T1,Total,Services,CHF Millions,23782.3
2016,FDI in Switzerland (Inward),Investment income,Dividends,T2,Total,Services,CHF Millions,12864.2
2016,FDI in Switzerland (Inward),Investment income,Dividends,D1_2,Total,All / Total,CHF Millions,34023.8
2016,FDI in Switzerland (Inward),Investment income,Dividends,D1_3,Total excluding special purpose entities,All / Total,CHF Millions,30240.7
2016,FDI in Switzerland (Inward),Investment income,Dividends,H,Trade,Services,CHF Millions,5507.3
2016,FDI in Switzerland (Inward),Investment income,Dividends,TUK,Transportation and communications,Services,CHF Millions,944.0
2016,FDI in Switzerland (Inward),Investment income,Dividends,DSPE0,of which special purpose entities,Services,CHF Millions,3783.1
2016,FDI in Switzerland (Inward),Investment income,Dividends,DSPE,of which special purpose entities,Services,CHF Millions,3780.8
2016,FDI in Switzerland (Inward),Investment income,Reinvested earnings,B,Banks,Services,CHF Millions,-1085.3
2016,FDI in Switzerland (Inward),Investment income,Reinvested earnings,CUK,Chemicals and plastics,Manufacturing,CHF Millions,3809.2
2016,FDI in Switzerland (Inward),Investment income,Reinvested earnings,EEOU,"Electronics, energy, optical and watchmaking",Manufacturing,CHF Millions,3349.9
2016,FDI in Switzerland (Inward),Investment income,Reinvested earnings,V,Insurance companies,Services,CHF Millions,832.8
2016,FDI in Switzerland (Inward),Investment income,Reinvested earnings,MUM,Metals and machinery,Manufacturing,CHF Millions,-359.6
2016,FDI in Switzerland (Inward),Investment income,Reinvested earnings,UIB,Other manufacturing and construction,Manufacturing,CHF Millions,257.7
2016,FDI in Switzerland (Inward),Investment income,Reinvested earnings,DU,Other services,Services,CHF Millions,7044.3
2016,FDI in Switzerland (Inward),Investment income,Reinvested earnings,T0,Total,Manufacturing,CHF Millions,7057.2
2016,FDI in Switzerland (Inward),Investment income,Reinvested earnings,T1,Total,Services,CHF Millions,33277.1
2016,FDI in Switzerland (Inward),Investment income,Reinvested earnings,T2,Total,Services,CHF Millions,17431.0
2016,FDI in Switzerland (Inward),Investment income,Reinvested earnings,D1_2,Total,All / Total,CHF Millions,40334.3
2016,FDI in Switzerland (Inward),Investment income,Reinvested earnings,D1_3,Total excluding special purpose entities,All / Total,CHF Millions,42833.9
2016,FDI in Switzerland (Inward),Investment income,Reinvested earnings,H,Trade,Services,CHF Millions,8824.0
2016,FDI in Switzerland (Inward),Investment income,Reinvested earnings,TUK,Transportation and communications,Services,CHF Millions,230.3
2016,FDI in Switzerland (Inward),Investment income,Reinvested earnings,DSPE0,of which special purpose entities,Services,CHF Millions,-2499.6
2016,FDI in Switzerland (Inward),Investment income,Reinvested earnings,DSPE,of which special purpose entities,Services,CHF Millions,-2500.1
2016,FDI in Switzerland (Inward),Investment income,Total,B,Banks,Services,CHF Millions,310.4
2016,FDI in Switzerland (Inward),Investment income,Total,CUK,Chemicals and plastics,Manufacturing,CHF Millions,10321.2
2016,FDI in Switzerland (Inward),Investment income,Total,EEOU,"Electronics, energy, optical and watchmaking",Manufacturing,CHF Millions,4983.3
2016,FDI in Switzerland (Inward),Investment income,Total,V,Insurance companies,Services,CHF Millions,3409.9
2016,FDI in Switzerland (Inward),Investment income,Total,MUM,Metals and machinery,Manufacturing,CHF Millions,738.8
2016,FDI in Switzerland (Inward),Investment income,Total,UIB,Other manufacturing and construction,Manufacturing,CHF Millions,1444.3
2016,FDI in Switzerland (Inward),Investment income,Total,DU,Other services,Services,CHF Millions,7390.2
2016,FDI in Switzerland (Inward),Investment income,Total,T0,Total,Manufacturing,CHF Millions,17487.6
2016,FDI in Switzerland (Inward),Investment income,Total,T1,Total,Services,CHF Millions,58094.2
2016,FDI in Switzerland (Inward),Investment income,Total,T2,Total,Services,CHF Millions,30751.0
2016,FDI in Switzerland (Inward),Investment income,Total,D1_2,Total,All / Total,CHF Millions,75581.8
2016,FDI in Switzerland (Inward),Investment income,Total,D1_3,Total excluding special purpose entities,All / Total,CHF Millions,74269.9
2016,FDI in Switzerland (Inward),Investment income,Total,H,Trade,Services,CHF Millions,14685.4
2016,FDI in Switzerland (Inward),Investment income,Total,TUK,Transportation and communications,Services,CHF Millions,1547.3
2016,FDI in Switzerland (Inward),Investment income,Total,DSPE0,of which special purpose entities,Services,CHF Millions,1311.9
2016,FDI in Switzerland (Inward),Investment income,Total,DSPE,of which special purpose entities,Services,CHF Millions,1302.8
2016,Swiss FDI abroad (Outward),Capital stocks,Debt instruments,B,Banks,Services,CHF Millions,
2016,Swiss FDI abroad (Outward),Capital stocks,Debt instruments,CUK,Chemicals and plastics,Manufacturing,CHF Millions,24502.5
2016,Swiss FDI abroad (Outward),Capital stocks,Debt instruments,SB,Domestically controlled,Services,CHF Millions,11146.8
2016,Swiss FDI abroad (Outward),Capital stocks,Debt instruments,EEOU,"Electronics, energy, optical and watchmaking",Manufacturing,CHF Millions,2025.8
2016,Swiss FDI abroad (Outward),Capital stocks,Debt instruments,V,Insurance companies,Services,CHF Millions,1128.1
2016,Swiss FDI abroad (Outward),Capital stocks,Debt instruments,MUM,Metals and machinery,Manufacturing,CHF Millions,10016.4
2016,Swiss FDI abroad (Outward),Capital stocks,Debt instruments,UIB,Other manufacturing and construction,Manufacturing,CHF Millions,22760.0
2016,Swiss FDI abroad (Outward),Capital stocks,Debt instruments,DU,Other services,Services,CHF Millions,-48169.1
2016,Swiss FDI abroad (Outward),Capital stocks,Debt instruments,T0,Total,Manufacturing,CHF Millions,59304.7
2016,Swiss FDI abroad (Outward),Capital stocks,Debt instruments,T1,Total,Services,CHF Millions,61683.4
2016,Swiss FDI abroad (Outward),Capital stocks,Debt instruments,T2,Total,Services,CHF Millions,81753.9
2016,Swiss FDI abroad (Outward),Capital stocks,Debt instruments,T3,Total,Services,CHF Millions,70607.2
2016,Swiss FDI abroad (Outward),Capital stocks,Debt instruments,D1_2,Total,All / Total,CHF Millions,120988.1
2016,Swiss FDI abroad (Outward),Capital stocks,Debt instruments,D1_5,Total excluding foreign-controlled enterprises,All / Total,CHF Millions,71562.8
2016,Swiss FDI abroad (Outward),Capital stocks,Debt instruments,D1_3,Total excluding foreign-controlled finance and holding companies,All / Total,CHF Millions,50380.9
2016,Swiss FDI abroad (Outward),Capital stocks,Debt instruments,D1_4,Total excluding special purpose entities,All / Total,CHF Millions,117119.5
2016,Swiss FDI abroad (Outward),Capital stocks,Debt instruments,D1_6,Total foreign-controlled enterprises,All / Total,CHF Millions,49425.2
2016,Swiss FDI abroad (Outward),Capital stocks,Debt instruments,H,Trade,Services,CHF Millions,19071.2
2016,Swiss FDI abroad (Outward),Capital stocks,Debt instruments,TUK,Transportation and communications,Services,CHF Millions,7899.2
2016,Swiss FDI abroad (Outward),Capital stocks,Debt instruments,DSPE0,of which special purpose entities,Services,CHF Millions,3868.6
2016,Swiss FDI abroad (Outward),Capital stocks,Debt instruments,DSPE,of which special purpose entities,Services,CHF Millions,3871.1
2016,Swiss FDI abroad (Outward),Capital stocks,Equity capital,B,Banks,Services,CHF Millions,85736.7
2016,Swiss FDI abroad (Outward),Capital stocks,Equity capital,CUK,Chemicals and plastics,Manufacturing,CHF Millions,141147.9
2016,Swiss FDI abroad (Outward),Capital stocks,Equity capital,SB,Domestically controlled,Services,CHF Millions,95518.6
2016,Swiss FDI abroad (Outward),Capital stocks,Equity capital,EEOU,"Electronics, energy, optical and watchmaking",Manufacturing,CHF Millions,77850.6
2016,Swiss FDI abroad (Outward),Capital stocks,Equity capital,V,Insurance companies,Services,CHF Millions,99077.7
2016,Swiss FDI abroad (Outward),Capital stocks,Equity capital,PMG,Memorandum item: Real estate activities,All / Total,CHF Millions,3424.7
2016,Swiss FDI abroad (Outward),Capital stocks,Equity capital,PMT,Memorandum item: Total including real estate activities,All / Total,CHF Millions,1244628.6
2016,Swiss FDI abroad (Outward),Capital stocks,Equity capital,MUM,Metals and machinery,Manufacturing,CHF Millions,28164.1
2016,Swiss FDI abroad (Outward),Capital stocks,Equity capital,UIB,Other manufacturing and construction,Manufacturing,CHF Millions,116029.3
2016,Swiss FDI abroad (Outward),Capital stocks,Equity capital,DU,Other services,Services,CHF Millions,78202.5
2016,Swiss FDI abroad (Outward),Capital stocks,Equity capital,T0,Total,Manufacturing,CHF Millions,363191.8
2016,Swiss FDI abroad (Outward),Capital stocks,Equity capital,T1,Total,Services,CHF Millions,878012.1
2016,Swiss FDI abroad (Outward),Capital stocks,Equity capital,T2,Total,Services,CHF Millions,459635.6
2016,Swiss FDI abroad (Outward),Capital stocks,Equity capital,T3,Total,Services,CHF Millions,364117.0
2016,Swiss FDI abroad (Outward),Capital stocks,Equity capital,D1_2,Total,All / Total,CHF Millions,1241203.9
2016,Swiss FDI abroad (Outward),Capital stocks,Equity capital,D1_5,Total excluding foreign-controlled enterprises,All / Total,CHF Millions,628770.8
2016,Swiss FDI abroad (Outward),Capital stocks,Equity capital,D1_3,Total excluding foreign-controlled finance and holding companies,All / Total,CHF Millions,877086.9
2016,Swiss FDI abroad (Outward),Capital stocks,Equity capital,D1_4,Total excluding special purpose entities,All / Total,CHF Millions,1073055.6
2016,Swiss FDI abroad (Outward),Capital stocks,Equity capital,D1_6,Total foreign-controlled enterprises,All / Total,CHF Millions,612433.1
2016,Swiss FDI abroad (Outward),Capital stocks,Equity capital,H,Trade,Services,CHF Millions,135126.3
2016,Swiss FDI abroad (Outward),Capital stocks,Equity capital,TUK,Transportation and communications,Services,CHF Millions,20233.3
2016,Swiss FDI abroad (Outward),Capital stocks,Equity capital,DSPE0,of which special purpose entities,Services,CHF Millions,168148.3
2016,Swiss FDI abroad (Outward),Capital stocks,Equity capital,DSPE,of which special purpose entities,Services,CHF Millions,167753.4
2016,Swiss FDI abroad (Outward),Capital stocks,Total,B,Banks,Services,CHF Millions,85736.7
2016,Swiss FDI abroad (Outward),Capital stocks,Total,CUK,Chemicals and plastics,Manufacturing,CHF Millions,165650.3
2016,Swiss FDI abroad (Outward),Capital stocks,Total,SB,Domestically controlled,Services,CHF Millions,106665.4
2016,Swiss FDI abroad (Outward),Capital stocks,Total,EEOU,"Electronics, energy, optical and watchmaking",Manufacturing,CHF Millions,79876.3
2016,Swiss FDI abroad (Outward),Capital stocks,Total,V,Insurance companies,Services,CHF Millions,100205.9
2016,Swiss FDI abroad (Outward),Capital stocks,Total,PMG,Memorandum item: Real estate activities,All / Total,CHF Millions,3424.7
2016,Swiss FDI abroad (Outward),Capital stocks,Total,PMT,Memorandum item: Total including real estate activities,All / Total,CHF Millions,1365616.7
2016,Swiss FDI abroad (Outward),Capital stocks,Total,MUM,Metals and machinery,Manufacturing,CHF Millions,38180.5
2016,Swiss FDI abroad (Outward),Capital stocks,Total,UIB,Other manufacturing and construction,Manufacturing,CHF Millions,138789.3
2016,Swiss FDI abroad (Outward),Capital stocks,Total,DU,Other services,Services,CHF Millions,30033.4
2016,Swiss FDI abroad (Outward),Capital stocks,Total,T0,Total,Manufacturing,CHF Millions,422496.5
2016,Swiss FDI abroad (Outward),Capital stocks,Total,T1,Total,Services,CHF Millions,939695.5
2016,Swiss FDI abroad (Outward),Capital stocks,Total,T2,Total,Services,CHF Millions,541389.6
2016,Swiss FDI abroad (Outward),Capital stocks,Total,T3,Total,Services,CHF Millions,434724.2
2016,Swiss FDI abroad (Outward),Capital stocks,Total,D1_2,Total,All / Total,CHF Millions,1362192.0
2016,Swiss FDI abroad (Outward),Capital stocks,Total,D1_5,Total excluding foreign-controlled enterprises,All / Total,CHF Millions,700333.6
2016,Swiss FDI abroad (Outward),Capital stocks,Total,D1_3,Total excluding foreign-controlled finance and holding companies,All / Total,CHF Millions,927467.8
2016,Swiss FDI abroad (Outward),Capital stocks,Total,D1_4,Total excluding special purpose entities,All / Total,CHF Millions,1190175.0
2016,Swiss FDI abroad (Outward),Capital stocks,Total,D1_6,Total foreign-controlled enterprises,All / Total,CHF Millions,661858.4
2016,Swiss FDI abroad (Outward),Capital stocks,Total,H,Trade,Services,CHF Millions,154197.4
2016,Swiss FDI abroad (Outward),Capital stocks,Total,TUK,Transportation and communications,Services,CHF Millions,28132.5
2016,Swiss FDI abroad (Outward),Capital stocks,Total,DSPE0,of which special purpose entities,Services,CHF Millions,172016.9
2016,Swiss FDI abroad (Outward),Capital stocks,Total,DSPE,of which special purpose entities,Services,CHF Millions,171624.5
2016,Swiss FDI abroad (Outward),Capital transactions (flows),Debt instruments,B,Banks,Services,CHF Millions,
2016,Swiss FDI abroad (Outward),Capital transactions (flows),Debt instruments,CUK,Chemicals and plastics,Manufacturing,CHF Millions,824.3
2016,Swiss FDI abroad (Outward),Capital transactions (flows),Debt instruments,SB,Domestically controlled,Services,CHF Millions,-230.0
2016,Swiss FDI abroad (Outward),Capital transactions (flows),Debt instruments,EEOU,"Electronics, energy, optical and watchmaking",Manufacturing,CHF Millions,-1577.7
2016,Swiss FDI abroad (Outward),Capital transactions (flows),Debt instruments,V,Insurance companies,Services,CHF Millions,10994.5
2016,Swiss FDI abroad (Outward),Capital transactions (flows),Debt instruments,MUM,Metals and machinery,Manufacturing,CHF Millions,-156.6
2016,Swiss FDI abroad (Outward),Capital transactions (flows),Debt instruments,UIB,Other manufacturing and construction,Manufacturing,CHF Millions,-1412.1
2016,Swiss FDI abroad (Outward),Capital transactions (flows),Debt instruments,DU,Other services,Services,CHF Millions,-7680.7
2016,Swiss FDI abroad (Outward),Capital transactions (flows),Debt instruments,T0,Total,Manufacturing,CHF Millions,-2322.1
2016,Swiss FDI abroad (Outward),Capital transactions (flows),Debt instruments,T1,Total,Services,CHF Millions,25850.7
2016,Swiss FDI abroad (Outward),Capital transactions (flows),Debt instruments,T2,Total,Services,CHF Millions,25914.7
2016,Swiss FDI abroad (Outward),Capital transactions (flows),Debt instruments,T3,Total,Services,CHF Millions,26144.7
2016,Swiss FDI abroad (Outward),Capital transactions (flows),Debt instruments,D1_2,Total,All / Total,CHF Millions,23528.6
2016,Swiss FDI abroad (Outward),Capital transactions (flows),Debt instruments,D1_5,Total excluding foreign-controlled enterprises,All / Total,CHF Millions,10813.2
2016,Swiss FDI abroad (Outward),Capital transactions (flows),Debt instruments,D1_3,Total excluding foreign-controlled finance and holding companies,All / Total,CHF Millions,-2616.1
2016,Swiss FDI abroad (Outward),Capital transactions (flows),Debt instruments,D1_4,Total excluding special purpose entities,All / Total,CHF Millions,23605.3
2016,Swiss FDI abroad (Outward),Capital transactions (flows),Debt instruments,D1_6,Total foreign-controlled enterprises,All / Total,CHF Millions,12715.4
2016,Swiss FDI abroad (Outward),Capital transactions (flows),Debt instruments,H,Trade,Services,CHF Millions,-3712.7
2016,Swiss FDI abroad (Outward),Capital transactions (flows),Debt instruments,TUK,Transportation and communications,Services,CHF Millions,334.9
2016,Swiss FDI abroad (Outward),Capital transactions (flows),Debt instruments,DSPE0,of which special purpose entities,Services,CHF Millions,-76.7
2016,Swiss FDI abroad (Outward),Capital transactions (flows),Debt instruments,DSPE,of which special purpose entities,Services,CHF Millions,237.5
2016,Swiss FDI abroad (Outward),Capital transactions (flows),Equity capital excluding reinvested earnings,B,Banks,Services,CHF Millions,4361.4
2016,Swiss FDI abroad (Outward),Capital transactions (flows),Equity capital excluding reinvested earnings,CUK,Chemicals and plastics,Manufacturing,CHF Millions,1643.4
2016,Swiss FDI abroad (Outward),Capital transactions (flows),Equity capital excluding reinvested earnings,SB,Domestically controlled,Services,CHF Millions,7307.9
2016,Swiss FDI abroad (Outward),Capital transactions (flows),Equity capital excluding reinvested earnings,EEOU,"Electronics, energy, optical and watchmaking",Manufacturing,CHF Millions,10296.3
2016,Swiss FDI abroad (Outward),Capital transactions (flows),Equity capital excluding reinvested earnings,V,Insurance companies,Services,CHF Millions,5042.4
2016,Swiss FDI abroad (Outward),Capital transactions (flows),Equity capital excluding reinvested earnings,PMG,Memorandum item: Real estate activities,All / Total,CHF Millions,512.7
2016,Swiss FDI abroad (Outward),Capital transactions (flows),Equity capital excluding reinvested earnings,PMT,Memorandum item: Total including real estate activities,All / Total,CHF Millions,114241.2
2016,Swiss FDI abroad (Outward),Capital transactions (flows),Equity capital excluding reinvested earnings,MUM,Metals and machinery,Manufacturing,CHF Millions,1162.0
2016,Swiss FDI abroad (Outward),Capital transactions (flows),Equity capital excluding reinvested earnings,UIB,Other manufacturing and construction,Manufacturing,CHF Millions,7535.3
2016,Swiss FDI abroad (Outward),Capital transactions (flows),Equity capital excluding reinvested earnings,DU,Other services,Services,CHF Millions,3709.3
2016,Swiss FDI abroad (Outward),Capital transactions (flows),Equity capital excluding reinvested earnings,T0,Total,Manufacturing,CHF Millions,20637.0
2016,Swiss FDI abroad (Outward),Capital transactions (flows),Equity capital excluding reinvested earnings,T1,Total,Services,CHF Millions,93091.5
2016,Swiss FDI abroad (Outward),Capital transactions (flows),Equity capital excluding reinvested earnings,T2,Total,Services,CHF Millions,67668.7
2016,Swiss FDI abroad (Outward),Capital transactions (flows),Equity capital excluding reinvested earnings,T3,Total,Services,CHF Millions,60360.8
2016,Swiss FDI abroad (Outward),Capital transactions (flows),Equity capital excluding reinvested earnings,D1_2,Total,All / Total,CHF Millions,113728.5
2016,Swiss FDI abroad (Outward),Capital transactions (flows),Equity capital excluding reinvested earnings,D1_5,Total excluding foreign-controlled enterprises,All / Total,CHF Millions,37690.9
2016,Swiss FDI abroad (Outward),Capital transactions (flows),Equity capital excluding reinvested earnings,D1_3,Total excluding foreign-controlled finance and holding companies,All / Total,CHF Millions,53367.7
2016,Swiss FDI abroad (Outward),Capital transactions (flows),Equity capital excluding reinvested earnings,D1_4,Total excluding special purpose entities,All / Total,CHF Millions,44214.6
2016,Swiss FDI abroad (Outward),Capital transactions (flows),Equity capital excluding reinvested earnings,D1_6,Total foreign-controlled enterprises,All / Total,CHF Millions,76037.6
2016,Swiss FDI abroad (Outward),Capital transactions (flows),Equity capital excluding reinvested earnings,H,Trade,Services,CHF Millions,12521.6
2016,Swiss FDI abroad (Outward),Capital transactions (flows),Equity capital excluding reinvested earnings,TUK,Transportation and communications,Services,CHF Millions,-212.0
2016,Swiss FDI abroad (Outward),Capital transactions (flows),Equity capital excluding reinvested earnings,DSPE0,of which special purpose entities,Services,CHF Millions,69513.9
2016,Swiss FDI abroad (Outward),Capital transactions (flows),Equity capital excluding reinvested earnings,DSPE,of which special purpose entities,Services,CHF Millions,69531.7
2016,Swiss FDI abroad (Outward),Capital transactions (flows),Reinvested earnings,B,Banks,Services,CHF Millions,-2258.5
2016,Swiss FDI abroad (Outward),Capital transactions (flows),Reinvested earnings,CUK,Chemicals and plastics,Manufacturing,CHF Millions,6021.3
2016,Swiss FDI abroad (Outward),Capital transactions (flows),Reinvested earnings,SB,Domestically controlled,Services,CHF Millions,1736.1
2016,Swiss FDI abroad (Outward),Capital transactions (flows),Reinvested earnings,EEOU,"Electronics, energy, optical and watchmaking",Manufacturing,CHF Millions,149.1
2016,Swiss FDI abroad (Outward),Capital transactions (flows),Reinvested earnings,V,Insurance companies,Services,CHF Millions,6376.8
2016,Swiss FDI abroad (Outward),Capital transactions (flows),Reinvested earnings,MUM,Metals and machinery,Manufacturing,CHF Millions,1925.2
2016,Swiss FDI abroad (Outward),Capital transactions (flows),Reinvested earnings,UIB,Other manufacturing and construction,Manufacturing,CHF Millions,3490.8
2016,Swiss FDI abroad (Outward),Capital transactions (flows),Reinvested earnings,DU,Other services,Services,CHF Millions,1174.1
2016,Swiss FDI abroad (Outward),Capital transactions (flows),Reinvested earnings,T0,Total,Manufacturing,CHF Millions,11586.4
2016,Swiss FDI abroad (Outward),Capital transactions (flows),Reinvested earnings,T1,Total,Services,CHF Millions,15806.3
2016,Swiss FDI abroad (Outward),Capital transactions (flows),Reinvested earnings,T2,Total,Services,CHF Millions,5590.7
2016,Swiss FDI abroad (Outward),Capital transactions (flows),Reinvested earnings,T3,Total,Services,CHF Millions,3854.6
2016,Swiss FDI abroad (Outward),Capital transactions (flows),Reinvested earnings,D1_2,Total,All / Total,CHF Millions,27392.7
2016,Swiss FDI abroad (Outward),Capital transactions (flows),Reinvested earnings,D1_5,Total excluding foreign-controlled enterprises,All / Total,CHF Millions,18466.7
2016,Swiss FDI abroad (Outward),Capital transactions (flows),Reinvested earnings,D1_3,Total excluding foreign-controlled finance and holding companies,All / Total,CHF Millions,23538.0
2016,Swiss FDI abroad (Outward),Capital transactions (flows),Reinvested earnings,D1_4,Total excluding special purpose entities,All / Total,CHF Millions,28444.6
2016,Swiss FDI abroad (Outward),Capital transactions (flows),Reinvested earnings,D1_6,Total foreign-controlled enterprises,All / Total,CHF Millions,8925.9
2016,Swiss FDI abroad (Outward),Capital transactions (flows),Reinvested earnings,H,Trade,Services,CHF Millions,4591.3
2016,Swiss FDI abroad (Outward),Capital transactions (flows),Reinvested earnings,TUK,Transportation and communications,Services,CHF Millions,331.8
2016,Swiss FDI abroad (Outward),Capital transactions (flows),Reinvested earnings,DSPE0,of which special purpose entities,Services,CHF Millions,-1051.9
2016,Swiss FDI abroad (Outward),Capital transactions (flows),Reinvested earnings,DSPE,of which special purpose entities,Services,CHF Millions,-1076.0
2016,Swiss FDI abroad (Outward),Capital transactions (flows),Total,B,Banks,Services,CHF Millions,2102.9
2016,Swiss FDI abroad (Outward),Capital transactions (flows),Total,CUK,Chemicals and plastics,Manufacturing,CHF Millions,8488.9
2016,Swiss FDI abroad (Outward),Capital transactions (flows),Total,SB,Domestically controlled,Services,CHF Millions,8813.9
2016,Swiss FDI abroad (Outward),Capital transactions (flows),Total,EEOU,"Electronics, energy, optical and watchmaking",Manufacturing,CHF Millions,8867.8
2016,Swiss FDI abroad (Outward),Capital transactions (flows),Total,V,Insurance companies,Services,CHF Millions,22413.7
2016,Swiss FDI abroad (Outward),Capital transactions (flows),Total,PMG,Memorandum item: Real estate activities,All / Total,CHF Millions,512.7
2016,Swiss FDI abroad (Outward),Capital transactions (flows),Total,PMT,Memorandum item: Total including real estate activities,All / Total,CHF Millions,165162.5
2016,Swiss FDI abroad (Outward),Capital transactions (flows),Total,MUM,Metals and machinery,Manufacturing,CHF Millions,2930.6
2016,Swiss FDI abroad (Outward),Capital transactions (flows),Total,UIB,Other manufacturing and construction,Manufacturing,CHF Millions,9614.0
2016,Swiss FDI abroad (Outward),Capital transactions (flows),Total,DU,Other services,Services,CHF Millions,-2797.2
2016,Swiss FDI abroad (Outward),Capital transactions (flows),Total,T0,Total,Manufacturing,CHF Millions,29901.3
2016,Swiss FDI abroad (Outward),Capital transactions (flows),Total,T1,Total,Services,CHF Millions,134748.4
2016,Swiss FDI abroad (Outward),Capital transactions (flows),Total,T2,Total,Services,CHF Millions,99174.1
2016,Swiss FDI abroad (Outward),Capital transactions (flows),Total,T3,Total,Services,CHF Millions,90360.2
2016,Swiss FDI abroad (Outward),Capital transactions (flows),Total,D1_2,Total,All / Total,CHF Millions,164649.8
2016,Swiss FDI abroad (Outward),Capital transactions (flows),Total,D1_5,Total excluding foreign-controlled enterprises,All / Total,CHF Millions,66970.9
2016,Swiss FDI abroad (Outward),Capital transactions (flows),Total,D1_3,Total excluding foreign-controlled finance and holding companies,All / Total,CHF Millions,74289.6
2016,Swiss FDI abroad (Outward),Capital transactions (flows),Total,D1_4,Total excluding special purpose entities,All / Total,CHF Millions,96264.5
2016,Swiss FDI abroad (Outward),Capital transactions (flows),Total,D1_6,Total foreign-controlled enterprises,All / Total,CHF Millions,97678.9
2016,Swiss FDI abroad (Outward),Capital transactions (flows),Total,H,Trade,Services,CHF Millions,13400.2
2016,Swiss FDI abroad (Outward),Capital transactions (flows),Total,TUK,Transportation and communications,Services,CHF Millions,454.7
2016,Swiss FDI abroad (Outward),Capital transactions (flows),Total,DSPE0,of which special purpose entities,Services,CHF Millions,68385.3
2016,Swiss FDI abroad (Outward),Capital transactions (flows),Total,DSPE,of which special purpose entities,Services,CHF Millions,68693.1
2016,Swiss FDI abroad (Outward),Investment income,Debt instruments: net interest,B,Banks,Services,CHF Millions,
2016,Swiss FDI abroad (Outward),Investment income,Debt instruments: net interest,CUK,Chemicals and plastics,Manufacturing,CHF Millions,894.0
2016,Swiss FDI abroad (Outward),Investment income,Debt instruments: net interest,SB,Domestically controlled,Services,CHF Millions,566.8
2016,Swiss FDI abroad (Outward),Investment income,Debt instruments: net interest,EEOU,"Electronics, energy, optical and watchmaking",Manufacturing,CHF Millions,41.3
2016,Swiss FDI abroad (Outward),Investment income,Debt instruments: net interest,V,Insurance companies,Services,CHF Millions,777.8
2016,Swiss FDI abroad (Outward),Investment income,Debt instruments: net interest,MUM,Metals and machinery,Manufacturing,CHF Millions,254.3
2016,Swiss FDI abroad (Outward),Investment income,Debt instruments: net interest,UIB,Other manufacturing and construction,Manufacturing,CHF Millions,678.7
2016,Swiss FDI abroad (Outward),Investment income,Debt instruments: net interest,DU,Other services,Services,CHF Millions,91.7
2016,Swiss FDI abroad (Outward),Investment income,Debt instruments: net interest,T0,Total,Manufacturing,CHF Millions,1868.4
2016,Swiss FDI abroad (Outward),Investment income,Debt instruments: net interest,T1,Total,Services,CHF Millions,3270.4
2016,Swiss FDI abroad (Outward),Investment income,Debt instruments: net interest,T2,Total,Services,CHF Millions,2426.7
2016,Swiss FDI abroad (Outward),Investment income,Debt instruments: net interest,T3,Total,Services,CHF Millions,1859.9
2016,Swiss FDI abroad (Outward),Investment income,Debt instruments: net interest,D1_2,Total,All / Total,CHF Millions,5138.8
2016,Swiss FDI abroad (Outward),Investment income,Debt instruments: net interest,D1_5,Total excluding foreign-controlled enterprises,All / Total,CHF Millions,3213.3
2016,Swiss FDI abroad (Outward),Investment income,Debt instruments: net interest,D1_3,Total excluding foreign-controlled finance and holding companies,All / Total,CHF Millions,3278.9
2016,Swiss FDI abroad (Outward),Investment income,Debt instruments: net interest,D1_4,Total excluding special purpose entities,All / Total,CHF Millions,4828.1
2016,Swiss FDI abroad (Outward),Investment income,Debt instruments: net interest,D1_6,Total foreign-controlled enterprises,All / Total,CHF Millions,1925.6
2016,Swiss FDI abroad (Outward),Investment income,Debt instruments: net interest,H,Trade,Services,CHF Millions,-153.4
2016,Swiss FDI abroad (Outward),Investment income,Debt instruments: net interest,TUK,Transportation and communications,Services,CHF Millions,127.7
2016,Swiss FDI abroad (Outward),Investment income,Debt instruments: net interest,DSPE0,of which special purpose entities,Services,CHF Millions,310.7
2016,Swiss FDI abroad (Outward),Investment income,Debt instruments: net interest,DSPE,of which special purpose entities,Services,CHF Millions,309.2
2016,Swiss FDI abroad (Outward),Investment income,Dividends,B,Banks,Services,CHF Millions,2826.3
2016,Swiss FDI abroad (Outward),Investment income,Dividends,CUK,Chemicals and plastics,Manufacturing,CHF Millions,9877.1
2016,Swiss FDI abroad (Outward),Investment income,Dividends,SB,Domestically controlled,Services,CHF Millions,2688.2
2016,Swiss FDI abroad (Outward),Investment income,Dividends,EEOU,"Electronics, energy, optical and watchmaking",Manufacturing,CHF Millions,4076.4
2016,Swiss FDI abroad (Outward),Investment income,Dividends,V,Insurance companies,Services,CHF Millions,4192.9
2016,Swiss FDI abroad (Outward),Investment income,Dividends,MUM,Metals and machinery,Manufacturing,CHF Millions,1631.5
2016,Swiss FDI abroad (Outward),Investment income,Dividends,UIB,Other manufacturing and construction,Manufacturing,CHF Millions,7426.4
2016,Swiss FDI abroad (Outward),Investment income,Dividends,DU,Other services,Services,CHF Millions,2107.5
2016,Swiss FDI abroad (Outward),Investment income,Dividends,T0,Total,Manufacturing,CHF Millions,23011.4
2016,Swiss FDI abroad (Outward),Investment income,Dividends,T1,Total,Services,CHF Millions,30269.7
2016,Swiss FDI abroad (Outward),Investment income,Dividends,T2,Total,Services,CHF Millions,15337.2
2016,Swiss FDI abroad (Outward),Investment income,Dividends,T3,Total,Services,CHF Millions,12649.0
2016,Swiss FDI abroad (Outward),Investment income,Dividends,D1_2,Total,All / Total,CHF Millions,53281.1
2016,Swiss FDI abroad (Outward),Investment income,Dividends,D1_5,Total excluding foreign-controlled enterprises,All / Total,CHF Millions,34374.9
2016,Swiss FDI abroad (Outward),Investment income,Dividends,D1_3,Total excluding foreign-controlled finance and holding companies,All / Total,CHF Millions,40632.1
2016,Swiss FDI abroad (Outward),Investment income,Dividends,D1_4,Total excluding special purpose entities,All / Total,CHF Millions,51700.1
2016,Swiss FDI abroad (Outward),Investment income,Dividends,D1_6,Total foreign-controlled enterprises,All / Total,CHF Millions,18906.2
2016,Swiss FDI abroad (Outward),Investment income,Dividends,H,Trade,Services,CHF Millions,4776.6
2016,Swiss FDI abroad (Outward),Investment income,Dividends,TUK,Transportation and communications,Services,CHF Millions,1029.2
2016,Swiss FDI abroad (Outward),Investment income,Dividends,DSPE0,of which special purpose entities,Services,CHF Millions,1581.0
2016,Swiss FDI abroad (Outward),Investment income,Dividends,DSPE,of which special purpose entities,Services,CHF Millions,1564.8
2016,Swiss FDI abroad (Outward),Investment income,Reinvested earnings,B,Banks,Services,CHF Millions,-2258.5
2016,Swiss FDI abroad (Outward),Investment income,Reinvested earnings,CUK,Chemicals and plastics,Manufacturing,CHF Millions,6021.3
2016,Swiss FDI abroad (Outward),Investment income,Reinvested earnings,SB,Domestically controlled,Services,CHF Millions,1736.1
2016,Swiss FDI abroad (Outward),Investment income,Reinvested earnings,EEOU,"Electronics, energy, optical and watchmaking",Manufacturing,CHF Millions,149.1
2016,Swiss FDI abroad (Outward),Investment income,Reinvested earnings,V,Insurance companies,Services,CHF Millions,6376.8
2016,Swiss FDI abroad (Outward),Investment income,Reinvested earnings,MUM,Metals and machinery,Manufacturing,CHF Millions,1925.2
2016,Swiss FDI abroad (Outward),Investment income,Reinvested earnings,UIB,Other manufacturing and construction,Manufacturing,CHF Millions,3490.8
2016,Swiss FDI abroad (Outward),Investment income,Reinvested earnings,DU,Other services,Services,CHF Millions,1174.1
2016,Swiss FDI abroad (Outward),Investment income,Reinvested earnings,T0,Total,Manufacturing,CHF Millions,11586.4
2016,Swiss FDI abroad (Outward),Investment income,Reinvested earnings,T1,Total,Services,CHF Millions,15806.3
2016,Swiss FDI abroad (Outward),Investment income,Reinvested earnings,T2,Total,Services,CHF Millions,5590.7
2016,Swiss FDI abroad (Outward),Investment income,Reinvested earnings,T3,Total,Services,CHF Millions,3854.6
2016,Swiss FDI abroad (Outward),Investment income,Reinvested earnings,D1_2,Total,All / Total,CHF Millions,27392.7
2016,Swiss FDI abroad (Outward),Investment income,Reinvested earnings,D1_5,Total excluding foreign-controlled enterprises,All / Total,CHF Millions,18466.7
2016,Swiss FDI abroad (Outward),Investment income,Reinvested earnings,D1_3,Total excluding foreign-controlled finance and holding companies,All / Total,CHF Millions,23538.0
2016,Swiss FDI abroad (Outward),Investment income,Reinvested earnings,D1_4,Total excluding special purpose entities,All / Total,CHF Millions,28444.6
2016,Swiss FDI abroad (Outward),Investment income,Reinvested earnings,D1_6,Total foreign-controlled enterprises,All / Total,CHF Millions,8925.9
2016,Swiss FDI abroad (Outward),Investment income,Reinvested earnings,H,Trade,Services,CHF Millions,4591.3
2016,Swiss FDI abroad (Outward),Investment income,Reinvested earnings,TUK,Transportation and communications,Services,CHF Millions,331.8
2016,Swiss FDI abroad (Outward),Investment income,Reinvested earnings,DSPE0,of which special purpose entities,Services,CHF Millions,-1051.9
2016,Swiss FDI abroad (Outward),Investment income,Reinvested earnings,DSPE,of which special purpose entities,Services,CHF Millions,-1076.0
2016,Swiss FDI abroad (Outward),Investment income,Total,B,Banks,Services,CHF Millions,567.8
2016,Swiss FDI abroad (Outward),Investment income,Total,CUK,Chemicals and plastics,Manufacturing,CHF Millions,16792.4
2016,Swiss FDI abroad (Outward),Investment income,Total,SB,Domestically controlled,Services,CHF Millions,4991.1
2016,Swiss FDI abroad (Outward),Investment income,Total,EEOU,"Electronics, energy, optical and watchmaking",Manufacturing,CHF Millions,4266.9
2016,Swiss FDI abroad (Outward),Investment income,Total,V,Insurance companies,Services,CHF Millions,11347.5
2016,Swiss FDI abroad (Outward),Investment income,Total,MUM,Metals and machinery,Manufacturing,CHF Millions,3811.0
2016,Swiss FDI abroad (Outward),Investment income,Total,UIB,Other manufacturing and construction,Manufacturing,CHF Millions,11595.9
2016,Swiss FDI abroad (Outward),Investment income,Total,DU,Other services,Services,CHF Millions,3373.3
2016,Swiss FDI abroad (Outward),Investment income,Total,T0,Total,Manufacturing,CHF Millions,36466.2
2016,Swiss FDI abroad (Outward),Investment income,Total,T1,Total,Services,CHF Millions,49346.4
2016,Swiss FDI abroad (Outward),Investment income,Total,T2,Total,Services,CHF Millions,23354.6
2016,Swiss FDI abroad (Outward),Investment income,Total,T3,Total,Services,CHF Millions,18363.5
2016,Swiss FDI abroad (Outward),Investment income,Total,D1_2,Total,All / Total,CHF Millions,85812.6
2016,Swiss FDI abroad (Outward),Investment income,Total,D1_5,Total excluding foreign-controlled enterprises,All / Total,CHF Millions,56054.9
2016,Swiss FDI abroad (Outward),Investment income,Total,D1_3,Total excluding foreign-controlled finance and holding companies,All / Total,CHF Millions,67449.0
2016,Swiss FDI abroad (Outward),Investment income,Total,D1_4,Total excluding special purpose entities,All / Total,CHF Millions,84972.8
2016,Swiss FDI abroad (Outward),Investment income,Total,D1_6,Total foreign-controlled enterprises,All / Total,CHF Millions,29757.7
2016,Swiss FDI abroad (Outward),Investment income,Total,H,Trade,Services,CHF Millions,9214.5
2016,Swiss FDI abroad (Outward),Investment income,Total,TUK,Transportation and communications,Services,CHF Millions,1488.6
2016,Swiss FDI abroad (Outward),Investment income,Total,DSPE0,of which special purpose entities,Services,CHF Millions,839.8
2016,Swiss FDI abroad (Outward),Investment income,Total,DSPE,of which special purpose entities,Services,CHF Millions,798.1
2017,FDI in Switzerland (Inward),Capital stocks,Debt instruments,B,Banks,Services,CHF Millions,
2017,FDI in Switzerland (Inward),Capital stocks,Debt instruments,CUK,Chemicals and plastics,Manufacturing,CHF Millions,6722.8
2017,FDI in Switzerland (Inward),Capital stocks,Debt instruments,EEOU,"Electronics, energy, optical and watchmaking",Manufacturing,CHF Millions,1695.9
2017,FDI in Switzerland (Inward),Capital stocks,Debt instruments,V,Insurance companies,Services,CHF Millions,-5024.1
2017,FDI in Switzerland (Inward),Capital stocks,Debt instruments,MUM,Metals and machinery,Manufacturing,CHF Millions,1887.3
2017,FDI in Switzerland (Inward),Capital stocks,Debt instruments,UIB,Other manufacturing and construction,Manufacturing,CHF Millions,3602.3
2017,FDI in Switzerland (Inward),Capital stocks,Debt instruments,DU,Other services,Services,CHF Millions,3611.1
2017,FDI in Switzerland (Inward),Capital stocks,Debt instruments,T0,Total,Manufacturing,CHF Millions,13908.2
2017,FDI in Switzerland (Inward),Capital stocks,Debt instruments,T1,Total,Services,CHF Millions,53076.3
2017,FDI in Switzerland (Inward),Capital stocks,Debt instruments,T2,Total,Services,CHF Millions,21450.3
2017,FDI in Switzerland (Inward),Capital stocks,Debt instruments,D1_2,Total,All / Total,CHF Millions,66984.4
2017,FDI in Switzerland (Inward),Capital stocks,Debt instruments,D1_3,Total excluding special purpose entities,All / Total,CHF Millions,30823.1
2017,FDI in Switzerland (Inward),Capital stocks,Debt instruments,H,Trade,Services,CHF Millions,29936.4
2017,FDI in Switzerland (Inward),Capital stocks,Debt instruments,TUK,Transportation and communications,Services,CHF Millions,3102.5
2017,FDI in Switzerland (Inward),Capital stocks,Debt instruments,DSPE0,of which special purpose entities,Services,CHF Millions,36161.4
2017,FDI in Switzerland (Inward),Capital stocks,Debt instruments,DSPE,of which special purpose entities,Services,CHF Millions,36032.7
2017,FDI in Switzerland (Inward),Capital stocks,Equity capital,B,Banks,Services,CHF Millions,23894.2
2017,FDI in Switzerland (Inward),Capital stocks,Equity capital,CUK,Chemicals and plastics,Manufacturing,CHF Millions,86466.1
2017,FDI in Switzerland (Inward),Capital stocks,Equity capital,EEOU,"Electronics, energy, optical and watchmaking",Manufacturing,CHF Millions,44687.4
2017,FDI in Switzerland (Inward),Capital stocks,Equity capital,V,Insurance companies,Services,CHF Millions,31782.9
2017,FDI in Switzerland (Inward),Capital stocks,Equity capital,PMG,Memorandum item: Real estate activities,All / Total,CHF Millions,37893.6
2017,FDI in Switzerland (Inward),Capital stocks,Equity capital,PMT,Memorandum item: Total including real estate activities,All / Total,CHF Millions,1318729.4
2017,FDI in Switzerland (Inward),Capital stocks,Equity capital,MUM,Metals and machinery,Manufacturing,CHF Millions,13675.8
2017,FDI in Switzerland (Inward),Capital stocks,Equity capital,UIB,Other manufacturing and construction,Manufacturing,CHF Millions,10742.9
2017,FDI in Switzerland (Inward),Capital stocks,Equity capital,DU,Other services,Services,CHF Millions,93584.4
2017,FDI in Switzerland (Inward),Capital stocks,Equity capital,T0,Total,Manufacturing,CHF Millions,155572.2
2017,FDI in Switzerland (Inward),Capital stocks,Equity capital,T1,Total,Services,CHF Millions,1125263.6
2017,FDI in Switzerland (Inward),Capital stocks,Equity capital,T2,Total,Services,CHF Millions,804186.9
2017,FDI in Switzerland (Inward),Capital stocks,Equity capital,D1_2,Total,All / Total,CHF Millions,1280835.8
2017,FDI in Switzerland (Inward),Capital stocks,Equity capital,D1_3,Total excluding special purpose entities,All / Total,CHF Millions,1029168.3
2017,FDI in Switzerland (Inward),Capital stocks,Equity capital,H,Trade,Services,CHF Millions,159702.4
2017,FDI in Switzerland (Inward),Capital stocks,Equity capital,TUK,Transportation and communications,Services,CHF Millions,12112.8
2017,FDI in Switzerland (Inward),Capital stocks,Equity capital,DSPE0,of which special purpose entities,Services,CHF Millions,251667.5
2017,FDI in Switzerland (Inward),Capital stocks,Equity capital,DSPE,of which special purpose entities,Services,CHF Millions,249872.2
2017,FDI in Switzerland (Inward),Capital stocks,Total,B,Banks,Services,CHF Millions,23894.2
2017,FDI in Switzerland (Inward),Capital stocks,Total,CUK,Chemicals and plastics,Manufacturing,CHF Millions,93188.9
2017,FDI in Switzerland (Inward),Capital stocks,Total,EEOU,"Electronics, energy, optical and watchmaking",Manufacturing,CHF Millions,46383.3
2017,FDI in Switzerland (Inward),Capital stocks,Total,V,Insurance companies,Services,CHF Millions,26758.8
2017,FDI in Switzerland (Inward),Capital stocks,Total,PMG,Memorandum item: Real estate activities,All / Total,CHF Millions,37893.6
2017,FDI in Switzerland (Inward),Capital stocks,Total,PMT,Memorandum item: Total including real estate activities,All / Total,CHF Millions,1385713.8
2017,FDI in Switzerland (Inward),Capital stocks,Total,MUM,Metals and machinery,Manufacturing,CHF Millions,15563.1
2017,FDI in Switzerland (Inward),Capital stocks,Total,UIB,Other manufacturing and construction,Manufacturing,CHF Millions,14345.2
2017,FDI in Switzerland (Inward),Capital stocks,Total,DU,Other services,Services,CHF Millions,97195.5
2017,FDI in Switzerland (Inward),Capital stocks,Total,T0,Total,Manufacturing,CHF Millions,169480.4
2017,FDI in Switzerland (Inward),Capital stocks,Total,T1,Total,Services,CHF Millions,1178339.8
2017,FDI in Switzerland (Inward),Capital stocks,Total,T2,Total,Services,CHF Millions,825637.2
2017,FDI in Switzerland (Inward),Capital stocks,Total,D1_2,Total,All / Total,CHF Millions,1347820.2
2017,FDI in Switzerland (Inward),Capital stocks,Total,D1_3,Total excluding special purpose entities,All / Total,CHF Millions,1059991.4
2017,FDI in Switzerland (Inward),Capital stocks,Total,H,Trade,Services,CHF Millions,189638.7
2017,FDI in Switzerland (Inward),Capital stocks,Total,TUK,Transportation and communications,Services,CHF Millions,15215.4
2017,FDI in Switzerland (Inward),Capital stocks,Total,DSPE0,of which special purpose entities,Services,CHF Millions,287828.8
2017,FDI in Switzerland (Inward),Capital stocks,Total,DSPE,of which special purpose entities,Services,CHF Millions,285905.0
2017,FDI in Switzerland (Inward),Capital transactions (flows),Debt instruments,B,Banks,Services,CHF Millions,
2017,FDI in Switzerland (Inward),Capital transactions (flows),Debt instruments,CUK,Chemicals and plastics,Manufacturing,CHF Millions,7949.0
2017,FDI in Switzerland (Inward),Capital transactions (flows),Debt instruments,EEOU,"Electronics, energy, optical and watchmaking",Manufacturing,CHF Millions,347.9
2017,FDI in Switzerland (Inward),Capital transactions (flows),Debt instruments,V,Insurance companies,Services,CHF Millions,-746.8
2017,FDI in Switzerland (Inward),Capital transactions (flows),Debt instruments,MUM,Metals and machinery,Manufacturing,CHF Millions,2047.8
2017,FDI in Switzerland (Inward),Capital transactions (flows),Debt instruments,UIB,Other manufacturing and construction,Manufacturing,CHF Millions,2488.5
2017,FDI in Switzerland (Inward),Capital transactions (flows),Debt instruments,DU,Other services,Services,CHF Millions,266.6
2017,FDI in Switzerland (Inward),Capital transactions (flows),Debt instruments,T0,Total,Manufacturing,CHF Millions,12833.2
2017,FDI in Switzerland (Inward),Capital transactions (flows),Debt instruments,T1,Total,Services,CHF Millions,29186.4
2017,FDI in Switzerland (Inward),Capital transactions (flows),Debt instruments,T2,Total,Services,CHF Millions,20054.0
2017,FDI in Switzerland (Inward),Capital transactions (flows),Debt instruments,D1_2,Total,All / Total,CHF Millions,42019.6
2017,FDI in Switzerland (Inward),Capital transactions (flows),Debt instruments,D1_3,Total excluding special purpose entities,All / Total,CHF Millions,42747.2
2017,FDI in Switzerland (Inward),Capital transactions (flows),Debt instruments,H,Trade,Services,CHF Millions,12297.2
2017,FDI in Switzerland (Inward),Capital transactions (flows),Debt instruments,TUK,Transportation and communications,Services,CHF Millions,-2684.6
2017,FDI in Switzerland (Inward),Capital transactions (flows),Debt instruments,DSPE0,of which special purpose entities,Services,CHF Millions,-727.6
2017,FDI in Switzerland (Inward),Capital transactions (flows),Debt instruments,DSPE,of which special purpose entities,Services,CHF Millions,-845.4
2017,FDI in Switzerland (Inward),Capital transactions (flows),Equity capital excluding reinvested earnings,B,Banks,Services,CHF Millions,162.4
2017,FDI in Switzerland (Inward),Capital transactions (flows),Equity capital excluding reinvested earnings,CUK,Chemicals and plastics,Manufacturing,CHF Millions,41090.8
2017,FDI in Switzerland (Inward),Capital transactions (flows),Equity capital excluding reinvested earnings,EEOU,"Electronics, energy, optical and watchmaking",Manufacturing,CHF Millions,322.1
2017,FDI in Switzerland (Inward),Capital transactions (flows),Equity capital excluding reinvested earnings,V,Insurance companies,Services,CHF Millions,3510.6
2017,FDI in Switzerland (Inward),Capital transactions (flows),Equity capital excluding reinvested earnings,PMG,Memorandum item: Real estate activities,All / Total,CHF Millions,154.3
2017,FDI in Switzerland (Inward),Capital transactions (flows),Equity capital excluding reinvested earnings,PMT,Memorandum item: Total including real estate activities,All / Total,CHF Millions,33048.2
2017,FDI in Switzerland (Inward),Capital transactions (flows),Equity capital excluding reinvested earnings,MUM,Metals and machinery,Manufacturing,CHF Millions,-505.5
2017,FDI in Switzerland (Inward),Capital transactions (flows),Equity capital excluding reinvested earnings,UIB,Other manufacturing and construction,Manufacturing,CHF Millions,130.6
2017,FDI in Switzerland (Inward),Capital transactions (flows),Equity capital excluding reinvested earnings,DU,Other services,Services,CHF Millions,-1419.2
2017,FDI in Switzerland (Inward),Capital transactions (flows),Equity capital excluding reinvested earnings,T0,Total,Manufacturing,CHF Millions,41037.9
2017,FDI in Switzerland (Inward),Capital transactions (flows),Equity capital excluding reinvested earnings,T1,Total,Services,CHF Millions,-8144.1
2017,FDI in Switzerland (Inward),Capital transactions (flows),Equity capital excluding reinvested earnings,T2,Total,Services,CHF Millions,6146.0
2017,FDI in Switzerland (Inward),Capital transactions (flows),Equity capital excluding reinvested earnings,D1_2,Total,All / Total,CHF Millions,32893.8
2017,FDI in Switzerland (Inward),Capital transactions (flows),Equity capital excluding reinvested earnings,D1_3,Total excluding special purpose entities,All / Total,CHF Millions,40370.4
2017,FDI in Switzerland (Inward),Capital transactions (flows),Equity capital excluding reinvested earnings,H,Trade,Services,CHF Millions,-18019.5
2017,FDI in Switzerland (Inward),Capital transactions (flows),Equity capital excluding reinvested earnings,TUK,Transportation and communications,Services,CHF Millions,1475.6
2017,FDI in Switzerland (Inward),Capital transactions (flows),Equity capital excluding reinvested earnings,DSPE0,of which special purpose entities,Services,CHF Millions,-7476.6
2017,FDI in Switzerland (Inward),Capital transactions (flows),Equity capital excluding reinvested earnings,DSPE,of which special purpose entities,Services,CHF Millions,-6752.8
2017,FDI in Switzerland (Inward),Capital transactions (flows),Reinvested earnings,B,Banks,Services,CHF Millions,-933.8
2017,FDI in Switzerland (Inward),Capital transactions (flows),Reinvested earnings,CUK,Chemicals and plastics,Manufacturing,CHF Millions,5996.6
2017,FDI in Switzerland (Inward),Capital transactions (flows),Reinvested earnings,EEOU,"Electronics, energy, optical and watchmaking",Manufacturing,CHF Millions,969.5
2017,FDI in Switzerland (Inward),Capital transactions (flows),Reinvested earnings,V,Insurance companies,Services,CHF Millions,1.5
2017,FDI in Switzerland (Inward),Capital transactions (flows),Reinvested earnings,MUM,Metals and machinery,Manufacturing,CHF Millions,-11.7
2017,FDI in Switzerland (Inward),Capital transactions (flows),Reinvested earnings,UIB,Other manufacturing and construction,Manufacturing,CHF Millions,-162.8
2017,FDI in Switzerland (Inward),Capital transactions (flows),Reinvested earnings,DU,Other services,Services,CHF Millions,748.5
2017,FDI in Switzerland (Inward),Capital transactions (flows),Reinvested earnings,T0,Total,Manufacturing,CHF Millions,6791.5
2017,FDI in Switzerland (Inward),Capital transactions (flows),Reinvested earnings,T1,Total,Services,CHF Millions,31072.3
2017,FDI in Switzerland (Inward),Capital transactions (flows),Reinvested earnings,T2,Total,Services,CHF Millions,11813.3
2017,FDI in Switzerland (Inward),Capital transactions (flows),Reinvested earnings,D1_2,Total,All / Total,CHF Millions,37863.8
2017,FDI in Switzerland (Inward),Capital transactions (flows),Reinvested earnings,D1_3,Total excluding special purpose entities,All / Total,CHF Millions,46314.1
2017,FDI in Switzerland (Inward),Capital transactions (flows),Reinvested earnings,H,Trade,Services,CHF Millions,17821.2
2017,FDI in Switzerland (Inward),Capital transactions (flows),Reinvested earnings,TUK,Transportation and communications,Services,CHF Millions,748.5
2017,FDI in Switzerland (Inward),Capital transactions (flows),Reinvested earnings,DSPE0,of which special purpose entities,Services,CHF Millions,-8450.3
2017,FDI in Switzerland (Inward),Capital transactions (flows),Reinvested earnings,DSPE,of which special purpose entities,Services,CHF Millions,-8338.3
2017,FDI in Switzerland (Inward),Capital transactions (flows),Total,B,Banks,Services,CHF Millions,-771.4
2017,FDI in Switzerland (Inward),Capital transactions (flows),Total,CUK,Chemicals and plastics,Manufacturing,CHF Millions,55036.4
2017,FDI in Switzerland (Inward),Capital transactions (flows),Total,EEOU,"Electronics, energy, optical and watchmaking",Manufacturing,CHF Millions,1639.5
2017,FDI in Switzerland (Inward),Capital transactions (flows),Total,V,Insurance companies,Services,CHF Millions,2765.4
2017,FDI in Switzerland (Inward),Capital transactions (flows),Total,PMG,Memorandum item: Real estate activities,All / Total,CHF Millions,154.3
2017,FDI in Switzerland (Inward),Capital transactions (flows),Total,PMT,Memorandum item: Total including real estate activities,All / Total,CHF Millions,112931.6
2017,FDI in Switzerland (Inward),Capital transactions (flows),Total,MUM,Metals and machinery,Manufacturing,CHF Millions,1530.6
2017,FDI in Switzerland (Inward),Capital transactions (flows),Total,UIB,Other manufacturing and construction,Manufacturing,CHF Millions,2456.2
2017,FDI in Switzerland (Inward),Capital transactions (flows),Total,DU,Other services,Services,CHF Millions,468.9
2017,FDI in Switzerland (Inward),Capital transactions (flows),Total,T0,Total,Manufacturing,CHF Millions,60662.7
2017,FDI in Switzerland (Inward),Capital transactions (flows),Total,T1,Total,Services,CHF Millions,52114.6
2017,FDI in Switzerland (Inward),Capital transactions (flows),Total,T2,Total,Services,CHF Millions,38013.3
2017,FDI in Switzerland (Inward),Capital transactions (flows),Total,D1_2,Total,All / Total,CHF Millions,112777.3
2017,FDI in Switzerland (Inward),Capital transactions (flows),Total,D1_3,Total excluding special purpose entities,All / Total,CHF Millions,129431.7
2017,FDI in Switzerland (Inward),Capital transactions (flows),Total,H,Trade,Services,CHF Millions,12098.9
2017,FDI in Switzerland (Inward),Capital transactions (flows),Total,TUK,Transportation and communications,Services,CHF Millions,-460.5
2017,FDI in Switzerland (Inward),Capital transactions (flows),Total,DSPE0,of which special purpose entities,Services,CHF Millions,-16654.5
2017,FDI in Switzerland (Inward),Capital transactions (flows),Total,DSPE,of which special purpose entities,Services,CHF Millions,-15936.5
2017,FDI in Switzerland (Inward),Investment income,Debt instruments: net interest,B,Banks,Services,CHF Millions,
2017,FDI in Switzerland (Inward),Investment income,Debt instruments: net interest,CUK,Chemicals and plastics,Manufacturing,CHF Millions,150.4
2017,FDI in Switzerland (Inward),Investment income,Debt instruments: net interest,EEOU,"Electronics, energy, optical and watchmaking",Manufacturing,CHF Millions,25.3
2017,FDI in Switzerland (Inward),Investment income,Debt instruments: net interest,V,Insurance companies,Services,CHF Millions,-73.7
2017,FDI in Switzerland (Inward),Investment income,Debt instruments: net interest,MUM,Metals and machinery,Manufacturing,CHF Millions,56.9
2017,FDI in Switzerland (Inward),Investment income,Debt instruments: net interest,UIB,Other manufacturing and construction,Manufacturing,CHF Millions,6.5
2017,FDI in Switzerland (Inward),Investment income,Debt instruments: net interest,DU,Other services,Services,CHF Millions,61.3
2017,FDI in Switzerland (Inward),Investment income,Debt instruments: net interest,T0,Total,Manufacturing,CHF Millions,239.1
2017,FDI in Switzerland (Inward),Investment income,Debt instruments: net interest,T1,Total,Services,CHF Millions,291.0
2017,FDI in Switzerland (Inward),Investment income,Debt instruments: net interest,T2,Total,Services,CHF Millions,-666.1
2017,FDI in Switzerland (Inward),Investment income,Debt instruments: net interest,D1_2,Total,All / Total,CHF Millions,530.1
2017,FDI in Switzerland (Inward),Investment income,Debt instruments: net interest,D1_3,Total excluding special purpose entities,All / Total,CHF Millions,404.1
2017,FDI in Switzerland (Inward),Investment income,Debt instruments: net interest,H,Trade,Services,CHF Millions,724.0
2017,FDI in Switzerland (Inward),Investment income,Debt instruments: net interest,TUK,Transportation and communications,Services,CHF Millions,245.6
2017,FDI in Switzerland (Inward),Investment income,Debt instruments: net interest,DSPE0,of which special purpose entities,Services,CHF Millions,126.0
2017,FDI in Switzerland (Inward),Investment income,Debt instruments: net interest,DSPE,of which special purpose entities,Services,CHF Millions,116.4
2017,FDI in Switzerland (Inward),Investment income,Dividends,B,Banks,Services,CHF Millions,1332.0
2017,FDI in Switzerland (Inward),Investment income,Dividends,CUK,Chemicals and plastics,Manufacturing,CHF Millions,6530.7
2017,FDI in Switzerland (Inward),Investment income,Dividends,EEOU,"Electronics, energy, optical and watchmaking",Manufacturing,CHF Millions,1774.2
2017,FDI in Switzerland (Inward),Investment income,Dividends,V,Insurance companies,Services,CHF Millions,2489.7
2017,FDI in Switzerland (Inward),Investment income,Dividends,MUM,Metals and machinery,Manufacturing,CHF Millions,1568.3
2017,FDI in Switzerland (Inward),Investment income,Dividends,UIB,Other manufacturing and construction,Manufacturing,CHF Millions,1365.7
2017,FDI in Switzerland (Inward),Investment income,Dividends,DU,Other services,Services,CHF Millions,2579.4
2017,FDI in Switzerland (Inward),Investment income,Dividends,T0,Total,Manufacturing,CHF Millions,11238.8
2017,FDI in Switzerland (Inward),Investment income,Dividends,T1,Total,Services,CHF Millions,48813.9
2017,FDI in Switzerland (Inward),Investment income,Dividends,T2,Total,Services,CHF Millions,32901.3
2017,FDI in Switzerland (Inward),Investment income,Dividends,D1_2,Total,All / Total,CHF Millions,60052.7
2017,FDI in Switzerland (Inward),Investment income,Dividends,D1_3,Total excluding special purpose entities,All / Total,CHF Millions,44598.4
2017,FDI in Switzerland (Inward),Investment income,Dividends,H,Trade,Services,CHF Millions,8739.7
2017,FDI in Switzerland (Inward),Investment income,Dividends,TUK,Transportation and communications,Services,CHF Millions,771.8
2017,FDI in Switzerland (Inward),Investment income,Dividends,DSPE0,of which special purpose entities,Services,CHF Millions,15454.2
2017,FDI in Switzerland (Inward),Investment income,Dividends,DSPE,of which special purpose entities,Services,CHF Millions,15454.2
2017,FDI in Switzerland (Inward),Investment income,Reinvested earnings,B,Banks,Services,CHF Millions,-933.8
2017,FDI in Switzerland (Inward),Investment income,Reinvested earnings,CUK,Chemicals and plastics,Manufacturing,CHF Millions,5996.6
2017,FDI in Switzerland (Inward),Investment income,Reinvested earnings,EEOU,"Electronics, energy, optical and watchmaking",Manufacturing,CHF Millions,969.5
2017,FDI in Switzerland (Inward),Investment income,Reinvested earnings,V,Insurance companies,Services,CHF Millions,1.5
2017,FDI in Switzerland (Inward),Investment income,Reinvested earnings,MUM,Metals and machinery,Manufacturing,CHF Millions,-11.7
2017,FDI in Switzerland (Inward),Investment income,Reinvested earnings,UIB,Other manufacturing and construction,Manufacturing,CHF Millions,-162.8
2017,FDI in Switzerland (Inward),Investment income,Reinvested earnings,DU,Other services,Services,CHF Millions,1621.5
2017,FDI in Switzerland (Inward),Investment income,Reinvested earnings,T0,Total,Manufacturing,CHF Millions,6791.5
2017,FDI in Switzerland (Inward),Investment income,Reinvested earnings,T1,Total,Services,CHF Millions,31072.3
2017,FDI in Switzerland (Inward),Investment income,Reinvested earnings,T2,Total,Services,CHF Millions,11813.3
2017,FDI in Switzerland (Inward),Investment income,Reinvested earnings,D1_2,Total,All / Total,CHF Millions,37863.8
2017,FDI in Switzerland (Inward),Investment income,Reinvested earnings,D1_3,Total excluding special purpose entities,All / Total,CHF Millions,46314.1
2017,FDI in Switzerland (Inward),Investment income,Reinvested earnings,H,Trade,Services,CHF Millions,17821.2
2017,FDI in Switzerland (Inward),Investment income,Reinvested earnings,TUK,Transportation and communications,Services,CHF Millions,748.5
2017,FDI in Switzerland (Inward),Investment income,Reinvested earnings,DSPE0,of which special purpose entities,Services,CHF Millions,-8450.3
2017,FDI in Switzerland (Inward),Investment income,Reinvested earnings,DSPE,of which special purpose entities,Services,CHF Millions,-8338.3
2017,FDI in Switzerland (Inward),Investment income,Total,B,Banks,Services,CHF Millions,398.2
2017,FDI in Switzerland (Inward),Investment income,Total,CUK,Chemicals and plastics,Manufacturing,CHF Millions,12677.6
2017,FDI in Switzerland (Inward),Investment income,Total,EEOU,"Electronics, energy, optical and watchmaking",Manufacturing,CHF Millions,2769.0
2017,FDI in Switzerland (Inward),Investment income,Total,V,Insurance companies,Services,CHF Millions,2417.5
2017,FDI in Switzerland (Inward),Investment income,Total,MUM,Metals and machinery,Manufacturing,CHF Millions,1613.5
2017,FDI in Switzerland (Inward),Investment income,Total,UIB,Other manufacturing and construction,Manufacturing,CHF Millions,1209.4
2017,FDI in Switzerland (Inward),Investment income,Total,DU,Other services,Services,CHF Millions,4262.3
2017,FDI in Switzerland (Inward),Investment income,Total,T0,Total,Manufacturing,CHF Millions,18269.4
2017,FDI in Switzerland (Inward),Investment income,Total,T1,Total,Services,CHF Millions,80177.2
2017,FDI in Switzerland (Inward),Investment income,Total,T2,Total,Services,CHF Millions,44048.5
2017,FDI in Switzerland (Inward),Investment income,Total,D1_2,Total,All / Total,CHF Millions,98446.6
2017,FDI in Switzerland (Inward),Investment income,Total,D1_3,Total excluding special purpose entities,All / Total,CHF Millions,91316.7
2017,FDI in Switzerland (Inward),Investment income,Total,H,Trade,Services,CHF Millions,27284.8
2017,FDI in Switzerland (Inward),Investment income,Total,TUK,Transportation and communications,Services,CHF Millions,1765.9
2017,FDI in Switzerland (Inward),Investment income,Total,DSPE0,of which special purpose entities,Services,CHF Millions,7129.9
2017,FDI in Switzerland (Inward),Investment income,Total,DSPE,of which special purpose entities,Services,CHF Millions,7232.3
2017,Swiss FDI abroad (Outward),Capital stocks,Debt instruments,B,Banks,Services,CHF Millions,
2017,Swiss FDI abroad (Outward),Capital stocks,Debt instruments,CUK,Chemicals and plastics,Manufacturing,CHF Millions,27782.6
2017,Swiss FDI abroad (Outward),Capital stocks,Debt instruments,SB,Domestically controlled,Services,CHF Millions,16474.6
2017,Swiss FDI abroad (Outward),Capital stocks,Debt instruments,EEOU,"Electronics, energy, optical and watchmaking",Manufacturing,CHF Millions,2359.5
2017,Swiss FDI abroad (Outward),Capital stocks,Debt instruments,V,Insurance companies,Services,CHF Millions,444.6
2017,Swiss FDI abroad (Outward),Capital stocks,Debt instruments,MUM,Metals and machinery,Manufacturing,CHF Millions,12271.3
2017,Swiss FDI abroad (Outward),Capital stocks,Debt instruments,UIB,Other manufacturing and construction,Manufacturing,CHF Millions,16859.3
2017,Swiss FDI abroad (Outward),Capital stocks,Debt instruments,DU,Other services,Services,CHF Millions,-55143.0
2017,Swiss FDI abroad (Outward),Capital stocks,Debt instruments,T0,Total,Manufacturing,CHF Millions,59272.7
2017,Swiss FDI abroad (Outward),Capital stocks,Debt instruments,T1,Total,Services,CHF Millions,23966.3
2017,Swiss FDI abroad (Outward),Capital stocks,Debt instruments,T2,Total,Services,CHF Millions,56939.6
2017,Swiss FDI abroad (Outward),Capital stocks,Debt instruments,T3,Total,Services,CHF Millions,40465.1
2017,Swiss FDI abroad (Outward),Capital stocks,Debt instruments,D1_2,Total,All / Total,CHF Millions,83239.0
2017,Swiss FDI abroad (Outward),Capital stocks,Debt instruments,D1_5,Total excluding foreign-controlled enterprises,All / Total,CHF Millions,73716.3
2017,Swiss FDI abroad (Outward),Capital stocks,Debt instruments,D1_3,Total excluding foreign-controlled finance and holding companies,All / Total,CHF Millions,42773.9
2017,Swiss FDI abroad (Outward),Capital stocks,Debt instruments,D1_4,Total excluding special purpose entities,All / Total,CHF Millions,78864.2
2017,Swiss FDI abroad (Outward),Capital stocks,Debt instruments,D1_6,Total foreign-controlled enterprises,All / Total,CHF Millions,9522.7
2017,Swiss FDI abroad (Outward),Capital stocks,Debt instruments,H,Trade,Services,CHF Millions,13621.8
2017,Swiss FDI abroad (Outward),Capital stocks,Debt instruments,TUK,Transportation and communications,Services,CHF Millions,8103.2
2017,Swiss FDI abroad (Outward),Capital stocks,Debt instruments,DSPE0,of which special purpose entities,Services,CHF Millions,4374.8
2017,Swiss FDI abroad (Outward),Capital stocks,Debt instruments,DSPE,of which special purpose entities,Services,CHF Millions,4210.6
2017,Swiss FDI abroad (Outward),Capital stocks,Equity capital,B,Banks,Services,CHF Millions,82149.6
2017,Swiss FDI abroad (Outward),Capital stocks,Equity capital,CUK,Chemicals and plastics,Manufacturing,CHF Millions,135672.7
2017,Swiss FDI abroad (Outward),Capital stocks,Equity capital,SB,Domestically controlled,Services,CHF Millions,86673.9
2017,Swiss FDI abroad (Outward),Capital stocks,Equity capital,EEOU,"Electronics, energy, optical and watchmaking",Manufacturing,CHF Millions,81260.0
2017,Swiss FDI abroad (Outward),Capital stocks,Equity capital,V,Insurance companies,Services,CHF Millions,106256.7
2017,Swiss FDI abroad (Outward),Capital stocks,Equity capital,PMG,Memorandum item: Real estate activities,All / Total,CHF Millions,4402.6
2017,Swiss FDI abroad (Outward),Capital stocks,Equity capital,PMT,Memorandum item: Total including real estate activities,All / Total,CHF Millions,1319267.6
2017,Swiss FDI abroad (Outward),Capital stocks,Equity capital,MUM,Metals and machinery,Manufacturing,CHF Millions,31238.4
2017,Swiss FDI abroad (Outward),Capital stocks,Equity capital,UIB,Other manufacturing and construction,Manufacturing,CHF Millions,114991.6
2017,Swiss FDI abroad (Outward),Capital stocks,Equity capital,DU,Other services,Services,CHF Millions,85023.3
2017,Swiss FDI abroad (Outward),Capital stocks,Equity capital,T0,Total,Manufacturing,CHF Millions,363162.7
2017,Swiss FDI abroad (Outward),Capital stocks,Equity capital,T1,Total,Services,CHF Millions,951702.3
2017,Swiss FDI abroad (Outward),Capital stocks,Equity capital,T2,Total,Services,CHF Millions,526063.5
2017,Swiss FDI abroad (Outward),Capital stocks,Equity capital,T3,Total,Services,CHF Millions,439389.5
2017,Swiss FDI abroad (Outward),Capital stocks,Equity capital,D1_2,Total,All / Total,CHF Millions,1314865.1
2017,Swiss FDI abroad (Outward),Capital stocks,Equity capital,D1_5,Total excluding foreign-controlled enterprises,All / Total,CHF Millions,618142.4
2017,Swiss FDI abroad (Outward),Capital stocks,Equity capital,D1_3,Total excluding foreign-controlled finance and holding companies,All / Total,CHF Millions,875475.5
2017,Swiss FDI abroad (Outward),Capital stocks,Equity capital,D1_4,Total excluding special purpose entities,All / Total,CHF Millions,1150973.7
2017,Swiss FDI abroad (Outward),Capital stocks,Equity capital,D1_6,Total foreign-controlled enterprises,All / Total,CHF Millions,696722.7
2017,Swiss FDI abroad (Outward),Capital stocks,Equity capital,H,Trade,Services,CHF Millions,130759.6
2017,Swiss FDI abroad (Outward),Capital stocks,Equity capital,TUK,Transportation and communications,Services,CHF Millions,21449.7
2017,Swiss FDI abroad (Outward),Capital stocks,Equity capital,DSPE0,of which special purpose entities,Services,CHF Millions,163891.3
2017,Swiss FDI abroad (Outward),Capital stocks,Equity capital,DSPE,of which special purpose entities,Services,CHF Millions,162713.6
2017,Swiss FDI abroad (Outward),Capital stocks,Total,B,Banks,Services,CHF Millions,82149.6
2017,Swiss FDI abroad (Outward),Capital stocks,Total,CUK,Chemicals and plastics,Manufacturing,CHF Millions,163455.3
2017,Swiss FDI abroad (Outward),Capital stocks,Total,SB,Domestically controlled,Services,CHF Millions,103148.5
2017,Swiss FDI abroad (Outward),Capital stocks,Total,EEOU,"Electronics, energy, optical and watchmaking",Manufacturing,CHF Millions,83619.5
2017,Swiss FDI abroad (Outward),Capital stocks,Total,V,Insurance companies,Services,CHF Millions,106701.3
2017,Swiss FDI abroad (Outward),Capital stocks,Total,PMG,Memorandum item: Real estate activities,All / Total,CHF Millions,4402.6
2017,Swiss FDI abroad (Outward),Capital stocks,Total,PMT,Memorandum item: Total including real estate activities,All / Total,CHF Millions,1402506.6
2017,Swiss FDI abroad (Outward),Capital stocks,Total,MUM,Metals and machinery,Manufacturing,CHF Millions,43509.7
2017,Swiss FDI abroad (Outward),Capital stocks,Total,UIB,Other manufacturing and construction,Manufacturing,CHF Millions,131850.9
2017,Swiss FDI abroad (Outward),Capital stocks,Total,DU,Other services,Services,CHF Millions,29880.3
2017,Swiss FDI abroad (Outward),Capital stocks,Total,T0,Total,Manufacturing,CHF Millions,422435.5
2017,Swiss FDI abroad (Outward),Capital stocks,Total,T1,Total,Services,CHF Millions,975668.6
2017,Swiss FDI abroad (Outward),Capital stocks,Total,T2,Total,Services,CHF Millions,583003.1
2017,Swiss FDI abroad (Outward),Capital stocks,Total,T3,Total,Services,CHF Millions,479854.6
2017,Swiss FDI abroad (Outward),Capital stocks,Total,D1_2,Total,All / Total,CHF Millions,1398104.1
2017,Swiss FDI abroad (Outward),Capital stocks,Total,D1_5,Total excluding foreign-controlled enterprises,All / Total,CHF Millions,691858.7
2017,Swiss FDI abroad (Outward),Capital stocks,Total,D1_3,Total excluding foreign-controlled finance and holding companies,All / Total,CHF Millions,918249.5
2017,Swiss FDI abroad (Outward),Capital stocks,Total,D1_4,Total excluding special purpose entities,All / Total,CHF Millions,1229838.0
2017,Swiss FDI abroad (Outward),Capital stocks,Total,D1_6,Total foreign-controlled enterprises,All / Total,CHF Millions,706245.4
2017,Swiss FDI abroad (Outward),Capital stocks,Total,H,Trade,Services,CHF Millions,144381.4
2017,Swiss FDI abroad (Outward),Capital stocks,Total,TUK,Transportation and communications,Services,CHF Millions,29552.9
2017,Swiss FDI abroad (Outward),Capital stocks,Total,DSPE0,of which special purpose entities,Services,CHF Millions,168266.1
2017,Swiss FDI abroad (Outward),Capital stocks,Total,DSPE,of which special purpose entities,Services,CHF Millions,166924.2
2017,Swiss FDI abroad (Outward),Capital transactions (flows),Debt instruments,B,Banks,Services,CHF Millions,
2017,Swiss FDI abroad (Outward),Capital transactions (flows),Debt instruments,CUK,Chemicals and plastics,Manufacturing,CHF Millions,3492.6
2017,Swiss FDI abroad (Outward),Capital transactions (flows),Debt instruments,SB,Domestically controlled,Services,CHF Millions,4810.2
2017,Swiss FDI abroad (Outward),Capital transactions (flows),Debt instruments,EEOU,"Electronics, energy, optical and watchmaking",Manufacturing,CHF Millions,-256.9
2017,Swiss FDI abroad (Outward),Capital transactions (flows),Debt instruments,V,Insurance companies,Services,CHF Millions,377.9
2017,Swiss FDI abroad (Outward),Capital transactions (flows),Debt instruments,MUM,Metals and machinery,Manufacturing,CHF Millions,1666.7
2017,Swiss FDI abroad (Outward),Capital transactions (flows),Debt instruments,UIB,Other manufacturing and construction,Manufacturing,CHF Millions,-6187.1
2017,Swiss FDI abroad (Outward),Capital transactions (flows),Debt instruments,DU,Other services,Services,CHF Millions,-8581.2
2017,Swiss FDI abroad (Outward),Capital transactions (flows),Debt instruments,T0,Total,Manufacturing,CHF Millions,-1284.7
2017,Swiss FDI abroad (Outward),Capital transactions (flows),Debt instruments,T1,Total,Services,CHF Millions,-37344.9
2017,Swiss FDI abroad (Outward),Capital transactions (flows),Debt instruments,T2,Total,Services,CHF Millions,-25240.8
2017,Swiss FDI abroad (Outward),Capital transactions (flows),Debt instruments,T3,Total,Services,CHF Millions,-30051.1
2017,Swiss FDI abroad (Outward),Capital transactions (flows),Debt instruments,D1_2,Total,All / Total,CHF Millions,-38629.6
2017,Swiss FDI abroad (Outward),Capital transactions (flows),Debt instruments,D1_5,Total excluding foreign-controlled enterprises,All / Total,CHF Millions,3009.3
2017,Swiss FDI abroad (Outward),Capital transactions (flows),Debt instruments,D1_3,Total excluding foreign-controlled finance and holding companies,All / Total,CHF Millions,-8578.6
2017,Swiss FDI abroad (Outward),Capital transactions (flows),Debt instruments,D1_4,Total excluding special purpose entities,All / Total,CHF Millions,-39058.4
2017,Swiss FDI abroad (Outward),Capital transactions (flows),Debt instruments,D1_6,Total foreign-controlled enterprises,All / Total,CHF Millions,-41638.9
2017,Swiss FDI abroad (Outward),Capital transactions (flows),Debt instruments,H,Trade,Services,CHF Millions,-3925.1
2017,Swiss FDI abroad (Outward),Capital transactions (flows),Debt instruments,TUK,Transportation and communications,Services,CHF Millions,24.3
2017,Swiss FDI abroad (Outward),Capital transactions (flows),Debt instruments,DSPE0,of which special purpose entities,Services,CHF Millions,428.7
2017,Swiss FDI abroad (Outward),Capital transactions (flows),Debt instruments,DSPE,of which special purpose entities,Services,CHF Millions,422.1
2017,Swiss FDI abroad (Outward),Capital transactions (flows),Equity capital excluding reinvested earnings,B,Banks,Services,CHF Millions,3067.1
2017,Swiss FDI abroad (Outward),Capital transactions (flows),Equity capital excluding reinvested earnings,CUK,Chemicals and plastics,Manufacturing,CHF Millions,-20975.3
2017,Swiss FDI abroad (Outward),Capital transactions (flows),Equity capital excluding reinvested earnings,SB,Domestically controlled,Services,CHF Millions,-4292.4
2017,Swiss FDI abroad (Outward),Capital transactions (flows),Equity capital excluding reinvested earnings,EEOU,"Electronics, energy, optical and watchmaking",Manufacturing,CHF Millions,82.1
2017,Swiss FDI abroad (Outward),Capital transactions (flows),Equity capital excluding reinvested earnings,V,Insurance companies,Services,CHF Millions,715.2
2017,Swiss FDI abroad (Outward),Capital transactions (flows),Equity capital excluding reinvested earnings,PMG,Memorandum item: Real estate activities,All / Total,CHF Millions,633.7
2017,Swiss FDI abroad (Outward),Capital transactions (flows),Equity capital excluding reinvested earnings,PMT,Memorandum item: Total including real estate activities,All / Total,CHF Millions,45234.5
2017,Swiss FDI abroad (Outward),Capital transactions (flows),Equity capital excluding reinvested earnings,MUM,Metals and machinery,Manufacturing,CHF Millions,954.4
2017,Swiss FDI abroad (Outward),Capital transactions (flows),Equity capital excluding reinvested earnings,UIB,Other manufacturing and construction,Manufacturing,CHF Millions,1914.7
2017,Swiss FDI abroad (Outward),Capital transactions (flows),Equity capital excluding reinvested earnings,DU,Other services,Services,CHF Millions,4959.5
2017,Swiss FDI abroad (Outward),Capital transactions (flows),Equity capital excluding reinvested earnings,T0,Total,Manufacturing,CHF Millions,-18024.1
2017,Swiss FDI abroad (Outward),Capital transactions (flows),Equity capital excluding reinvested earnings,T1,Total,Services,CHF Millions,62624.9
2017,Swiss FDI abroad (Outward),Capital transactions (flows),Equity capital excluding reinvested earnings,T2,Total,Services,CHF Millions,60253.4
2017,Swiss FDI abroad (Outward),Capital transactions (flows),Equity capital excluding reinvested earnings,T3,Total,Services,CHF Millions,64545.8
2017,Swiss FDI abroad (Outward),Capital transactions (flows),Equity capital excluding reinvested earnings,D1_2,Total,All / Total,CHF Millions,44600.8
2017,Swiss FDI abroad (Outward),Capital transactions (flows),Equity capital excluding reinvested earnings,D1_5,Total excluding foreign-controlled enterprises,All / Total,CHF Millions,-6016.0
2017,Swiss FDI abroad (Outward),Capital transactions (flows),Equity capital excluding reinvested earnings,D1_3,Total excluding foreign-controlled finance and holding companies,All / Total,CHF Millions,-19945.0
2017,Swiss FDI abroad (Outward),Capital transactions (flows),Equity capital excluding reinvested earnings,D1_4,Total excluding special purpose entities,All / Total,CHF Millions,48636.3
2017,Swiss FDI abroad (Outward),Capital transactions (flows),Equity capital excluding reinvested earnings,D1_6,Total foreign-controlled enterprises,All / Total,CHF Millions,50616.8
2017,Swiss FDI abroad (Outward),Capital transactions (flows),Equity capital excluding reinvested earnings,H,Trade,Services,CHF Millions,-5982.6
2017,Swiss FDI abroad (Outward),Capital transactions (flows),Equity capital excluding reinvested earnings,TUK,Transportation and communications,Services,CHF Millions,-387.6
2017,Swiss FDI abroad (Outward),Capital transactions (flows),Equity capital excluding reinvested earnings,DSPE0,of which special purpose entities,Services,CHF Millions,-4035.5
2017,Swiss FDI abroad (Outward),Capital transactions (flows),Equity capital excluding reinvested earnings,DSPE,of which special purpose entities,Services,CHF Millions,-3089.3
2017,Swiss FDI abroad (Outward),Capital transactions (flows),Reinvested earnings,B,Banks,Services,CHF Millions,-4806.7
2017,Swiss FDI abroad (Outward),Capital transactions (flows),Reinvested earnings,CUK,Chemicals and plastics,Manufacturing,CHF Millions,5393.3
2017,Swiss FDI abroad (Outward),Capital transactions (flows),Reinvested earnings,SB,Domestically controlled,Services,CHF Millions,-3537.1
2017,Swiss FDI abroad (Outward),Capital transactions (flows),Reinvested earnings,EEOU,"Electronics, energy, optical and watchmaking",Manufacturing,CHF Millions,2866.5
2017,Swiss FDI abroad (Outward),Capital transactions (flows),Reinvested earnings,V,Insurance companies,Services,CHF Millions,4146.8
2017,Swiss FDI abroad (Outward),Capital transactions (flows),Reinvested earnings,MUM,Metals and machinery,Manufacturing,CHF Millions,1619.9
2017,Swiss FDI abroad (Outward),Capital transactions (flows),Reinvested earnings,UIB,Other manufacturing and construction,Manufacturing,CHF Millions,160.5
2017,Swiss FDI abroad (Outward),Capital transactions (flows),Reinvested earnings,DU,Other services,Services,CHF Millions,1724.7
2017,Swiss FDI abroad (Outward),Capital transactions (flows),Reinvested earnings,T0,Total,Manufacturing,CHF Millions,10040.2
2017,Swiss FDI abroad (Outward),Capital transactions (flows),Reinvested earnings,T1,Total,Services,CHF Millions,5845.5
2017,Swiss FDI abroad (Outward),Capital transactions (flows),Reinvested earnings,T2,Total,Services,CHF Millions,40.3
2017,Swiss FDI abroad (Outward),Capital transactions (flows),Reinvested earnings,T3,Total,Services,CHF Millions,3577.3
2017,Swiss FDI abroad (Outward),Capital transactions (flows),Reinvested earnings,D1_2,Total,All / Total,CHF Millions,15885.7
2017,Swiss FDI abroad (Outward),Capital transactions (flows),Reinvested earnings,D1_5,Total excluding foreign-controlled enterprises,All / Total,CHF Millions,7711.8
2017,Swiss FDI abroad (Outward),Capital transactions (flows),Reinvested earnings,D1_3,Total excluding foreign-controlled finance and holding companies,All / Total,CHF Millions,12308.3
2017,Swiss FDI abroad (Outward),Capital transactions (flows),Reinvested earnings,D1_4,Total excluding special purpose entities,All / Total,CHF Millions,17315.0
2017,Swiss FDI abroad (Outward),Capital transactions (flows),Reinvested earnings,D1_6,Total foreign-controlled enterprises,All / Total,CHF Millions,8173.8
2017,Swiss FDI abroad (Outward),Capital transactions (flows),Reinvested earnings,H,Trade,Services,CHF Millions,3787.2
2017,Swiss FDI abroad (Outward),Capital transactions (flows),Reinvested earnings,TUK,Transportation and communications,Services,CHF Millions,953.2
2017,Swiss FDI abroad (Outward),Capital transactions (flows),Reinvested earnings,DSPE0,of which special purpose entities,Services,CHF Millions,-1429.4
2017,Swiss FDI abroad (Outward),Capital transactions (flows),Reinvested earnings,DSPE,of which special purpose entities,Services,CHF Millions,-1591.3
2017,Swiss FDI abroad (Outward),Capital transactions (flows),Total,B,Banks,Services,CHF Millions,-1739.6
2017,Swiss FDI abroad (Outward),Capital transactions (flows),Total,CUK,Chemicals and plastics,Manufacturing,CHF Millions,-12089.4
2017,Swiss FDI abroad (Outward),Capital transactions (flows),Total,SB,Domestically controlled,Services,CHF Millions,-3019.2
2017,Swiss FDI abroad (Outward),Capital transactions (flows),Total,EEOU,"Electronics, energy, optical and watchmaking",Manufacturing,CHF Millions,2691.6
2017,Swiss FDI abroad (Outward),Capital transactions (flows),Total,V,Insurance companies,Services,CHF Millions,5239.9
2017,Swiss FDI abroad (Outward),Capital transactions (flows),Total,PMG,Memorandum item: Real estate activities,All / Total,CHF Millions,633.7
2017,Swiss FDI abroad (Outward),Capital transactions (flows),Total,PMT,Memorandum item: Total including real estate activities,All / Total,CHF Millions,22490.5
2017,Swiss FDI abroad (Outward),Capital transactions (flows),Total,MUM,Metals and machinery,Manufacturing,CHF Millions,4241.0
2017,Swiss FDI abroad (Outward),Capital transactions (flows),Total,UIB,Other manufacturing and construction,Manufacturing,CHF Millions,-4111.9
2017,Swiss FDI abroad (Outward),Capital transactions (flows),Total,DU,Other services,Services,CHF Millions,-1897.0
2017,Swiss FDI abroad (Outward),Capital transactions (flows),Total,T0,Total,Manufacturing,CHF Millions,-9268.6
2017,Swiss FDI abroad (Outward),Capital transactions (flows),Total,T1,Total,Services,CHF Millions,31125.4
2017,Swiss FDI abroad (Outward),Capital transactions (flows),Total,T2,Total,Services,CHF Millions,35052.9
2017,Swiss FDI abroad (Outward),Capital transactions (flows),Total,T3,Total,Services,CHF Millions,38072.1
2017,Swiss FDI abroad (Outward),Capital transactions (flows),Total,D1_2,Total,All / Total,CHF Millions,21856.8
2017,Swiss FDI abroad (Outward),Capital transactions (flows),Total,D1_5,Total excluding foreign-controlled enterprises,All / Total,CHF Millions,4705.1
2017,Swiss FDI abroad (Outward),Capital transactions (flows),Total,D1_3,Total excluding foreign-controlled finance and holding companies,All / Total,CHF Millions,-16215.3
2017,Swiss FDI abroad (Outward),Capital transactions (flows),Total,D1_4,Total excluding special purpose entities,All / Total,CHF Millions,26892.9
2017,Swiss FDI abroad (Outward),Capital transactions (flows),Total,D1_6,Total foreign-controlled enterprises,All / Total,CHF Millions,17151.7
2017,Swiss FDI abroad (Outward),Capital transactions (flows),Total,H,Trade,Services,CHF Millions,-6120.6
2017,Swiss FDI abroad (Outward),Capital transactions (flows),Total,TUK,Transportation and communications,Services,CHF Millions,589.8
2017,Swiss FDI abroad (Outward),Capital transactions (flows),Total,DSPE0,of which special purpose entities,Services,CHF Millions,-5036.1
2017,Swiss FDI abroad (Outward),Capital transactions (flows),Total,DSPE,of which special purpose entities,Services,CHF Millions,-4258.5
2017,Swiss FDI abroad (Outward),Investment income,Debt instruments: net interest,B,Banks,Services,CHF Millions,
2017,Swiss FDI abroad (Outward),Investment income,Debt instruments: net interest,CUK,Chemicals and plastics,Manufacturing,CHF Millions,1005.9
2017,Swiss FDI abroad (Outward),Investment income,Debt instruments: net interest,SB,Domestically controlled,Services,CHF Millions,730.0
2017,Swiss FDI abroad (Outward),Investment income,Debt instruments: net interest,EEOU,"Electronics, energy, optical and watchmaking",Manufacturing,CHF Millions,11.1
2017,Swiss FDI abroad (Outward),Investment income,Debt instruments: net interest,V,Insurance companies,Services,CHF Millions,1032.1
2017,Swiss FDI abroad (Outward),Investment income,Debt instruments: net interest,MUM,Metals and machinery,Manufacturing,CHF Millions,282.2
2017,Swiss FDI abroad (Outward),Investment income,Debt instruments: net interest,UIB,Other manufacturing and construction,Manufacturing,CHF Millions,739.3
2017,Swiss FDI abroad (Outward),Investment income,Debt instruments: net interest,DU,Other services,Services,CHF Millions,178.5
2017,Swiss FDI abroad (Outward),Investment income,Debt instruments: net interest,T0,Total,Manufacturing,CHF Millions,2038.4
2017,Swiss FDI abroad (Outward),Investment income,Debt instruments: net interest,T1,Total,Services,CHF Millions,4323.3
2017,Swiss FDI abroad (Outward),Investment income,Debt instruments: net interest,T2,Total,Services,CHF Millions,3176.8
2017,Swiss FDI abroad (Outward),Investment income,Debt instruments: net interest,T3,Total,Services,CHF Millions,2446.8
2017,Swiss FDI abroad (Outward),Investment income,Debt instruments: net interest,D1_2,Total,All / Total,CHF Millions,6361.7
2017,Swiss FDI abroad (Outward),Investment income,Debt instruments: net interest,D1_5,Total excluding foreign-controlled enterprises,All / Total,CHF Millions,3828.1
2017,Swiss FDI abroad (Outward),Investment income,Debt instruments: net interest,D1_3,Total excluding foreign-controlled finance and holding companies,All / Total,CHF Millions,3914.9
2017,Swiss FDI abroad (Outward),Investment income,Debt instruments: net interest,D1_4,Total excluding special purpose entities,All / Total,CHF Millions,6073.3
2017,Swiss FDI abroad (Outward),Investment income,Debt instruments: net interest,D1_6,Total foreign-controlled enterprises,All / Total,CHF Millions,2533.7
2017,Swiss FDI abroad (Outward),Investment income,Debt instruments: net interest,H,Trade,Services,CHF Millions,-191.7
2017,Swiss FDI abroad (Outward),Investment income,Debt instruments: net interest,TUK,Transportation and communications,Services,CHF Millions,127.6
2017,Swiss FDI abroad (Outward),Investment income,Debt instruments: net interest,DSPE0,of which special purpose entities,Services,CHF Millions,288.5
2017,Swiss FDI abroad (Outward),Investment income,Debt instruments: net interest,DSPE,of which special purpose entities,Services,CHF Millions,284.4
2017,Swiss FDI abroad (Outward),Investment income,Dividends,B,Banks,Services,CHF Millions,3532.8
2017,Swiss FDI abroad (Outward),Investment income,Dividends,CUK,Chemicals and plastics,Manufacturing,CHF Millions,11760.8
2017,Swiss FDI abroad (Outward),Investment income,Dividends,SB,Domestically controlled,Services,CHF Millions,3073.6
2017,Swiss FDI abroad (Outward),Investment income,Dividends,EEOU,"Electronics, energy, optical and watchmaking",Manufacturing,CHF Millions,3118.4
2017,Swiss FDI abroad (Outward),Investment income,Dividends,V,Insurance companies,Services,CHF Millions,3787.1
2017,Swiss FDI abroad (Outward),Investment income,Dividends,MUM,Metals and machinery,Manufacturing,CHF Millions,2043.8
2017,Swiss FDI abroad (Outward),Investment income,Dividends,UIB,Other manufacturing and construction,Manufacturing,CHF Millions,8364.3
2017,Swiss FDI abroad (Outward),Investment income,Dividends,DU,Other services,Services,CHF Millions,3458.0
2017,Swiss FDI abroad (Outward),Investment income,Dividends,T0,Total,Manufacturing,CHF Millions,25287.3
2017,Swiss FDI abroad (Outward),Investment income,Dividends,T1,Total,Services,CHF Millions,53550.6
2017,Swiss FDI abroad (Outward),Investment income,Dividends,T2,Total,Services,CHF Millions,38534.8
2017,Swiss FDI abroad (Outward),Investment income,Dividends,T3,Total,Services,CHF Millions,35461.2
2017,Swiss FDI abroad (Outward),Investment income,Dividends,D1_2,Total,All / Total,CHF Millions,78838.0
2017,Swiss FDI abroad (Outward),Investment income,Dividends,D1_5,Total excluding foreign-controlled enterprises,All / Total,CHF Millions,34934.4
2017,Swiss FDI abroad (Outward),Investment income,Dividends,D1_3,Total excluding foreign-controlled finance and holding companies,All / Total,CHF Millions,43376.8
2017,Swiss FDI abroad (Outward),Investment income,Dividends,D1_4,Total excluding special purpose entities,All / Total,CHF Millions,68618.3
2017,Swiss FDI abroad (Outward),Investment income,Dividends,D1_6,Total foreign-controlled enterprises,All / Total,CHF Millions,43903.6
2017,Swiss FDI abroad (Outward),Investment income,Dividends,H,Trade,Services,CHF Millions,2946.6
2017,Swiss FDI abroad (Outward),Investment income,Dividends,TUK,Transportation and communications,Services,CHF Millions,1291.3
2017,Swiss FDI abroad (Outward),Investment income,Dividends,DSPE0,of which special purpose entities,Services,CHF Millions,10219.6
2017,Swiss FDI abroad (Outward),Investment income,Dividends,DSPE,of which special purpose entities,Services,CHF Millions,10219.6
2017,Swiss FDI abroad (Outward),Investment income,Reinvested earnings,B,Banks,Services,CHF Millions,-4806.7
2017,Swiss FDI abroad (Outward),Investment income,Reinvested earnings,CUK,Chemicals and plastics,Manufacturing,CHF Millions,5393.3
2017,Swiss FDI abroad (Outward),Investment income,Reinvested earnings,SB,Domestically controlled,Services,CHF Millions,-3537.1
2017,Swiss FDI abroad (Outward),Investment income,Reinvested earnings,EEOU,"Electronics, energy, optical and watchmaking",Manufacturing,CHF Millions,2866.5
2017,Swiss FDI abroad (Outward),Investment income,Reinvested earnings,V,Insurance companies,Services,CHF Millions,4146.8
2017,Swiss FDI abroad (Outward),Investment income,Reinvested earnings,MUM,Metals and machinery,Manufacturing,CHF Millions,1619.9
2017,Swiss FDI abroad (Outward),Investment income,Reinvested earnings,UIB,Other manufacturing and construction,Manufacturing,CHF Millions,160.5
2017,Swiss FDI abroad (Outward),Investment income,Reinvested earnings,DU,Other services,Services,CHF Millions,1724.7
2017,Swiss FDI abroad (Outward),Investment income,Reinvested earnings,T0,Total,Manufacturing,CHF Millions,10040.2
2017,Swiss FDI abroad (Outward),Investment income,Reinvested earnings,T1,Total,Services,CHF Millions,5845.5
2017,Swiss FDI abroad (Outward),Investment income,Reinvested earnings,T2,Total,Services,CHF Millions,40.3
2017,Swiss FDI abroad (Outward),Investment income,Reinvested earnings,T3,Total,Services,CHF Millions,3577.3
2017,Swiss FDI abroad (Outward),Investment income,Reinvested earnings,D1_2,Total,All / Total,CHF Millions,15885.7
2017,Swiss FDI abroad (Outward),Investment income,Reinvested earnings,D1_5,Total excluding foreign-controlled enterprises,All / Total,CHF Millions,7711.8
2017,Swiss FDI abroad (Outward),Investment income,Reinvested earnings,D1_3,Total excluding foreign-controlled finance and holding companies,All / Total,CHF Millions,12308.3
2017,Swiss FDI abroad (Outward),Investment income,Reinvested earnings,D1_4,Total excluding special purpose entities,All / Total,CHF Millions,17315.0
2017,Swiss FDI abroad (Outward),Investment income,Reinvested earnings,D1_6,Total foreign-controlled enterprises,All / Total,CHF Millions,8173.8
2017,Swiss FDI abroad (Outward),Investment income,Reinvested earnings,H,Trade,Services,CHF Millions,3787.2
2017,Swiss FDI abroad (Outward),Investment income,Reinvested earnings,TUK,Transportation and communications,Services,CHF Millions,953.2
2017,Swiss FDI abroad (Outward),Investment income,Reinvested earnings,DSPE0,of which special purpose entities,Services,CHF Millions,-1429.4
2017,Swiss FDI abroad (Outward),Investment income,Reinvested earnings,DSPE,of which special purpose entities,Services,CHF Millions,-1591.3
2017,Swiss FDI abroad (Outward),Investment income,Total,B,Banks,Services,CHF Millions,-1273.9
2017,Swiss FDI abroad (Outward),Investment income,Total,CUK,Chemicals and plastics,Manufacturing,CHF Millions,18160.0
2017,Swiss FDI abroad (Outward),Investment income,Total,SB,Domestically controlled,Services,CHF Millions,266.5
2017,Swiss FDI abroad (Outward),Investment income,Total,EEOU,"Electronics, energy, optical and watchmaking",Manufacturing,CHF Millions,5996.0
2017,Swiss FDI abroad (Outward),Investment income,Total,V,Insurance companies,Services,CHF Millions,8966.0
2017,Swiss FDI abroad (Outward),Investment income,Total,MUM,Metals and machinery,Manufacturing,CHF Millions,3945.8
2017,Swiss FDI abroad (Outward),Investment income,Total,UIB,Other manufacturing and construction,Manufacturing,CHF Millions,9264.1
2017,Swiss FDI abroad (Outward),Investment income,Total,DU,Other services,Services,CHF Millions,5361.2
2017,Swiss FDI abroad (Outward),Investment income,Total,T0,Total,Manufacturing,CHF Millions,37365.9
2017,Swiss FDI abroad (Outward),Investment income,Total,T1,Total,Services,CHF Millions,63719.4
2017,Swiss FDI abroad (Outward),Investment income,Total,T2,Total,Services,CHF Millions,41751.9
2017,Swiss FDI abroad (Outward),Investment income,Total,T3,Total,Services,CHF Millions,41485.4
2017,Swiss FDI abroad (Outward),Investment income,Total,D1_2,Total,All / Total,CHF Millions,101085.4
2017,Swiss FDI abroad (Outward),Investment income,Total,D1_5,Total excluding foreign-controlled enterprises,All / Total,CHF Millions,46474.3
2017,Swiss FDI abroad (Outward),Investment income,Total,D1_3,Total excluding foreign-controlled finance and holding companies,All / Total,CHF Millions,59600.0
2017,Swiss FDI abroad (Outward),Investment income,Total,D1_4,Total excluding special purpose entities,All / Total,CHF Millions,92006.7
2017,Swiss FDI abroad (Outward),Investment income,Total,D1_6,Total foreign-controlled enterprises,All / Total,CHF Millions,54611.1
2017,Swiss FDI abroad (Outward),Investment income,Total,H,Trade,Services,CHF Millions,6542.1
2017,Swiss FDI abroad (Outward),Investment income,Total,TUK,Transportation and communications,Services,CHF Millions,2372.1
2017,Swiss FDI abroad (Outward),Investment income,Total,DSPE0,of which special purpose entities,Services,CHF Millions,9078.7
2017,Swiss FDI abroad (Outward),Investment income,Total,DSPE,of which special purpose entities,Services,CHF Millions,8912.7
2018,FDI in Switzerland (Inward),Capital stocks,Debt instruments,B,Banks,Services,CHF Millions,
2018,FDI in Switzerland (Inward),Capital stocks,Debt instruments,CUK,Chemicals and plastics,Manufacturing,CHF Millions,131.0
2018,FDI in Switzerland (Inward),Capital stocks,Debt instruments,EEOU,"Electronics, energy, optical and watchmaking",Manufacturing,CHF Millions,481.4
2018,FDI in Switzerland (Inward),Capital stocks,Debt instruments,V,Insurance companies,Services,CHF Millions,-9712.7
2018,FDI in Switzerland (Inward),Capital stocks,Debt instruments,MUM,Metals and machinery,Manufacturing,CHF Millions,636.7
2018,FDI in Switzerland (Inward),Capital stocks,Debt instruments,UIB,Other manufacturing and construction,Manufacturing,CHF Millions,889.0
2018,FDI in Switzerland (Inward),Capital stocks,Debt instruments,DU,Other services,Services,CHF Millions,4891.8
2018,FDI in Switzerland (Inward),Capital stocks,Debt instruments,T0,Total,Manufacturing,CHF Millions,2138.1
2018,FDI in Switzerland (Inward),Capital stocks,Debt instruments,T1,Total,Services,CHF Millions,52840.7
2018,FDI in Switzerland (Inward),Capital stocks,Debt instruments,T2,Total,Services,CHF Millions,9395.9
2018,FDI in Switzerland (Inward),Capital stocks,Debt instruments,D1_2,Total,All / Total,CHF Millions,54978.8
2018,FDI in Switzerland (Inward),Capital stocks,Debt instruments,D1_3,Total excluding special purpose entities,All / Total,CHF Millions,24414.3
2018,FDI in Switzerland (Inward),Capital stocks,Debt instruments,H,Trade,Services,CHF Millions,44053.7
2018,FDI in Switzerland (Inward),Capital stocks,Debt instruments,TUK,Transportation and communications,Services,CHF Millions,4212.1
2018,FDI in Switzerland (Inward),Capital stocks,Debt instruments,DSPE0,of which special purpose entities,Services,CHF Millions,30564.5
2018,FDI in Switzerland (Inward),Capital stocks,Debt instruments,DSPE,of which special purpose entities,Services,CHF Millions,30276.7
2018,FDI in Switzerland (Inward),Capital stocks,Equity capital,B,Banks,Services,CHF Millions,24929.1
2018,FDI in Switzerland (Inward),Capital stocks,Equity capital,CUK,Chemicals and plastics,Manufacturing,CHF Millions,87921.8
2018,FDI in Switzerland (Inward),Capital stocks,Equity capital,EEOU,"Electronics, energy, optical and watchmaking",Manufacturing,CHF Millions,57054.3
2018,FDI in Switzerland (Inward),Capital stocks,Equity capital,V,Insurance companies,Services,CHF Millions,30868.4
2018,FDI in Switzerland (Inward),Capital stocks,Equity capital,PMG,Memorandum item: Real estate activities,All / Total,CHF Millions,38056.0
2018,FDI in Switzerland (Inward),Capital stocks,Equity capital,PMT,Memorandum item: Total including real estate activities,All / Total,CHF Millions,1327879.4
2018,FDI in Switzerland (Inward),Capital stocks,Equity capital,MUM,Metals and machinery,Manufacturing,CHF Millions,17868.5
2018,FDI in Switzerland (Inward),Capital stocks,Equity capital,UIB,Other manufacturing and construction,Manufacturing,CHF Millions,12082.1
2018,FDI in Switzerland (Inward),Capital stocks,Equity capital,DU,Other services,Services,CHF Millions,82744.2
2018,FDI in Switzerland (Inward),Capital stocks,Equity capital,T0,Total,Manufacturing,CHF Millions,174926.7
2018,FDI in Switzerland (Inward),Capital stocks,Equity capital,T1,Total,Services,CHF Millions,1114896.7
2018,FDI in Switzerland (Inward),Capital stocks,Equity capital,T2,Total,Services,CHF Millions,804480.9
2018,FDI in Switzerland (Inward),Capital stocks,Equity capital,D1_2,Total,All / Total,CHF Millions,1289823.4
2018,FDI in Switzerland (Inward),Capital stocks,Equity capital,D1_3,Total excluding special purpose entities,All / Total,CHF Millions,996714.6
2018,FDI in Switzerland (Inward),Capital stocks,Equity capital,H,Trade,Services,CHF Millions,159892.8
2018,FDI in Switzerland (Inward),Capital stocks,Equity capital,TUK,Transportation and communications,Services,CHF Millions,11981.3
2018,FDI in Switzerland (Inward),Capital stocks,Equity capital,DSPE0,of which special purpose entities,Services,CHF Millions,293108.8
2018,FDI in Switzerland (Inward),Capital stocks,Equity capital,DSPE,of which special purpose entities,Services,CHF Millions,292153.9
2018,FDI in Switzerland (Inward),Capital stocks,Total,B,Banks,Services,CHF Millions,24929.1
2018,FDI in Switzerland (Inward),Capital stocks,Total,CUK,Chemicals and plastics,Manufacturing,CHF Millions,88052.8
2018,FDI in Switzerland (Inward),Capital stocks,Total,EEOU,"Electronics, energy, optical and watchmaking",Manufacturing,CHF Millions,57535.7
2018,FDI in Switzerland (Inward),Capital stocks,Total,V,Insurance companies,Services,CHF Millions,21155.7
2018,FDI in Switzerland (Inward),Capital stocks,Total,PMG,Memorandum item: Real estate activities,All / Total,CHF Millions,38056.0
2018,FDI in Switzerland (Inward),Capital stocks,Total,PMT,Memorandum item: Total including real estate activities,All / Total,CHF Millions,1382858.2
2018,FDI in Switzerland (Inward),Capital stocks,Total,MUM,Metals and machinery,Manufacturing,CHF Millions,18505.2
2018,FDI in Switzerland (Inward),Capital stocks,Total,UIB,Other manufacturing and construction,Manufacturing,CHF Millions,12971.1
2018,FDI in Switzerland (Inward),Capital stocks,Total,DU,Other services,Services,CHF Millions,87636.0
2018,FDI in Switzerland (Inward),Capital stocks,Total,T0,Total,Manufacturing,CHF Millions,177064.8
2018,FDI in Switzerland (Inward),Capital stocks,Total,T1,Total,Services,CHF Millions,1167737.4
2018,FDI in Switzerland (Inward),Capital stocks,Total,T2,Total,Services,CHF Millions,813876.8
2018,FDI in Switzerland (Inward),Capital stocks,Total,D1_2,Total,All / Total,CHF Millions,1344802.2
2018,FDI in Switzerland (Inward),Capital stocks,Total,D1_3,Total excluding special purpose entities,All / Total,CHF Millions,1021128.9
2018,FDI in Switzerland (Inward),Capital stocks,Total,H,Trade,Services,CHF Millions,203946.5
2018,FDI in Switzerland (Inward),Capital stocks,Total,TUK,Transportation and communications,Services,CHF Millions,16193.3
2018,FDI in Switzerland (Inward),Capital stocks,Total,DSPE0,of which special purpose entities,Services,CHF Millions,323673.3
2018,FDI in Switzerland (Inward),Capital stocks,Total,DSPE,of which special purpose entities,Services,CHF Millions,322430.6
2018,FDI in Switzerland (Inward),Capital transactions (flows),Debt instruments,B,Banks,Services,CHF Millions,
2018,FDI in Switzerland (Inward),Capital transactions (flows),Debt instruments,CUK,Chemicals and plastics,Manufacturing,CHF Millions,-6230.4
2018,FDI in Switzerland (Inward),Capital transactions (flows),Debt instruments,EEOU,"Electronics, energy, optical and watchmaking",Manufacturing,CHF Millions,-663.1
2018,FDI in Switzerland (Inward),Capital transactions (flows),Debt instruments,V,Insurance companies,Services,CHF Millions,-1737.8
2018,FDI in Switzerland (Inward),Capital transactions (flows),Debt instruments,MUM,Metals and machinery,Manufacturing,CHF Millions,-1151.7
2018,FDI in Switzerland (Inward),Capital transactions (flows),Debt instruments,UIB,Other manufacturing and construction,Manufacturing,CHF Millions,-2593.9
2018,FDI in Switzerland (Inward),Capital transactions (flows),Debt instruments,DU,Other services,Services,CHF Millions,1145.0
2018,FDI in Switzerland (Inward),Capital transactions (flows),Debt instruments,T0,Total,Manufacturing,CHF Millions,-10639.2
2018,FDI in Switzerland (Inward),Capital transactions (flows),Debt instruments,T1,Total,Services,CHF Millions,9152.3
2018,FDI in Switzerland (Inward),Capital transactions (flows),Debt instruments,T2,Total,Services,CHF Millions,-9542.2
2018,FDI in Switzerland (Inward),Capital transactions (flows),Debt instruments,D1_2,Total,All / Total,CHF Millions,-1486.8
2018,FDI in Switzerland (Inward),Capital transactions (flows),Debt instruments,D1_3,Total excluding special purpose entities,All / Total,CHF Millions,4077.2
2018,FDI in Switzerland (Inward),Capital transactions (flows),Debt instruments,H,Trade,Services,CHF Millions,18243.3
2018,FDI in Switzerland (Inward),Capital transactions (flows),Debt instruments,TUK,Transportation and communications,Services,CHF Millions,1044.0
2018,FDI in Switzerland (Inward),Capital transactions (flows),Debt instruments,DSPE0,of which special purpose entities,Services,CHF Millions,-5564.0
2018,FDI in Switzerland (Inward),Capital transactions (flows),Debt instruments,DSPE,of which special purpose entities,Services,CHF Millions,-5817.9
2018,FDI in Switzerland (Inward),Capital transactions (flows),Equity capital excluding reinvested earnings,B,Banks,Services,CHF Millions,-645.2
2018,FDI in Switzerland (Inward),Capital transactions (flows),Equity capital excluding reinvested earnings,CUK,Chemicals and plastics,Manufacturing,CHF Millions,-5155.8
2018,FDI in Switzerland (Inward),Capital transactions (flows),Equity capital excluding reinvested earnings,EEOU,"Electronics, energy, optical and watchmaking",Manufacturing,CHF Millions,-18304.9
2018,FDI in Switzerland (Inward),Capital transactions (flows),Equity capital excluding reinvested earnings,V,Insurance companies,Services,CHF Millions,-1656.1
2018,FDI in Switzerland (Inward),Capital transactions (flows),Equity capital excluding reinvested earnings,PMG,Memorandum item: Real estate activities,All / Total,CHF Millions,375.7
2018,FDI in Switzerland (Inward),Capital transactions (flows),Equity capital excluding reinvested earnings,PMT,Memorandum item: Total including real estate activities,All / Total,CHF Millions,-121907.9
2018,FDI in Switzerland (Inward),Capital transactions (flows),Equity capital excluding reinvested earnings,MUM,Metals and machinery,Manufacturing,CHF Millions,16.2
2018,FDI in Switzerland (Inward),Capital transactions (flows),Equity capital excluding reinvested earnings,UIB,Other manufacturing and construction,Manufacturing,CHF Millions,383.8
2018,FDI in Switzerland (Inward),Capital transactions (flows),Equity capital excluding reinvested earnings,DU,Other services,Services,CHF Millions,-4808.2
2018,FDI in Switzerland (Inward),Capital transactions (flows),Equity capital excluding reinvested earnings,T0,Total,Manufacturing,CHF Millions,-23060.7
2018,FDI in Switzerland (Inward),Capital transactions (flows),Equity capital excluding reinvested earnings,T1,Total,Services,CHF Millions,-99223.0
2018,FDI in Switzerland (Inward),Capital transactions (flows),Equity capital excluding reinvested earnings,T2,Total,Services,CHF Millions,-84267.6
2018,FDI in Switzerland (Inward),Capital transactions (flows),Equity capital excluding reinvested earnings,D1_2,Total,All / Total,CHF Millions,-122283.7
2018,FDI in Switzerland (Inward),Capital transactions (flows),Equity capital excluding reinvested earnings,D1_3,Total excluding special purpose entities,All / Total,CHF Millions,-139558.9
2018,FDI in Switzerland (Inward),Capital transactions (flows),Equity capital excluding reinvested earnings,H,Trade,Services,CHF Millions,-6308.1
2018,FDI in Switzerland (Inward),Capital transactions (flows),Equity capital excluding reinvested earnings,TUK,Transportation and communications,Services,CHF Millions,-1537.8
2018,FDI in Switzerland (Inward),Capital transactions (flows),Equity capital excluding reinvested earnings,DSPE0,of which special purpose entities,Services,CHF Millions,17275.3
2018,FDI in Switzerland (Inward),Capital transactions (flows),Equity capital excluding reinvested earnings,DSPE,of which special purpose entities,Services,CHF Millions,17314.9
2018,FDI in Switzerland (Inward),Capital transactions (flows),Reinvested earnings,B,Banks,Services,CHF Millions,-308.6
2018,FDI in Switzerland (Inward),Capital transactions (flows),Reinvested earnings,CUK,Chemicals and plastics,Manufacturing,CHF Millions,5886.7
2018,FDI in Switzerland (Inward),Capital transactions (flows),Reinvested earnings,EEOU,"Electronics, energy, optical and watchmaking",Manufacturing,CHF Millions,-1173.9
2018,FDI in Switzerland (Inward),Capital transactions (flows),Reinvested earnings,V,Insurance companies,Services,CHF Millions,15.7
2018,FDI in Switzerland (Inward),Capital transactions (flows),Reinvested earnings,MUM,Metals and machinery,Manufacturing,CHF Millions,15.6
2018,FDI in Switzerland (Inward),Capital transactions (flows),Reinvested earnings,UIB,Other manufacturing and construction,Manufacturing,CHF Millions,30.1
2018,FDI in Switzerland (Inward),Capital transactions (flows),Reinvested earnings,DU,Other services,Services,CHF Millions,534.4
2018,FDI in Switzerland (Inward),Capital transactions (flows),Reinvested earnings,T0,Total,Manufacturing,CHF Millions,4758.5
2018,FDI in Switzerland (Inward),Capital transactions (flows),Reinvested earnings,T1,Total,Services,CHF Millions,35849.8
2018,FDI in Switzerland (Inward),Capital transactions (flows),Reinvested earnings,T2,Total,Services,CHF Millions,25136.6
2018,FDI in Switzerland (Inward),Capital transactions (flows),Reinvested earnings,D1_2,Total,All / Total,CHF Millions,40608.3
2018,FDI in Switzerland (Inward),Capital transactions (flows),Reinvested earnings,D1_3,Total excluding special purpose entities,All / Total,CHF Millions,36147.7
2018,FDI in Switzerland (Inward),Capital transactions (flows),Reinvested earnings,H,Trade,Services,CHF Millions,4001.7
2018,FDI in Switzerland (Inward),Capital transactions (flows),Reinvested earnings,TUK,Transportation and communications,Services,CHF Millions,534.4
2018,FDI in Switzerland (Inward),Capital transactions (flows),Reinvested earnings,DSPE0,of which special purpose entities,Services,CHF Millions,4460.7
2018,FDI in Switzerland (Inward),Capital transactions (flows),Reinvested earnings,DSPE,of which special purpose entities,Services,CHF Millions,4518.5
2018,FDI in Switzerland (Inward),Capital transactions (flows),Total,B,Banks,Services,CHF Millions,-953.8
2018,FDI in Switzerland (Inward),Capital transactions (flows),Total,CUK,Chemicals and plastics,Manufacturing,CHF Millions,-5499.5
2018,FDI in Switzerland (Inward),Capital transactions (flows),Total,EEOU,"Electronics, energy, optical and watchmaking",Manufacturing,CHF Millions,-20141.9
2018,FDI in Switzerland (Inward),Capital transactions (flows),Total,V,Insurance companies,Services,CHF Millions,-3378.2
2018,FDI in Switzerland (Inward),Capital transactions (flows),Total,PMG,Memorandum item: Real estate activities,All / Total,CHF Millions,375.7
2018,FDI in Switzerland (Inward),Capital transactions (flows),Total,PMT,Memorandum item: Total including real estate activities,All / Total,CHF Millions,-82786.4
2018,FDI in Switzerland (Inward),Capital transactions (flows),Total,MUM,Metals and machinery,Manufacturing,CHF Millions,-1119.9
2018,FDI in Switzerland (Inward),Capital transactions (flows),Total,UIB,Other manufacturing and construction,Manufacturing,CHF Millions,-2180.0
2018,FDI in Switzerland (Inward),Capital transactions (flows),Total,DU,Other services,Services,CHF Millions,2806.7
2018,FDI in Switzerland (Inward),Capital transactions (flows),Total,T0,Total,Manufacturing,CHF Millions,-28941.3
2018,FDI in Switzerland (Inward),Capital transactions (flows),Total,T1,Total,Services,CHF Millions,-54220.9
2018,FDI in Switzerland (Inward),Capital transactions (flows),Total,T2,Total,Services,CHF Millions,-68673.2
2018,FDI in Switzerland (Inward),Capital transactions (flows),Total,D1_2,Total,All / Total,CHF Millions,-83162.1
2018,FDI in Switzerland (Inward),Capital transactions (flows),Total,D1_3,Total excluding special purpose entities,All / Total,CHF Millions,-99334.1
2018,FDI in Switzerland (Inward),Capital transactions (flows),Total,H,Trade,Services,CHF Millions,15936.9
2018,FDI in Switzerland (Inward),Capital transactions (flows),Total,TUK,Transportation and communications,Services,CHF Millions,40.7
2018,FDI in Switzerland (Inward),Capital transactions (flows),Total,DSPE0,of which special purpose entities,Services,CHF Millions,16172.0
2018,FDI in Switzerland (Inward),Capital transactions (flows),Total,DSPE,of which special purpose entities,Services,CHF Millions,16015.5
2018,FDI in Switzerland (Inward),Investment income,Debt instruments: net interest,B,Banks,Services,CHF Millions,
2018,FDI in Switzerland (Inward),Investment income,Debt instruments: net interest,CUK,Chemicals and plastics,Manufacturing,CHF Millions,310.7
2018,FDI in Switzerland (Inward),Investment income,Debt instruments: net interest,EEOU,"Electronics, energy, optical and watchmaking",Manufacturing,CHF Millions,21.4
2018,FDI in Switzerland (Inward),Investment income,Debt instruments: net interest,V,Insurance companies,Services,CHF Millions,-74.6
2018,FDI in Switzerland (Inward),Investment income,Debt instruments: net interest,MUM,Metals and machinery,Manufacturing,CHF Millions,43.5
2018,FDI in Switzerland (Inward),Investment income,Debt instruments: net interest,UIB,Other manufacturing and construction,Manufacturing,CHF Millions,9.9
2018,FDI in Switzerland (Inward),Investment income,Debt instruments: net interest,DU,Other services,Services,CHF Millions,-445.7
2018,FDI in Switzerland (Inward),Investment income,Debt instruments: net interest,T0,Total,Manufacturing,CHF Millions,385.5
2018,FDI in Switzerland (Inward),Investment income,Debt instruments: net interest,T1,Total,Services,CHF Millions,258.0
2018,FDI in Switzerland (Inward),Investment income,Debt instruments: net interest,T2,Total,Services,CHF Millions,-957.2
2018,FDI in Switzerland (Inward),Investment income,Debt instruments: net interest,D1_2,Total,All / Total,CHF Millions,643.5
2018,FDI in Switzerland (Inward),Investment income,Debt instruments: net interest,D1_3,Total excluding special purpose entities,All / Total,CHF Millions,241.4
2018,FDI in Switzerland (Inward),Investment income,Debt instruments: net interest,H,Trade,Services,CHF Millions,1434.5
2018,FDI in Switzerland (Inward),Investment income,Debt instruments: net interest,TUK,Transportation and communications,Services,CHF Millions,301.0
2018,FDI in Switzerland (Inward),Investment income,Debt instruments: net interest,DSPE0,of which special purpose entities,Services,CHF Millions,402.1
2018,FDI in Switzerland (Inward),Investment income,Debt instruments: net interest,DSPE,of which special purpose entities,Services,CHF Millions,390.6
2018,FDI in Switzerland (Inward),Investment income,Dividends,B,Banks,Services,CHF Millions,490.1
2018,FDI in Switzerland (Inward),Investment income,Dividends,CUK,Chemicals and plastics,Manufacturing,CHF Millions,5454.6
2018,FDI in Switzerland (Inward),Investment income,Dividends,EEOU,"Electronics, energy, optical and watchmaking",Manufacturing,CHF Millions,2337.6
2018,FDI in Switzerland (Inward),Investment income,Dividends,V,Insurance companies,Services,CHF Millions,2724.6
2018,FDI in Switzerland (Inward),Investment income,Dividends,MUM,Metals and machinery,Manufacturing,CHF Millions,1306.4
2018,FDI in Switzerland (Inward),Investment income,Dividends,UIB,Other manufacturing and construction,Manufacturing,CHF Millions,763.6
2018,FDI in Switzerland (Inward),Investment income,Dividends,DU,Other services,Services,CHF Millions,2684.7
2018,FDI in Switzerland (Inward),Investment income,Dividends,T0,Total,Manufacturing,CHF Millions,9862.2
2018,FDI in Switzerland (Inward),Investment income,Dividends,T1,Total,Services,CHF Millions,61318.2
2018,FDI in Switzerland (Inward),Investment income,Dividends,T2,Total,Services,CHF Millions,36941.5
2018,FDI in Switzerland (Inward),Investment income,Dividends,D1_2,Total,All / Total,CHF Millions,71180.4
2018,FDI in Switzerland (Inward),Investment income,Dividends,D1_3,Total excluding special purpose entities,All / Total,CHF Millions,64723.8
2018,FDI in Switzerland (Inward),Investment income,Dividends,H,Trade,Services,CHF Millions,17406.9
2018,FDI in Switzerland (Inward),Investment income,Dividends,TUK,Transportation and communications,Services,CHF Millions,1070.5
2018,FDI in Switzerland (Inward),Investment income,Dividends,DSPE0,of which special purpose entities,Services,CHF Millions,6456.6
2018,FDI in Switzerland (Inward),Investment income,Dividends,DSPE,of which special purpose entities,Services,CHF Millions,6452.3
2018,FDI in Switzerland (Inward),Investment income,Reinvested earnings,B,Banks,Services,CHF Millions,-308.6
2018,FDI in Switzerland (Inward),Investment income,Reinvested earnings,CUK,Chemicals and plastics,Manufacturing,CHF Millions,5886.7
2018,FDI in Switzerland (Inward),Investment income,Reinvested earnings,EEOU,"Electronics, energy, optical and watchmaking",Manufacturing,CHF Millions,-1173.9
2018,FDI in Switzerland (Inward),Investment income,Reinvested earnings,V,Insurance companies,Services,CHF Millions,15.7
2018,FDI in Switzerland (Inward),Investment income,Reinvested earnings,MUM,Metals and machinery,Manufacturing,CHF Millions,15.6
2018,FDI in Switzerland (Inward),Investment income,Reinvested earnings,UIB,Other manufacturing and construction,Manufacturing,CHF Millions,30.1
2018,FDI in Switzerland (Inward),Investment income,Reinvested earnings,DU,Other services,Services,CHF Millions,6469.9
2018,FDI in Switzerland (Inward),Investment income,Reinvested earnings,T0,Total,Manufacturing,CHF Millions,4758.5
2018,FDI in Switzerland (Inward),Investment income,Reinvested earnings,T1,Total,Services,CHF Millions,35849.8
2018,FDI in Switzerland (Inward),Investment income,Reinvested earnings,T2,Total,Services,CHF Millions,25136.6
2018,FDI in Switzerland (Inward),Investment income,Reinvested earnings,D1_2,Total,All / Total,CHF Millions,40608.3
2018,FDI in Switzerland (Inward),Investment income,Reinvested earnings,D1_3,Total excluding special purpose entities,All / Total,CHF Millions,36147.7
2018,FDI in Switzerland (Inward),Investment income,Reinvested earnings,H,Trade,Services,CHF Millions,4001.7
2018,FDI in Switzerland (Inward),Investment income,Reinvested earnings,TUK,Transportation and communications,Services,CHF Millions,534.4
2018,FDI in Switzerland (Inward),Investment income,Reinvested earnings,DSPE0,of which special purpose entities,Services,CHF Millions,4460.7
2018,FDI in Switzerland (Inward),Investment income,Reinvested earnings,DSPE,of which special purpose entities,Services,CHF Millions,4518.5
2018,FDI in Switzerland (Inward),Investment income,Total,B,Banks,Services,CHF Millions,181.6
2018,FDI in Switzerland (Inward),Investment income,Total,CUK,Chemicals and plastics,Manufacturing,CHF Millions,11652.0
2018,FDI in Switzerland (Inward),Investment income,Total,EEOU,"Electronics, energy, optical and watchmaking",Manufacturing,CHF Millions,1185.1
2018,FDI in Switzerland (Inward),Investment income,Total,V,Insurance companies,Services,CHF Millions,2665.7
2018,FDI in Switzerland (Inward),Investment income,Total,MUM,Metals and machinery,Manufacturing,CHF Millions,1365.5
2018,FDI in Switzerland (Inward),Investment income,Total,UIB,Other manufacturing and construction,Manufacturing,CHF Millions,803.6
2018,FDI in Switzerland (Inward),Investment income,Total,DU,Other services,Services,CHF Millions,8708.9
2018,FDI in Switzerland (Inward),Investment income,Total,T0,Total,Manufacturing,CHF Millions,15006.2
2018,FDI in Switzerland (Inward),Investment income,Total,T1,Total,Services,CHF Millions,97426.0
2018,FDI in Switzerland (Inward),Investment income,Total,T2,Total,Services,CHF Millions,61120.9
2018,FDI in Switzerland (Inward),Investment income,Total,D1_2,Total,All / Total,CHF Millions,112432.2
2018,FDI in Switzerland (Inward),Investment income,Total,D1_3,Total excluding special purpose entities,All / Total,CHF Millions,101112.9
2018,FDI in Switzerland (Inward),Investment income,Total,H,Trade,Services,CHF Millions,22843.0
2018,FDI in Switzerland (Inward),Investment income,Total,TUK,Transportation and communications,Services,CHF Millions,1905.9
2018,FDI in Switzerland (Inward),Investment income,Total,DSPE0,of which special purpose entities,Services,CHF Millions,11319.3
2018,FDI in Switzerland (Inward),Investment income,Total,DSPE,of which special purpose entities,Services,CHF Millions,11361.4
2018,Swiss FDI abroad (Outward),Capital stocks,Debt instruments,B,Banks,Services,CHF Millions,
2018,Swiss FDI abroad (Outward),Capital stocks,Debt instruments,CUK,Chemicals and plastics,Manufacturing,CHF Millions,35436.2
2018,Swiss FDI abroad (Outward),Capital stocks,Debt instruments,SB,Domestically controlled,Services,CHF Millions,21916.2
2018,Swiss FDI abroad (Outward),Capital stocks,Debt instruments,EEOU,"Electronics, energy, optical and watchmaking",Manufacturing,CHF Millions,1498.6
2018,Swiss FDI abroad (Outward),Capital stocks,Debt instruments,V,Insurance companies,Services,CHF Millions,-4390.1
2018,Swiss FDI abroad (Outward),Capital stocks,Debt instruments,MUM,Metals and machinery,Manufacturing,CHF Millions,15377.8
2018,Swiss FDI abroad (Outward),Capital stocks,Debt instruments,UIB,Other manufacturing and construction,Manufacturing,CHF Millions,20276.0
2018,Swiss FDI abroad (Outward),Capital stocks,Debt instruments,DU,Other services,Services,CHF Millions,1561.5
2018,Swiss FDI abroad (Outward),Capital stocks,Debt instruments,T0,Total,Manufacturing,CHF Millions,72588.6
2018,Swiss FDI abroad (Outward),Capital stocks,Debt instruments,T1,Total,Services,CHF Millions,82742.0
2018,Swiss FDI abroad (Outward),Capital stocks,Debt instruments,T2,Total,Services,CHF Millions,47406.5
2018,Swiss FDI abroad (Outward),Capital stocks,Debt instruments,T3,Total,Services,CHF Millions,25490.3
2018,Swiss FDI abroad (Outward),Capital stocks,Debt instruments,D1_2,Total,All / Total,CHF Millions,155330.6
2018,Swiss FDI abroad (Outward),Capital stocks,Debt instruments,D1_5,Total excluding foreign-controlled enterprises,All / Total,CHF Millions,97770.6
2018,Swiss FDI abroad (Outward),Capital stocks,Debt instruments,D1_3,Total excluding foreign-controlled finance and holding companies,All / Total,CHF Millions,129840.3
2018,Swiss FDI abroad (Outward),Capital stocks,Debt instruments,D1_4,Total excluding special purpose entities,All / Total,CHF Millions,153238.1
2018,Swiss FDI abroad (Outward),Capital stocks,Debt instruments,D1_6,Total foreign-controlled enterprises,All / Total,CHF Millions,57559.9
2018,Swiss FDI abroad (Outward),Capital stocks,Debt instruments,H,Trade,Services,CHF Millions,28774.0
2018,Swiss FDI abroad (Outward),Capital stocks,Debt instruments,TUK,Transportation and communications,Services,CHF Millions,9390.2
2018,Swiss FDI abroad (Outward),Capital stocks,Debt instruments,DSPE0,of which special purpose entities,Services,CHF Millions,2092.5
2018,Swiss FDI abroad (Outward),Capital stocks,Debt instruments,DSPE,of which special purpose entities,Services,CHF Millions,1847.6
2018,Swiss FDI abroad (Outward),Capital stocks,Equity capital,B,Banks,Services,CHF Millions,79059.8
2018,Swiss FDI abroad (Outward),Capital stocks,Equity capital,CUK,Chemicals and plastics,Manufacturing,CHF Millions,151294.9
2018,Swiss FDI abroad (Outward),Capital stocks,Equity capital,SB,Domestically controlled,Services,CHF Millions,98494.3
2018,Swiss FDI abroad (Outward),Capital stocks,Equity capital,EEOU,"Electronics, energy, optical and watchmaking",Manufacturing,CHF Millions,84328.4
2018,Swiss FDI abroad (Outward),Capital stocks,Equity capital,V,Insurance companies,Services,CHF Millions,107329.0
2018,Swiss FDI abroad (Outward),Capital stocks,Equity capital,PMG,Memorandum item: Real estate activities,All / Total,CHF Millions,5354.2
2018,Swiss FDI abroad (Outward),Capital stocks,Equity capital,PMT,Memorandum item: Total including real estate activities,All / Total,CHF Millions,1361089.9
2018,Swiss FDI abroad (Outward),Capital stocks,Equity capital,MUM,Metals and machinery,Manufacturing,CHF Millions,35781.4
2018,Swiss FDI abroad (Outward),Capital stocks,Equity capital,UIB,Other manufacturing and construction,Manufacturing,CHF Millions,106471.3
2018,Swiss FDI abroad (Outward),Capital stocks,Equity capital,DU,Other services,Services,CHF Millions,40760.3
2018,Swiss FDI abroad (Outward),Capital stocks,Equity capital,T0,Total,Manufacturing,CHF Millions,377875.9
2018,Swiss FDI abroad (Outward),Capital stocks,Equity capital,T1,Total,Services,CHF Millions,977859.8
2018,Swiss FDI abroad (Outward),Capital stocks,Equity capital,T2,Total,Services,CHF Millions,575902.7
2018,Swiss FDI abroad (Outward),Capital stocks,Equity capital,T3,Total,Services,CHF Millions,477408.5
2018,Swiss FDI abroad (Outward),Capital stocks,Equity capital,D1_2,Total,All / Total,CHF Millions,1355735.7
2018,Swiss FDI abroad (Outward),Capital stocks,Equity capital,D1_5,Total excluding foreign-controlled enterprises,All / Total,CHF Millions,630892.8
2018,Swiss FDI abroad (Outward),Capital stocks,Equity capital,D1_3,Total excluding foreign-controlled finance and holding companies,All / Total,CHF Millions,878327.3
2018,Swiss FDI abroad (Outward),Capital stocks,Equity capital,D1_4,Total excluding special purpose entities,All / Total,CHF Millions,1195575.8
2018,Swiss FDI abroad (Outward),Capital stocks,Equity capital,D1_6,Total foreign-controlled enterprises,All / Total,CHF Millions,724843.0
2018,Swiss FDI abroad (Outward),Capital stocks,Equity capital,H,Trade,Services,CHF Millions,148438.4
2018,Swiss FDI abroad (Outward),Capital stocks,Equity capital,TUK,Transportation and communications,Services,CHF Millions,26369.5
2018,Swiss FDI abroad (Outward),Capital stocks,Equity capital,DSPE0,of which special purpose entities,Services,CHF Millions,160159.9
2018,Swiss FDI abroad (Outward),Capital stocks,Equity capital,DSPE,of which special purpose entities,Services,CHF Millions,159796.7
2018,Swiss FDI abroad (Outward),Capital stocks,Total,B,Banks,Services,CHF Millions,79059.8
2018,Swiss FDI abroad (Outward),Capital stocks,Total,CUK,Chemicals and plastics,Manufacturing,CHF Millions,186731.1
2018,Swiss FDI abroad (Outward),Capital stocks,Total,SB,Domestically controlled,Services,CHF Millions,120410.4
2018,Swiss FDI abroad (Outward),Capital stocks,Total,EEOU,"Electronics, energy, optical and watchmaking",Manufacturing,CHF Millions,85827.0
2018,Swiss FDI abroad (Outward),Capital stocks,Total,V,Insurance companies,Services,CHF Millions,102938.9
2018,Swiss FDI abroad (Outward),Capital stocks,Total,PMG,Memorandum item: Real estate activities,All / Total,CHF Millions,5354.2
2018,Swiss FDI abroad (Outward),Capital stocks,Total,PMT,Memorandum item: Total including real estate activities,All / Total,CHF Millions,1516420.5
2018,Swiss FDI abroad (Outward),Capital stocks,Total,MUM,Metals and machinery,Manufacturing,CHF Millions,51159.1
2018,Swiss FDI abroad (Outward),Capital stocks,Total,UIB,Other manufacturing and construction,Manufacturing,CHF Millions,126747.3
2018,Swiss FDI abroad (Outward),Capital stocks,Total,DU,Other services,Services,CHF Millions,42321.8
2018,Swiss FDI abroad (Outward),Capital stocks,Total,T0,Total,Manufacturing,CHF Millions,450464.5
2018,Swiss FDI abroad (Outward),Capital stocks,Total,T1,Total,Services,CHF Millions,1060601.8
2018,Swiss FDI abroad (Outward),Capital stocks,Total,T2,Total,Services,CHF Millions,623309.2
2018,Swiss FDI abroad (Outward),Capital stocks,Total,T3,Total,Services,CHF Millions,502898.8
2018,Swiss FDI abroad (Outward),Capital stocks,Total,D1_2,Total,All / Total,CHF Millions,1511066.3
2018,Swiss FDI abroad (Outward),Capital stocks,Total,D1_5,Total excluding foreign-controlled enterprises,All / Total,CHF Millions,728663.4
2018,Swiss FDI abroad (Outward),Capital stocks,Total,D1_3,Total excluding foreign-controlled finance and holding companies,All / Total,CHF Millions,1008167.6
2018,Swiss FDI abroad (Outward),Capital stocks,Total,D1_4,Total excluding special purpose entities,All / Total,CHF Millions,1348813.9
2018,Swiss FDI abroad (Outward),Capital stocks,Total,D1_6,Total foreign-controlled enterprises,All / Total,CHF Millions,782402.9
2018,Swiss FDI abroad (Outward),Capital stocks,Total,H,Trade,Services,CHF Millions,177212.4
2018,Swiss FDI abroad (Outward),Capital stocks,Total,TUK,Transportation and communications,Services,CHF Millions,35759.7
2018,Swiss FDI abroad (Outward),Capital stocks,Total,DSPE0,of which special purpose entities,Services,CHF Millions,162252.5
2018,Swiss FDI abroad (Outward),Capital stocks,Total,DSPE,of which special purpose entities,Services,CHF Millions,161644.3
2018,Swiss FDI abroad (Outward),Capital transactions (flows),Debt instruments,B,Banks,Services,CHF Millions,
2018,Swiss FDI abroad (Outward),Capital transactions (flows),Debt instruments,CUK,Chemicals and plastics,Manufacturing,CHF Millions,7838.8
2018,Swiss FDI abroad (Outward),Capital transactions (flows),Debt instruments,SB,Domestically controlled,Services,CHF Millions,5771.1
2018,Swiss FDI abroad (Outward),Capital transactions (flows),Debt instruments,EEOU,"Electronics, energy, optical and watchmaking",Manufacturing,CHF Millions,-935.5
2018,Swiss FDI abroad (Outward),Capital transactions (flows),Debt instruments,V,Insurance companies,Services,CHF Millions,-5248.0
2018,Swiss FDI abroad (Outward),Capital transactions (flows),Debt instruments,MUM,Metals and machinery,Manufacturing,CHF Millions,3291.2
2018,Swiss FDI abroad (Outward),Capital transactions (flows),Debt instruments,UIB,Other manufacturing and construction,Manufacturing,CHF Millions,3356.5
2018,Swiss FDI abroad (Outward),Capital transactions (flows),Debt instruments,DU,Other services,Services,CHF Millions,56727.1
2018,Swiss FDI abroad (Outward),Capital transactions (flows),Debt instruments,T0,Total,Manufacturing,CHF Millions,13551.0
2018,Swiss FDI abroad (Outward),Capital transactions (flows),Debt instruments,T1,Total,Services,CHF Millions,53916.1
2018,Swiss FDI abroad (Outward),Capital transactions (flows),Debt instruments,T2,Total,Services,CHF Millions,-11387.4
2018,Swiss FDI abroad (Outward),Capital transactions (flows),Debt instruments,T3,Total,Services,CHF Millions,-17158.5
2018,Swiss FDI abroad (Outward),Capital transactions (flows),Debt instruments,D1_2,Total,All / Total,CHF Millions,67467.1
2018,Swiss FDI abroad (Outward),Capital transactions (flows),Debt instruments,D1_5,Total excluding foreign-controlled enterprises,All / Total,CHF Millions,22821.0
2018,Swiss FDI abroad (Outward),Capital transactions (flows),Debt instruments,D1_3,Total excluding foreign-controlled finance and holding companies,All / Total,CHF Millions,84625.6
2018,Swiss FDI abroad (Outward),Capital transactions (flows),Debt instruments,D1_4,Total excluding special purpose entities,All / Total,CHF Millions,71288.4
2018,Swiss FDI abroad (Outward),Capital transactions (flows),Debt instruments,D1_6,Total foreign-controlled enterprises,All / Total,CHF Millions,44646.0
2018,Swiss FDI abroad (Outward),Capital transactions (flows),Debt instruments,H,Trade,Services,CHF Millions,13825.9
2018,Swiss FDI abroad (Outward),Capital transactions (flows),Debt instruments,TUK,Transportation and communications,Services,CHF Millions,-1.5
2018,Swiss FDI abroad (Outward),Capital transactions (flows),Debt instruments,DSPE0,of which special purpose entities,Services,CHF Millions,-3821.3
2018,Swiss FDI abroad (Outward),Capital transactions (flows),Debt instruments,DSPE,of which special purpose entities,Services,CHF Millions,-4064.4
2018,Swiss FDI abroad (Outward),Capital transactions (flows),Equity capital excluding reinvested earnings,B,Banks,Services,CHF Millions,264.4
2018,Swiss FDI abroad (Outward),Capital transactions (flows),Equity capital excluding reinvested earnings,CUK,Chemicals and plastics,Manufacturing,CHF Millions,-1591.6
2018,Swiss FDI abroad (Outward),Capital transactions (flows),Equity capital excluding reinvested earnings,SB,Domestically controlled,Services,CHF Millions,12424.4
2018,Swiss FDI abroad (Outward),Capital transactions (flows),Equity capital excluding reinvested earnings,EEOU,"Electronics, energy, optical and watchmaking",Manufacturing,CHF Millions,-11887.8
2018,Swiss FDI abroad (Outward),Capital transactions (flows),Equity capital excluding reinvested earnings,V,Insurance companies,Services,CHF Millions,1937.3
2018,Swiss FDI abroad (Outward),Capital transactions (flows),Equity capital excluding reinvested earnings,PMG,Memorandum item: Real estate activities,All / Total,CHF Millions,1139.1
2018,Swiss FDI abroad (Outward),Capital transactions (flows),Equity capital excluding reinvested earnings,PMT,Memorandum item: Total including real estate activities,All / Total,CHF Millions,-43922.0
2018,Swiss FDI abroad (Outward),Capital transactions (flows),Equity capital excluding reinvested earnings,MUM,Metals and machinery,Manufacturing,CHF Millions,1029.0
2018,Swiss FDI abroad (Outward),Capital transactions (flows),Equity capital excluding reinvested earnings,UIB,Other manufacturing and construction,Manufacturing,CHF Millions,-1630.3
2018,Swiss FDI abroad (Outward),Capital transactions (flows),Equity capital excluding reinvested earnings,DU,Other services,Services,CHF Millions,-49989.1
2018,Swiss FDI abroad (Outward),Capital transactions (flows),Equity capital excluding reinvested earnings,T0,Total,Manufacturing,CHF Millions,-14080.8
2018,Swiss FDI abroad (Outward),Capital transactions (flows),Equity capital excluding reinvested earnings,T1,Total,Services,CHF Millions,-30980.3
2018,Swiss FDI abroad (Outward),Capital transactions (flows),Equity capital excluding reinvested earnings,T2,Total,Services,CHF Millions,-3103.4
2018,Swiss FDI abroad (Outward),Capital transactions (flows),Equity capital excluding reinvested earnings,T3,Total,Services,CHF Millions,-15527.8
2018,Swiss FDI abroad (Outward),Capital transactions (flows),Equity capital excluding reinvested earnings,D1_2,Total,All / Total,CHF Millions,-45061.0
2018,Swiss FDI abroad (Outward),Capital transactions (flows),Equity capital excluding reinvested earnings,D1_5,Total excluding foreign-controlled enterprises,All / Total,CHF Millions,7066.6
2018,Swiss FDI abroad (Outward),Capital transactions (flows),Equity capital excluding reinvested earnings,D1_3,Total excluding foreign-controlled finance and holding companies,All / Total,CHF Millions,-29533.2
2018,Swiss FDI abroad (Outward),Capital transactions (flows),Equity capital excluding reinvested earnings,D1_4,Total excluding special purpose entities,All / Total,CHF Millions,-33291.0
2018,Swiss FDI abroad (Outward),Capital transactions (flows),Equity capital excluding reinvested earnings,D1_6,Total foreign-controlled enterprises,All / Total,CHF Millions,-52127.7
2018,Swiss FDI abroad (Outward),Capital transactions (flows),Equity capital excluding reinvested earnings,H,Trade,Services,CHF Millions,17169.4
2018,Swiss FDI abroad (Outward),Capital transactions (flows),Equity capital excluding reinvested earnings,TUK,Transportation and communications,Services,CHF Millions,2741.0
2018,Swiss FDI abroad (Outward),Capital transactions (flows),Equity capital excluding reinvested earnings,DSPE0,of which special purpose entities,Services,CHF Millions,-11770.1
2018,Swiss FDI abroad (Outward),Capital transactions (flows),Equity capital excluding reinvested earnings,DSPE,of which special purpose entities,Services,CHF Millions,-11744.0
2018,Swiss FDI abroad (Outward),Capital transactions (flows),Reinvested earnings,B,Banks,Services,CHF Millions,-2501.5
2018,Swiss FDI abroad (Outward),Capital transactions (flows),Reinvested earnings,CUK,Chemicals and plastics,Manufacturing,CHF Millions,8542.6
2018,Swiss FDI abroad (Outward),Capital transactions (flows),Reinvested earnings,SB,Domestically controlled,Services,CHF Millions,-1730.4
2018,Swiss FDI abroad (Outward),Capital transactions (flows),Reinvested earnings,EEOU,"Electronics, energy, optical and watchmaking",Manufacturing,CHF Millions,3620.1
2018,Swiss FDI abroad (Outward),Capital transactions (flows),Reinvested earnings,V,Insurance companies,Services,CHF Millions,6168.3
2018,Swiss FDI abroad (Outward),Capital transactions (flows),Reinvested earnings,MUM,Metals and machinery,Manufacturing,CHF Millions,1003.3
2018,Swiss FDI abroad (Outward),Capital transactions (flows),Reinvested earnings,UIB,Other manufacturing and construction,Manufacturing,CHF Millions,679.5
2018,Swiss FDI abroad (Outward),Capital transactions (flows),Reinvested earnings,DU,Other services,Services,CHF Millions,-346.8
2018,Swiss FDI abroad (Outward),Capital transactions (flows),Reinvested earnings,T0,Total,Manufacturing,CHF Millions,13845.5
2018,Swiss FDI abroad (Outward),Capital transactions (flows),Reinvested earnings,T1,Total,Services,CHF Millions,11024.4
2018,Swiss FDI abroad (Outward),Capital transactions (flows),Reinvested earnings,T2,Total,Services,CHF Millions,5323.7
2018,Swiss FDI abroad (Outward),Capital transactions (flows),Reinvested earnings,T3,Total,Services,CHF Millions,7054.1
2018,Swiss FDI abroad (Outward),Capital transactions (flows),Reinvested earnings,D1_2,Total,All / Total,CHF Millions,24869.8
2018,Swiss FDI abroad (Outward),Capital transactions (flows),Reinvested earnings,D1_5,Total excluding foreign-controlled enterprises,All / Total,CHF Millions,14891.3
2018,Swiss FDI abroad (Outward),Capital transactions (flows),Reinvested earnings,D1_3,Total excluding foreign-controlled finance and holding companies,All / Total,CHF Millions,17815.7
2018,Swiss FDI abroad (Outward),Capital transactions (flows),Reinvested earnings,D1_4,Total excluding special purpose entities,All / Total,CHF Millions,23586.8
2018,Swiss FDI abroad (Outward),Capital transactions (flows),Reinvested earnings,D1_6,Total foreign-controlled enterprises,All / Total,CHF Millions,9978.6
2018,Swiss FDI abroad (Outward),Capital transactions (flows),Reinvested earnings,H,Trade,Services,CHF Millions,1347.8
2018,Swiss FDI abroad (Outward),Capital transactions (flows),Reinvested earnings,TUK,Transportation and communications,Services,CHF Millions,1032.9
2018,Swiss FDI abroad (Outward),Capital transactions (flows),Reinvested earnings,DSPE0,of which special purpose entities,Services,CHF Millions,1283.1
2018,Swiss FDI abroad (Outward),Capital transactions (flows),Reinvested earnings,DSPE,of which special purpose entities,Services,CHF Millions,1257.3
2018,Swiss FDI abroad (Outward),Capital transactions (flows),Total,B,Banks,Services,CHF Millions,-2237.1
2018,Swiss FDI abroad (Outward),Capital transactions (flows),Total,CUK,Chemicals and plastics,Manufacturing,CHF Millions,14789.8
2018,Swiss FDI abroad (Outward),Capital transactions (flows),Total,SB,Domestically controlled,Services,CHF Millions,16465.1
2018,Swiss FDI abroad (Outward),Capital transactions (flows),Total,EEOU,"Electronics, energy, optical and watchmaking",Manufacturing,CHF Millions,-9203.2
2018,Swiss FDI abroad (Outward),Capital transactions (flows),Total,V,Insurance companies,Services,CHF Millions,2857.6
2018,Swiss FDI abroad (Outward),Capital transactions (flows),Total,PMG,Memorandum item: Real estate activities,All / Total,CHF Millions,1139.1
2018,Swiss FDI abroad (Outward),Capital transactions (flows),Total,PMT,Memorandum item: Total including real estate activities,All / Total,CHF Millions,48415.0
2018,Swiss FDI abroad (Outward),Capital transactions (flows),Total,MUM,Metals and machinery,Manufacturing,CHF Millions,5323.5
2018,Swiss FDI abroad (Outward),Capital transactions (flows),Total,UIB,Other manufacturing and construction,Manufacturing,CHF Millions,2405.6
2018,Swiss FDI abroad (Outward),Capital transactions (flows),Total,DU,Other services,Services,CHF Millions,6391.3
2018,Swiss FDI abroad (Outward),Capital transactions (flows),Total,T0,Total,Manufacturing,CHF Millions,13315.7
2018,Swiss FDI abroad (Outward),Capital transactions (flows),Total,T1,Total,Services,CHF Millions,33960.2
2018,Swiss FDI abroad (Outward),Capital transactions (flows),Total,T2,Total,Services,CHF Millions,-9167.1
2018,Swiss FDI abroad (Outward),Capital transactions (flows),Total,T3,Total,Services,CHF Millions,-25632.2
2018,Swiss FDI abroad (Outward),Capital transactions (flows),Total,D1_2,Total,All / Total,CHF Millions,47275.9
2018,Swiss FDI abroad (Outward),Capital transactions (flows),Total,D1_5,Total excluding foreign-controlled enterprises,All / Total,CHF Millions,44779.0
2018,Swiss FDI abroad (Outward),Capital transactions (flows),Total,D1_3,Total excluding foreign-controlled finance and holding companies,All / Total,CHF Millions,72908.1
2018,Swiss FDI abroad (Outward),Capital transactions (flows),Total,D1_4,Total excluding special purpose entities,All / Total,CHF Millions,61584.2
2018,Swiss FDI abroad (Outward),Capital transactions (flows),Total,D1_6,Total foreign-controlled enterprises,All / Total,CHF Millions,2496.9
2018,Swiss FDI abroad (Outward),Capital transactions (flows),Total,H,Trade,Services,CHF Millions,32343.1
2018,Swiss FDI abroad (Outward),Capital transactions (flows),Total,TUK,Transportation and communications,Services,CHF Millions,3772.5
2018,Swiss FDI abroad (Outward),Capital transactions (flows),Total,DSPE0,of which special purpose entities,Services,CHF Millions,-14308.3
2018,Swiss FDI abroad (Outward),Capital transactions (flows),Total,DSPE,of which special purpose entities,Services,CHF Millions,-14551.1
2018,Swiss FDI abroad (Outward),Investment income,Debt instruments: net interest,B,Banks,Services,CHF Millions,
2018,Swiss FDI abroad (Outward),Investment income,Debt instruments: net interest,CUK,Chemicals and plastics,Manufacturing,CHF Millions,1092.9
2018,Swiss FDI abroad (Outward),Investment income,Debt instruments: net interest,SB,Domestically controlled,Services,CHF Millions,861.8
2018,Swiss FDI abroad (Outward),Investment income,Debt instruments: net interest,EEOU,"Electronics, energy, optical and watchmaking",Manufacturing,CHF Millions,90.3
2018,Swiss FDI abroad (Outward),Investment income,Debt instruments: net interest,V,Insurance companies,Services,CHF Millions,689.1
2018,Swiss FDI abroad (Outward),Investment income,Debt instruments: net interest,MUM,Metals and machinery,Manufacturing,CHF Millions,334.0
2018,Swiss FDI abroad (Outward),Investment income,Debt instruments: net interest,UIB,Other manufacturing and construction,Manufacturing,CHF Millions,728.0
2018,Swiss FDI abroad (Outward),Investment income,Debt instruments: net interest,DU,Other services,Services,CHF Millions,166.6
2018,Swiss FDI abroad (Outward),Investment income,Debt instruments: net interest,T0,Total,Manufacturing,CHF Millions,2245.2
2018,Swiss FDI abroad (Outward),Investment income,Debt instruments: net interest,T1,Total,Services,CHF Millions,3015.8
2018,Swiss FDI abroad (Outward),Investment income,Debt instruments: net interest,T2,Total,Services,CHF Millions,2406.0
2018,Swiss FDI abroad (Outward),Investment income,Debt instruments: net interest,T3,Total,Services,CHF Millions,1544.1
2018,Swiss FDI abroad (Outward),Investment income,Debt instruments: net interest,D1_2,Total,All / Total,CHF Millions,5261.0
2018,Swiss FDI abroad (Outward),Investment income,Debt instruments: net interest,D1_5,Total excluding foreign-controlled enterprises,All / Total,CHF Millions,4040.0
2018,Swiss FDI abroad (Outward),Investment income,Debt instruments: net interest,D1_3,Total excluding foreign-controlled finance and holding companies,All / Total,CHF Millions,3716.9
2018,Swiss FDI abroad (Outward),Investment income,Debt instruments: net interest,D1_4,Total excluding special purpose entities,All / Total,CHF Millions,5097.3
2018,Swiss FDI abroad (Outward),Investment income,Debt instruments: net interest,D1_6,Total foreign-controlled enterprises,All / Total,CHF Millions,1221.0
2018,Swiss FDI abroad (Outward),Investment income,Debt instruments: net interest,H,Trade,Services,CHF Millions,-389.8
2018,Swiss FDI abroad (Outward),Investment income,Debt instruments: net interest,TUK,Transportation and communications,Services,CHF Millions,144.0
2018,Swiss FDI abroad (Outward),Investment income,Debt instruments: net interest,DSPE0,of which special purpose entities,Services,CHF Millions,163.6
2018,Swiss FDI abroad (Outward),Investment income,Debt instruments: net interest,DSPE,of which special purpose entities,Services,CHF Millions,159.7
2018,Swiss FDI abroad (Outward),Investment income,Dividends,B,Banks,Services,CHF Millions,4946.8
2018,Swiss FDI abroad (Outward),Investment income,Dividends,CUK,Chemicals and plastics,Manufacturing,CHF Millions,9383.2
2018,Swiss FDI abroad (Outward),Investment income,Dividends,SB,Domestically controlled,Services,CHF Millions,2659.1
2018,Swiss FDI abroad (Outward),Investment income,Dividends,EEOU,"Electronics, energy, optical and watchmaking",Manufacturing,CHF Millions,5498.2
2018,Swiss FDI abroad (Outward),Investment income,Dividends,V,Insurance companies,Services,CHF Millions,2861.7
2018,Swiss FDI abroad (Outward),Investment income,Dividends,MUM,Metals and machinery,Manufacturing,CHF Millions,2565.0
2018,Swiss FDI abroad (Outward),Investment income,Dividends,UIB,Other manufacturing and construction,Manufacturing,CHF Millions,11478.5
2018,Swiss FDI abroad (Outward),Investment income,Dividends,DU,Other services,Services,CHF Millions,3911.2
2018,Swiss FDI abroad (Outward),Investment income,Dividends,T0,Total,Manufacturing,CHF Millions,28924.8
2018,Swiss FDI abroad (Outward),Investment income,Dividends,T1,Total,Services,CHF Millions,47756.7
2018,Swiss FDI abroad (Outward),Investment income,Dividends,T2,Total,Services,CHF Millions,30184.1
2018,Swiss FDI abroad (Outward),Investment income,Dividends,T3,Total,Services,CHF Millions,27525.0
2018,Swiss FDI abroad (Outward),Investment income,Dividends,D1_2,Total,All / Total,CHF Millions,76681.5
2018,Swiss FDI abroad (Outward),Investment income,Dividends,D1_5,Total excluding foreign-controlled enterprises,All / Total,CHF Millions,40183.3
2018,Swiss FDI abroad (Outward),Investment income,Dividends,D1_3,Total excluding foreign-controlled finance and holding companies,All / Total,CHF Millions,49156.5
2018,Swiss FDI abroad (Outward),Investment income,Dividends,D1_4,Total excluding special purpose entities,All / Total,CHF Millions,71920.0
2018,Swiss FDI abroad (Outward),Investment income,Dividends,D1_6,Total foreign-controlled enterprises,All / Total,CHF Millions,36498.2
2018,Swiss FDI abroad (Outward),Investment income,Dividends,H,Trade,Services,CHF Millions,5161.4
2018,Swiss FDI abroad (Outward),Investment income,Dividends,TUK,Transportation and communications,Services,CHF Millions,691.4
2018,Swiss FDI abroad (Outward),Investment income,Dividends,DSPE0,of which special purpose entities,Services,CHF Millions,4761.5
2018,Swiss FDI abroad (Outward),Investment income,Dividends,DSPE,of which special purpose entities,Services,CHF Millions,4750.2
2018,Swiss FDI abroad (Outward),Investment income,Reinvested earnings,B,Banks,Services,CHF Millions,-2501.5
2018,Swiss FDI abroad (Outward),Investment income,Reinvested earnings,CUK,Chemicals and plastics,Manufacturing,CHF Millions,8542.6
2018,Swiss FDI abroad (Outward),Investment income,Reinvested earnings,SB,Domestically controlled,Services,CHF Millions,-1730.4
2018,Swiss FDI abroad (Outward),Investment income,Reinvested earnings,EEOU,"Electronics, energy, optical and watchmaking",Manufacturing,CHF Millions,3620.1
2018,Swiss FDI abroad (Outward),Investment income,Reinvested earnings,V,Insurance companies,Services,CHF Millions,6168.3
2018,Swiss FDI abroad (Outward),Investment income,Reinvested earnings,MUM,Metals and machinery,Manufacturing,CHF Millions,1003.3
2018,Swiss FDI abroad (Outward),Investment income,Reinvested earnings,UIB,Other manufacturing and construction,Manufacturing,CHF Millions,679.5
2018,Swiss FDI abroad (Outward),Investment income,Reinvested earnings,DU,Other services,Services,CHF Millions,-346.8
2018,Swiss FDI abroad (Outward),Investment income,Reinvested earnings,T0,Total,Manufacturing,CHF Millions,13845.5
2018,Swiss FDI abroad (Outward),Investment income,Reinvested earnings,T1,Total,Services,CHF Millions,11024.4
2018,Swiss FDI abroad (Outward),Investment income,Reinvested earnings,T2,Total,Services,CHF Millions,5323.7
2018,Swiss FDI abroad (Outward),Investment income,Reinvested earnings,T3,Total,Services,CHF Millions,7054.1
2018,Swiss FDI abroad (Outward),Investment income,Reinvested earnings,D1_2,Total,All / Total,CHF Millions,24869.8
2018,Swiss FDI abroad (Outward),Investment income,Reinvested earnings,D1_5,Total excluding foreign-controlled enterprises,All / Total,CHF Millions,14891.3
2018,Swiss FDI abroad (Outward),Investment income,Reinvested earnings,D1_3,Total excluding foreign-controlled finance and holding companies,All / Total,CHF Millions,17815.7
2018,Swiss FDI abroad (Outward),Investment income,Reinvested earnings,D1_4,Total excluding special purpose entities,All / Total,CHF Millions,23586.8
2018,Swiss FDI abroad (Outward),Investment income,Reinvested earnings,D1_6,Total foreign-controlled enterprises,All / Total,CHF Millions,9978.6
2018,Swiss FDI abroad (Outward),Investment income,Reinvested earnings,H,Trade,Services,CHF Millions,1347.8
2018,Swiss FDI abroad (Outward),Investment income,Reinvested earnings,TUK,Transportation and communications,Services,CHF Millions,1032.9
2018,Swiss FDI abroad (Outward),Investment income,Reinvested earnings,DSPE0,of which special purpose entities,Services,CHF Millions,1283.1
2018,Swiss FDI abroad (Outward),Investment income,Reinvested earnings,DSPE,of which special purpose entities,Services,CHF Millions,1257.3
2018,Swiss FDI abroad (Outward),Investment income,Total,B,Banks,Services,CHF Millions,2445.3
2018,Swiss FDI abroad (Outward),Investment income,Total,CUK,Chemicals and plastics,Manufacturing,CHF Millions,19018.7
2018,Swiss FDI abroad (Outward),Investment income,Total,SB,Domestically controlled,Services,CHF Millions,1790.5
2018,Swiss FDI abroad (Outward),Investment income,Total,EEOU,"Electronics, energy, optical and watchmaking",Manufacturing,CHF Millions,9208.6
2018,Swiss FDI abroad (Outward),Investment income,Total,V,Insurance companies,Services,CHF Millions,9719.0
2018,Swiss FDI abroad (Outward),Investment income,Total,MUM,Metals and machinery,Manufacturing,CHF Millions,3902.3
2018,Swiss FDI abroad (Outward),Investment income,Total,UIB,Other manufacturing and construction,Manufacturing,CHF Millions,12885.9
2018,Swiss FDI abroad (Outward),Investment income,Total,DU,Other services,Services,CHF Millions,3731.1
2018,Swiss FDI abroad (Outward),Investment income,Total,T0,Total,Manufacturing,CHF Millions,45015.5
2018,Swiss FDI abroad (Outward),Investment income,Total,T1,Total,Services,CHF Millions,61796.8
2018,Swiss FDI abroad (Outward),Investment income,Total,T2,Total,Services,CHF Millions,37913.8
2018,Swiss FDI abroad (Outward),Investment income,Total,T3,Total,Services,CHF Millions,36123.2
2018,Swiss FDI abroad (Outward),Investment income,Total,D1_2,Total,All / Total,CHF Millions,106812.3
2018,Swiss FDI abroad (Outward),Investment income,Total,D1_5,Total excluding foreign-controlled enterprises,All / Total,CHF Millions,59114.6
2018,Swiss FDI abroad (Outward),Investment income,Total,D1_3,Total excluding foreign-controlled finance and holding companies,All / Total,CHF Millions,70689.1
2018,Swiss FDI abroad (Outward),Investment income,Total,D1_4,Total excluding special purpose entities,All / Total,CHF Millions,100604.1
2018,Swiss FDI abroad (Outward),Investment income,Total,D1_6,Total foreign-controlled enterprises,All / Total,CHF Millions,47697.7
2018,Swiss FDI abroad (Outward),Investment income,Total,H,Trade,Services,CHF Millions,6119.3
2018,Swiss FDI abroad (Outward),Investment income,Total,TUK,Transportation and communications,Services,CHF Millions,1868.3
2018,Swiss FDI abroad (Outward),Investment income,Total,DSPE0,of which special purpose entities,Services,CHF Millions,6208.2
2018,Swiss FDI abroad (Outward),Investment income,Total,DSPE,of which special purpose entities,Services,CHF Millions,6167.2
2019,FDI in Switzerland (Inward),Capital stocks,Debt instruments,B,Banks,Services,CHF Millions,
2019,FDI in Switzerland (Inward),Capital stocks,Debt instruments,CUK,Chemicals and plastics,Manufacturing,CHF Millions,9855.5
2019,FDI in Switzerland (Inward),Capital stocks,Debt instruments,EEOU,"Electronics, energy, optical and watchmaking",Manufacturing,CHF Millions,-474.7
2019,FDI in Switzerland (Inward),Capital stocks,Debt instruments,V,Insurance companies,Services,CHF Millions,-14271.8
2019,FDI in Switzerland (Inward),Capital stocks,Debt instruments,MUM,Metals and machinery,Manufacturing,CHF Millions,553.9
2019,FDI in Switzerland (Inward),Capital stocks,Debt instruments,UIB,Other manufacturing and construction,Manufacturing,CHF Millions,3673.6
2019,FDI in Switzerland (Inward),Capital stocks,Debt instruments,DU,Other services,Services,CHF Millions,-20232.7
2019,FDI in Switzerland (Inward),Capital stocks,Debt instruments,T0,Total,Manufacturing,CHF Millions,13608.3
2019,FDI in Switzerland (Inward),Capital stocks,Debt instruments,T1,Total,Services,CHF Millions,-5713.0
2019,FDI in Switzerland (Inward),Capital stocks,Debt instruments,T2,Total,Services,CHF Millions,-24623.6
2019,FDI in Switzerland (Inward),Capital stocks,Debt instruments,D1_2,Total,All / Total,CHF Millions,7895.3
2019,FDI in Switzerland (Inward),Capital stocks,Debt instruments,D1_3,Total excluding special purpose entities,All / Total,CHF Millions,-15396.8
2019,FDI in Switzerland (Inward),Capital stocks,Debt instruments,H,Trade,Services,CHF Millions,51117.7
2019,FDI in Switzerland (Inward),Capital stocks,Debt instruments,TUK,Transportation and communications,Services,CHF Millions,2297.3
2019,FDI in Switzerland (Inward),Capital stocks,Debt instruments,DSPE0,of which special purpose entities,Services,CHF Millions,23292.1
2019,FDI in Switzerland (Inward),Capital stocks,Debt instruments,DSPE,of which special purpose entities,Services,CHF Millions,23085.2
2019,FDI in Switzerland (Inward),Capital stocks,Equity capital,B,Banks,Services,CHF Millions,23438.9
2019,FDI in Switzerland (Inward),Capital stocks,Equity capital,CUK,Chemicals and plastics,Manufacturing,CHF Millions,71338.9
2019,FDI in Switzerland (Inward),Capital stocks,Equity capital,EEOU,"Electronics, energy, optical and watchmaking",Manufacturing,CHF Millions,58822.5
2019,FDI in Switzerland (Inward),Capital stocks,Equity capital,V,Insurance companies,Services,CHF Millions,29469.4
2019,FDI in Switzerland (Inward),Capital stocks,Equity capital,PMG,Memorandum item: Real estate activities,All / Total,CHF Millions,38122.2
2019,FDI in Switzerland (Inward),Capital stocks,Equity capital,PMT,Memorandum item: Total including real estate activities,All / Total,CHF Millions,1375207.1
2019,FDI in Switzerland (Inward),Capital stocks,Equity capital,MUM,Metals and machinery,Manufacturing,CHF Millions,16969.1
2019,FDI in Switzerland (Inward),Capital stocks,Equity capital,UIB,Other manufacturing and construction,Manufacturing,CHF Millions,14788.2
2019,FDI in Switzerland (Inward),Capital stocks,Equity capital,DU,Other services,Services,CHF Millions,57965.5
2019,FDI in Switzerland (Inward),Capital stocks,Equity capital,T0,Total,Manufacturing,CHF Millions,161918.7
2019,FDI in Switzerland (Inward),Capital stocks,Equity capital,T1,Total,Services,CHF Millions,1175166.3
2019,FDI in Switzerland (Inward),Capital stocks,Equity capital,T2,Total,Services,CHF Millions,824509.9
2019,FDI in Switzerland (Inward),Capital stocks,Equity capital,D1_2,Total,All / Total,CHF Millions,1337085.0
2019,FDI in Switzerland (Inward),Capital stocks,Equity capital,D1_3,Total excluding special purpose entities,All / Total,CHF Millions,1041171.1
2019,FDI in Switzerland (Inward),Capital stocks,Equity capital,H,Trade,Services,CHF Millions,224534.6
2019,FDI in Switzerland (Inward),Capital stocks,Equity capital,TUK,Transportation and communications,Services,CHF Millions,15248.0
2019,FDI in Switzerland (Inward),Capital stocks,Equity capital,DSPE0,of which special purpose entities,Services,CHF Millions,295913.9
2019,FDI in Switzerland (Inward),Capital stocks,Equity capital,DSPE,of which special purpose entities,Services,CHF Millions,294924.1
2019,FDI in Switzerland (Inward),Capital stocks,Total,B,Banks,Services,CHF Millions,23438.9
2019,FDI in Switzerland (Inward),Capital stocks,Total,CUK,Chemicals and plastics,Manufacturing,CHF Millions,81194.4
2019,FDI in Switzerland (Inward),Capital stocks,Total,EEOU,"Electronics, energy, optical and watchmaking",Manufacturing,CHF Millions,58347.8
2019,FDI in Switzerland (Inward),Capital stocks,Total,V,Insurance companies,Services,CHF Millions,15197.5
2019,FDI in Switzerland (Inward),Capital stocks,Total,PMG,Memorandum item: Real estate activities,All / Total,CHF Millions,38122.2
2019,FDI in Switzerland (Inward),Capital stocks,Total,PMT,Memorandum item: Total including real estate activities,All / Total,CHF Millions,1383102.4
2019,FDI in Switzerland (Inward),Capital stocks,Total,MUM,Metals and machinery,Manufacturing,CHF Millions,17523.0
2019,FDI in Switzerland (Inward),Capital stocks,Total,UIB,Other manufacturing and construction,Manufacturing,CHF Millions,18461.8
2019,FDI in Switzerland (Inward),Capital stocks,Total,DU,Other services,Services,CHF Millions,37732.9
2019,FDI in Switzerland (Inward),Capital stocks,Total,T0,Total,Manufacturing,CHF Millions,175527.0
2019,FDI in Switzerland (Inward),Capital stocks,Total,T1,Total,Services,CHF Millions,1169453.2
2019,FDI in Switzerland (Inward),Capital stocks,Total,T2,Total,Services,CHF Millions,799886.4
2019,FDI in Switzerland (Inward),Capital stocks,Total,D1_2,Total,All / Total,CHF Millions,1344980.2
2019,FDI in Switzerland (Inward),Capital stocks,Total,D1_3,Total excluding special purpose entities,All / Total,CHF Millions,1025774.3
2019,FDI in Switzerland (Inward),Capital stocks,Total,H,Trade,Services,CHF Millions,275652.3
2019,FDI in Switzerland (Inward),Capital stocks,Total,TUK,Transportation and communications,Services,CHF Millions,17545.3
2019,FDI in Switzerland (Inward),Capital stocks,Total,DSPE0,of which special purpose entities,Services,CHF Millions,319206.0
2019,FDI in Switzerland (Inward),Capital stocks,Total,DSPE,of which special purpose entities,Services,CHF Millions,318009.3
2019,FDI in Switzerland (Inward),Capital transactions (flows),Debt instruments,B,Banks,Services,CHF Millions,
2019,FDI in Switzerland (Inward),Capital transactions (flows),Debt instruments,CUK,Chemicals and plastics,Manufacturing,CHF Millions,9926.2
2019,FDI in Switzerland (Inward),Capital transactions (flows),Debt instruments,EEOU,"Electronics, energy, optical and watchmaking",Manufacturing,CHF Millions,-900.0
2019,FDI in Switzerland (Inward),Capital transactions (flows),Debt instruments,V,Insurance companies,Services,CHF Millions,-2907.5
2019,FDI in Switzerland (Inward),Capital transactions (flows),Debt instruments,MUM,Metals and machinery,Manufacturing,CHF Millions,-46.4
2019,FDI in Switzerland (Inward),Capital transactions (flows),Debt instruments,UIB,Other manufacturing and construction,Manufacturing,CHF Millions,4094.7
2019,FDI in Switzerland (Inward),Capital transactions (flows),Debt instruments,DU,Other services,Services,CHF Millions,-21149.2
2019,FDI in Switzerland (Inward),Capital transactions (flows),Debt instruments,T0,Total,Manufacturing,CHF Millions,13074.4
2019,FDI in Switzerland (Inward),Capital transactions (flows),Debt instruments,T1,Total,Services,CHF Millions,-65045.6
2019,FDI in Switzerland (Inward),Capital transactions (flows),Debt instruments,T2,Total,Services,CHF Millions,-38919.4
2019,FDI in Switzerland (Inward),Capital transactions (flows),Debt instruments,D1_2,Total,All / Total,CHF Millions,-51971.2
2019,FDI in Switzerland (Inward),Capital transactions (flows),Debt instruments,D1_3,Total excluding special purpose entities,All / Total,CHF Millions,-44986.0
2019,FDI in Switzerland (Inward),Capital transactions (flows),Debt instruments,H,Trade,Services,CHF Millions,-234.8
2019,FDI in Switzerland (Inward),Capital transactions (flows),Debt instruments,TUK,Transportation and communications,Services,CHF Millions,-1834.7
2019,FDI in Switzerland (Inward),Capital transactions (flows),Debt instruments,DSPE0,of which special purpose entities,Services,CHF Millions,-6985.2
2019,FDI in Switzerland (Inward),Capital transactions (flows),Debt instruments,DSPE,of which special purpose entities,Services,CHF Millions,-6923.5
2019,FDI in Switzerland (Inward),Capital transactions (flows),Equity capital excluding reinvested earnings,B,Banks,Services,CHF Millions,485.6
2019,FDI in Switzerland (Inward),Capital transactions (flows),Equity capital excluding reinvested earnings,CUK,Chemicals and plastics,Manufacturing,CHF Millions,-13552.4
2019,FDI in Switzerland (Inward),Capital transactions (flows),Equity capital excluding reinvested earnings,EEOU,"Electronics, energy, optical and watchmaking",Manufacturing,CHF Millions,-1355.8
2019,FDI in Switzerland (Inward),Capital transactions (flows),Equity capital excluding reinvested earnings,V,Insurance companies,Services,CHF Millions,-159.6
2019,FDI in Switzerland (Inward),Capital transactions (flows),Equity capital excluding reinvested earnings,PMG,Memorandum item: Real estate activities,All / Total,CHF Millions,285.0
2019,FDI in Switzerland (Inward),Capital transactions (flows),Equity capital excluding reinvested earnings,PMT,Memorandum item: Total including real estate activities,All / Total,CHF Millions,-68307.7
2019,FDI in Switzerland (Inward),Capital transactions (flows),Equity capital excluding reinvested earnings,MUM,Metals and machinery,Manufacturing,CHF Millions,-971.1
2019,FDI in Switzerland (Inward),Capital transactions (flows),Equity capital excluding reinvested earnings,UIB,Other manufacturing and construction,Manufacturing,CHF Millions,-1454.9
2019,FDI in Switzerland (Inward),Capital transactions (flows),Equity capital excluding reinvested earnings,DU,Other services,Services,CHF Millions,-1828.3
2019,FDI in Switzerland (Inward),Capital transactions (flows),Equity capital excluding reinvested earnings,T0,Total,Manufacturing,CHF Millions,-17334.2
2019,FDI in Switzerland (Inward),Capital transactions (flows),Equity capital excluding reinvested earnings,T1,Total,Services,CHF Millions,-51258.6
2019,FDI in Switzerland (Inward),Capital transactions (flows),Equity capital excluding reinvested earnings,T2,Total,Services,CHF Millions,-40209.1
2019,FDI in Switzerland (Inward),Capital transactions (flows),Equity capital excluding reinvested earnings,D1_2,Total,All / Total,CHF Millions,-68592.7
2019,FDI in Switzerland (Inward),Capital transactions (flows),Equity capital excluding reinvested earnings,D1_3,Total excluding special purpose entities,All / Total,CHF Millions,-60715.4
2019,FDI in Switzerland (Inward),Capital transactions (flows),Equity capital excluding reinvested earnings,H,Trade,Services,CHF Millions,-12205.5
2019,FDI in Switzerland (Inward),Capital transactions (flows),Equity capital excluding reinvested earnings,TUK,Transportation and communications,Services,CHF Millions,2658.3
2019,FDI in Switzerland (Inward),Capital transactions (flows),Equity capital excluding reinvested earnings,DSPE0,of which special purpose entities,Services,CHF Millions,-7877.4
2019,FDI in Switzerland (Inward),Capital transactions (flows),Equity capital excluding reinvested earnings,DSPE,of which special purpose entities,Services,CHF Millions,-7877.4
2019,FDI in Switzerland (Inward),Capital transactions (flows),Reinvested earnings,B,Banks,Services,CHF Millions,-462.4
2019,FDI in Switzerland (Inward),Capital transactions (flows),Reinvested earnings,CUK,Chemicals and plastics,Manufacturing,CHF Millions,7022.5
2019,FDI in Switzerland (Inward),Capital transactions (flows),Reinvested earnings,EEOU,"Electronics, energy, optical and watchmaking",Manufacturing,CHF Millions,2614.0
2019,FDI in Switzerland (Inward),Capital transactions (flows),Reinvested earnings,V,Insurance companies,Services,CHF Millions,1175.2
2019,FDI in Switzerland (Inward),Capital transactions (flows),Reinvested earnings,MUM,Metals and machinery,Manufacturing,CHF Millions,1067.9
2019,FDI in Switzerland (Inward),Capital transactions (flows),Reinvested earnings,UIB,Other manufacturing and construction,Manufacturing,CHF Millions,437.4
2019,FDI in Switzerland (Inward),Capital transactions (flows),Reinvested earnings,DU,Other services,Services,CHF Millions,318.5
2019,FDI in Switzerland (Inward),Capital transactions (flows),Reinvested earnings,T0,Total,Manufacturing,CHF Millions,11141.8
2019,FDI in Switzerland (Inward),Capital transactions (flows),Reinvested earnings,T1,Total,Services,CHF Millions,13840.4
2019,FDI in Switzerland (Inward),Capital transactions (flows),Reinvested earnings,T2,Total,Services,CHF Millions,6045.5
2019,FDI in Switzerland (Inward),Capital transactions (flows),Reinvested earnings,D1_2,Total,All / Total,CHF Millions,24982.2
2019,FDI in Switzerland (Inward),Capital transactions (flows),Reinvested earnings,D1_3,Total excluding special purpose entities,All / Total,CHF Millions,23470.4
2019,FDI in Switzerland (Inward),Capital transactions (flows),Reinvested earnings,H,Trade,Services,CHF Millions,7394.1
2019,FDI in Switzerland (Inward),Capital transactions (flows),Reinvested earnings,TUK,Transportation and communications,Services,CHF Millions,318.5
2019,FDI in Switzerland (Inward),Capital transactions (flows),Reinvested earnings,DSPE0,of which special purpose entities,Services,CHF Millions,1511.8
2019,FDI in Switzerland (Inward),Capital transactions (flows),Reinvested earnings,DSPE,of which special purpose entities,Services,CHF Millions,1597.4
2019,FDI in Switzerland (Inward),Capital transactions (flows),Total,B,Banks,Services,CHF Millions,23.2
2019,FDI in Switzerland (Inward),Capital transactions (flows),Total,CUK,Chemicals and plastics,Manufacturing,CHF Millions,3396.2
2019,FDI in Switzerland (Inward),Capital transactions (flows),Total,EEOU,"Electronics, energy, optical and watchmaking",Manufacturing,CHF Millions,358.2
2019,FDI in Switzerland (Inward),Capital transactions (flows),Total,V,Insurance companies,Services,CHF Millions,-1891.9
2019,FDI in Switzerland (Inward),Capital transactions (flows),Total,PMG,Memorandum item: Real estate activities,All / Total,CHF Millions,285.0
2019,FDI in Switzerland (Inward),Capital transactions (flows),Total,PMT,Memorandum item: Total including real estate activities,All / Total,CHF Millions,-95296.7
2019,FDI in Switzerland (Inward),Capital transactions (flows),Total,MUM,Metals and machinery,Manufacturing,CHF Millions,50.4
2019,FDI in Switzerland (Inward),Capital transactions (flows),Total,UIB,Other manufacturing and construction,Manufacturing,CHF Millions,3077.2
2019,FDI in Switzerland (Inward),Capital transactions (flows),Total,DU,Other services,Services,CHF Millions,-23608.0
2019,FDI in Switzerland (Inward),Capital transactions (flows),Total,T0,Total,Manufacturing,CHF Millions,6882.1
2019,FDI in Switzerland (Inward),Capital transactions (flows),Total,T1,Total,Services,CHF Millions,-102463.8
2019,FDI in Switzerland (Inward),Capital transactions (flows),Total,T2,Total,Services,CHF Millions,-73083.0
2019,FDI in Switzerland (Inward),Capital transactions (flows),Total,D1_2,Total,All / Total,CHF Millions,-95581.7
2019,FDI in Switzerland (Inward),Capital transactions (flows),Total,D1_3,Total excluding special purpose entities,All / Total,CHF Millions,-82231.0
2019,FDI in Switzerland (Inward),Capital transactions (flows),Total,H,Trade,Services,CHF Millions,-5046.2
2019,FDI in Switzerland (Inward),Capital transactions (flows),Total,TUK,Transportation and communications,Services,CHF Millions,1142.1
2019,FDI in Switzerland (Inward),Capital transactions (flows),Total,DSPE0,of which special purpose entities,Services,CHF Millions,-13350.7
2019,FDI in Switzerland (Inward),Capital transactions (flows),Total,DSPE,of which special purpose entities,Services,CHF Millions,-13203.4
2019,FDI in Switzerland (Inward),Investment income,Debt instruments: net interest,B,Banks,Services,CHF Millions,
2019,FDI in Switzerland (Inward),Investment income,Debt instruments: net interest,CUK,Chemicals and plastics,Manufacturing,CHF Millions,186.2
2019,FDI in Switzerland (Inward),Investment income,Debt instruments: net interest,EEOU,"Electronics, energy, optical and watchmaking",Manufacturing,CHF Millions,34.5
2019,FDI in Switzerland (Inward),Investment income,Debt instruments: net interest,V,Insurance companies,Services,CHF Millions,-11.3
2019,FDI in Switzerland (Inward),Investment income,Debt instruments: net interest,MUM,Metals and machinery,Manufacturing,CHF Millions,-0.5
2019,FDI in Switzerland (Inward),Investment income,Debt instruments: net interest,UIB,Other manufacturing and construction,Manufacturing,CHF Millions,6.1
2019,FDI in Switzerland (Inward),Investment income,Debt instruments: net interest,DU,Other services,Services,CHF Millions,32.5
2019,FDI in Switzerland (Inward),Investment income,Debt instruments: net interest,T0,Total,Manufacturing,CHF Millions,226.3
2019,FDI in Switzerland (Inward),Investment income,Debt instruments: net interest,T1,Total,Services,CHF Millions,1257.0
2019,FDI in Switzerland (Inward),Investment income,Debt instruments: net interest,T2,Total,Services,CHF Millions,-600.2
2019,FDI in Switzerland (Inward),Investment income,Debt instruments: net interest,D1_2,Total,All / Total,CHF Millions,1483.4
2019,FDI in Switzerland (Inward),Investment income,Debt instruments: net interest,D1_3,Total excluding special purpose entities,All / Total,CHF Millions,1328.6
2019,FDI in Switzerland (Inward),Investment income,Debt instruments: net interest,H,Trade,Services,CHF Millions,1605.3
2019,FDI in Switzerland (Inward),Investment income,Debt instruments: net interest,TUK,Transportation and communications,Services,CHF Millions,230.8
2019,FDI in Switzerland (Inward),Investment income,Debt instruments: net interest,DSPE0,of which special purpose entities,Services,CHF Millions,154.7
2019,FDI in Switzerland (Inward),Investment income,Debt instruments: net interest,DSPE,of which special purpose entities,Services,CHF Millions,145.5
2019,FDI in Switzerland (Inward),Investment income,Dividends,B,Banks,Services,CHF Millions,671.8
2019,FDI in Switzerland (Inward),Investment income,Dividends,CUK,Chemicals and plastics,Manufacturing,CHF Millions,6167.5
2019,FDI in Switzerland (Inward),Investment income,Dividends,EEOU,"Electronics, energy, optical and watchmaking",Manufacturing,CHF Millions,2471.7
2019,FDI in Switzerland (Inward),Investment income,Dividends,V,Insurance companies,Services,CHF Millions,3206.9
2019,FDI in Switzerland (Inward),Investment income,Dividends,MUM,Metals and machinery,Manufacturing,CHF Millions,997.2
2019,FDI in Switzerland (Inward),Investment income,Dividends,UIB,Other manufacturing and construction,Manufacturing,CHF Millions,578.2
2019,FDI in Switzerland (Inward),Investment income,Dividends,DU,Other services,Services,CHF Millions,7951.4
2019,FDI in Switzerland (Inward),Investment income,Dividends,T0,Total,Manufacturing,CHF Millions,10214.6
2019,FDI in Switzerland (Inward),Investment income,Dividends,T1,Total,Services,CHF Millions,72034.9
2019,FDI in Switzerland (Inward),Investment income,Dividends,T2,Total,Services,CHF Millions,40450.4
2019,FDI in Switzerland (Inward),Investment income,Dividends,D1_2,Total,All / Total,CHF Millions,82249.5
2019,FDI in Switzerland (Inward),Investment income,Dividends,D1_3,Total excluding special purpose entities,All / Total,CHF Millions,76752.4
2019,FDI in Switzerland (Inward),Investment income,Dividends,H,Trade,Services,CHF Millions,18779.3
2019,FDI in Switzerland (Inward),Investment income,Dividends,TUK,Transportation and communications,Services,CHF Millions,975.1
2019,FDI in Switzerland (Inward),Investment income,Dividends,DSPE0,of which special purpose entities,Services,CHF Millions,5497.1
2019,FDI in Switzerland (Inward),Investment income,Dividends,DSPE,of which special purpose entities,Services,CHF Millions,5317.1
2019,FDI in Switzerland (Inward),Investment income,Reinvested earnings,B,Banks,Services,CHF Millions,-462.4
2019,FDI in Switzerland (Inward),Investment income,Reinvested earnings,CUK,Chemicals and plastics,Manufacturing,CHF Millions,7022.5
2019,FDI in Switzerland (Inward),Investment income,Reinvested earnings,EEOU,"Electronics, energy, optical and watchmaking",Manufacturing,CHF Millions,2614.0
2019,FDI in Switzerland (Inward),Investment income,Reinvested earnings,V,Insurance companies,Services,CHF Millions,1175.2
2019,FDI in Switzerland (Inward),Investment income,Reinvested earnings,MUM,Metals and machinery,Manufacturing,CHF Millions,1067.9
2019,FDI in Switzerland (Inward),Investment income,Reinvested earnings,UIB,Other manufacturing and construction,Manufacturing,CHF Millions,437.4
2019,FDI in Switzerland (Inward),Investment income,Reinvested earnings,DU,Other services,Services,CHF Millions,-630.5
2019,FDI in Switzerland (Inward),Investment income,Reinvested earnings,T0,Total,Manufacturing,CHF Millions,11141.8
2019,FDI in Switzerland (Inward),Investment income,Reinvested earnings,T1,Total,Services,CHF Millions,13840.4
2019,FDI in Switzerland (Inward),Investment income,Reinvested earnings,T2,Total,Services,CHF Millions,6045.5
2019,FDI in Switzerland (Inward),Investment income,Reinvested earnings,D1_2,Total,All / Total,CHF Millions,24982.2
2019,FDI in Switzerland (Inward),Investment income,Reinvested earnings,D1_3,Total excluding special purpose entities,All / Total,CHF Millions,23470.4
2019,FDI in Switzerland (Inward),Investment income,Reinvested earnings,H,Trade,Services,CHF Millions,7394.1
2019,FDI in Switzerland (Inward),Investment income,Reinvested earnings,TUK,Transportation and communications,Services,CHF Millions,318.5
2019,FDI in Switzerland (Inward),Investment income,Reinvested earnings,DSPE0,of which special purpose entities,Services,CHF Millions,1511.8
2019,FDI in Switzerland (Inward),Investment income,Reinvested earnings,DSPE,of which special purpose entities,Services,CHF Millions,1597.4
2019,FDI in Switzerland (Inward),Investment income,Total,B,Banks,Services,CHF Millions,209.3
2019,FDI in Switzerland (Inward),Investment income,Total,CUK,Chemicals and plastics,Manufacturing,CHF Millions,13376.2
2019,FDI in Switzerland (Inward),Investment income,Total,EEOU,"Electronics, energy, optical and watchmaking",Manufacturing,CHF Millions,5120.2
2019,FDI in Switzerland (Inward),Investment income,Total,V,Insurance companies,Services,CHF Millions,4370.8
2019,FDI in Switzerland (Inward),Investment income,Total,MUM,Metals and machinery,Manufacturing,CHF Millions,2064.6
2019,FDI in Switzerland (Inward),Investment income,Total,UIB,Other manufacturing and construction,Manufacturing,CHF Millions,1021.7
2019,FDI in Switzerland (Inward),Investment income,Total,DU,Other services,Services,CHF Millions,7353.5
2019,FDI in Switzerland (Inward),Investment income,Total,T0,Total,Manufacturing,CHF Millions,21582.7
2019,FDI in Switzerland (Inward),Investment income,Total,T1,Total,Services,CHF Millions,87132.3
2019,FDI in Switzerland (Inward),Investment income,Total,T2,Total,Services,CHF Millions,45895.7
2019,FDI in Switzerland (Inward),Investment income,Total,D1_2,Total,All / Total,CHF Millions,108715.0
2019,FDI in Switzerland (Inward),Investment income,Total,D1_3,Total excluding special purpose entities,All / Total,CHF Millions,101551.4
2019,FDI in Switzerland (Inward),Investment income,Total,H,Trade,Services,CHF Millions,27778.7
2019,FDI in Switzerland (Inward),Investment income,Total,TUK,Transportation and communications,Services,CHF Millions,1524.4
2019,FDI in Switzerland (Inward),Investment income,Total,DSPE0,of which special purpose entities,Services,CHF Millions,7163.7
2019,FDI in Switzerland (Inward),Investment income,Total,DSPE,of which special purpose entities,Services,CHF Millions,7060.1
2019,Swiss FDI abroad (Outward),Capital stocks,Debt instruments,B,Banks,Services,CHF Millions,
2019,Swiss FDI abroad (Outward),Capital stocks,Debt instruments,CUK,Chemicals and plastics,Manufacturing,CHF Millions,35375.9
2019,Swiss FDI abroad (Outward),Capital stocks,Debt instruments,SB,Domestically controlled,Services,CHF Millions,24017.0
2019,Swiss FDI abroad (Outward),Capital stocks,Debt instruments,EEOU,"Electronics, energy, optical and watchmaking",Manufacturing,CHF Millions,-1151.0
2019,Swiss FDI abroad (Outward),Capital stocks,Debt instruments,V,Insurance companies,Services,CHF Millions,-15990.3
2019,Swiss FDI abroad (Outward),Capital stocks,Debt instruments,MUM,Metals and machinery,Manufacturing,CHF Millions,13478.2
2019,Swiss FDI abroad (Outward),Capital stocks,Debt instruments,UIB,Other manufacturing and construction,Manufacturing,CHF Millions,18564.8
2019,Swiss FDI abroad (Outward),Capital stocks,Debt instruments,DU,Other services,Services,CHF Millions,-14992.0
2019,Swiss FDI abroad (Outward),Capital stocks,Debt instruments,T0,Total,Manufacturing,CHF Millions,66268.0
2019,Swiss FDI abroad (Outward),Capital stocks,Debt instruments,T1,Total,Services,CHF Millions,25793.4
2019,Swiss FDI abroad (Outward),Capital stocks,Debt instruments,T2,Total,Services,CHF Millions,46884.1
2019,Swiss FDI abroad (Outward),Capital stocks,Debt instruments,T3,Total,Services,CHF Millions,22867.1
2019,Swiss FDI abroad (Outward),Capital stocks,Debt instruments,D1_2,Total,All / Total,CHF Millions,92061.4
2019,Swiss FDI abroad (Outward),Capital stocks,Debt instruments,D1_5,Total excluding foreign-controlled enterprises,All / Total,CHF Millions,81613.3
2019,Swiss FDI abroad (Outward),Capital stocks,Debt instruments,D1_3,Total excluding foreign-controlled finance and holding companies,All / Total,CHF Millions,69194.3
2019,Swiss FDI abroad (Outward),Capital stocks,Debt instruments,D1_4,Total excluding special purpose entities,All / Total,CHF Millions,88982.5
2019,Swiss FDI abroad (Outward),Capital stocks,Debt instruments,D1_6,Total foreign-controlled enterprises,All / Total,CHF Millions,10448.1
2019,Swiss FDI abroad (Outward),Capital stocks,Debt instruments,H,Trade,Services,CHF Millions,-17.9
2019,Swiss FDI abroad (Outward),Capital stocks,Debt instruments,TUK,Transportation and communications,Services,CHF Millions,9909.4
2019,Swiss FDI abroad (Outward),Capital stocks,Debt instruments,DSPE0,of which special purpose entities,Services,CHF Millions,3078.9
2019,Swiss FDI abroad (Outward),Capital stocks,Debt instruments,DSPE,of which special purpose entities,Services,CHF Millions,2949.0
2019,Swiss FDI abroad (Outward),Capital stocks,Equity capital,B,Banks,Services,CHF Millions,84204.3
2019,Swiss FDI abroad (Outward),Capital stocks,Equity capital,CUK,Chemicals and plastics,Manufacturing,CHF Millions,142532.8
2019,Swiss FDI abroad (Outward),Capital stocks,Equity capital,SB,Domestically controlled,Services,CHF Millions,80105.2
2019,Swiss FDI abroad (Outward),Capital stocks,Equity capital,EEOU,"Electronics, energy, optical and watchmaking",Manufacturing,CHF Millions,89898.1
2019,Swiss FDI abroad (Outward),Capital stocks,Equity capital,V,Insurance companies,Services,CHF Millions,118797.4
2019,Swiss FDI abroad (Outward),Capital stocks,Equity capital,PMG,Memorandum item: Real estate activities,All / Total,CHF Millions,6491.7
2019,Swiss FDI abroad (Outward),Capital stocks,Equity capital,PMT,Memorandum item: Total including real estate activities,All / Total,CHF Millions,1381803.9
2019,Swiss FDI abroad (Outward),Capital stocks,Equity capital,MUM,Metals and machinery,Manufacturing,CHF Millions,36885.2
2019,Swiss FDI abroad (Outward),Capital stocks,Equity capital,UIB,Other manufacturing and construction,Manufacturing,CHF Millions,133621.5
2019,Swiss FDI abroad (Outward),Capital stocks,Equity capital,DU,Other services,Services,CHF Millions,31751.9
2019,Swiss FDI abroad (Outward),Capital stocks,Equity capital,T0,Total,Manufacturing,CHF Millions,402937.6
2019,Swiss FDI abroad (Outward),Capital stocks,Equity capital,T1,Total,Services,CHF Millions,972374.6
2019,Swiss FDI abroad (Outward),Capital stocks,Equity capital,T2,Total,Services,CHF Millions,535945.0
2019,Swiss FDI abroad (Outward),Capital stocks,Equity capital,T3,Total,Services,CHF Millions,455839.8
2019,Swiss FDI abroad (Outward),Capital stocks,Equity capital,D1_2,Total,All / Total,CHF Millions,1375312.2
2019,Swiss FDI abroad (Outward),Capital stocks,Equity capital,D1_5,Total excluding foreign-controlled enterprises,All / Total,CHF Millions,638297.1
2019,Swiss FDI abroad (Outward),Capital stocks,Equity capital,D1_3,Total excluding foreign-controlled finance and holding companies,All / Total,CHF Millions,919472.4
2019,Swiss FDI abroad (Outward),Capital stocks,Equity capital,D1_4,Total excluding special purpose entities,All / Total,CHF Millions,1240287.1
2019,Swiss FDI abroad (Outward),Capital stocks,Equity capital,D1_6,Total foreign-controlled enterprises,All / Total,CHF Millions,737015.2
2019,Swiss FDI abroad (Outward),Capital stocks,Equity capital,H,Trade,Services,CHF Millions,174419.7
2019,Swiss FDI abroad (Outward),Capital stocks,Equity capital,TUK,Transportation and communications,Services,CHF Millions,27256.4
2019,Swiss FDI abroad (Outward),Capital stocks,Equity capital,DSPE0,of which special purpose entities,Services,CHF Millions,135025.1
2019,Swiss FDI abroad (Outward),Capital stocks,Equity capital,DSPE,of which special purpose entities,Services,CHF Millions,134423.5
2019,Swiss FDI abroad (Outward),Capital stocks,Total,B,Banks,Services,CHF Millions,84204.3
2019,Swiss FDI abroad (Outward),Capital stocks,Total,CUK,Chemicals and plastics,Manufacturing,CHF Millions,177908.7
2019,Swiss FDI abroad (Outward),Capital stocks,Total,SB,Domestically controlled,Services,CHF Millions,104122.2
2019,Swiss FDI abroad (Outward),Capital stocks,Total,EEOU,"Electronics, energy, optical and watchmaking",Manufacturing,CHF Millions,88747.1
2019,Swiss FDI abroad (Outward),Capital stocks,Total,V,Insurance companies,Services,CHF Millions,102807.1
2019,Swiss FDI abroad (Outward),Capital stocks,Total,PMG,Memorandum item: Real estate activities,All / Total,CHF Millions,6491.7
2019,Swiss FDI abroad (Outward),Capital stocks,Total,PMT,Memorandum item: Total including real estate activities,All / Total,CHF Millions,1473865.3
2019,Swiss FDI abroad (Outward),Capital stocks,Total,MUM,Metals and machinery,Manufacturing,CHF Millions,50363.4
2019,Swiss FDI abroad (Outward),Capital stocks,Total,UIB,Other manufacturing and construction,Manufacturing,CHF Millions,152186.3
2019,Swiss FDI abroad (Outward),Capital stocks,Total,DU,Other services,Services,CHF Millions,16759.9
2019,Swiss FDI abroad (Outward),Capital stocks,Total,T0,Total,Manufacturing,CHF Millions,469205.6
2019,Swiss FDI abroad (Outward),Capital stocks,Total,T1,Total,Services,CHF Millions,998168.0
2019,Swiss FDI abroad (Outward),Capital stocks,Total,T2,Total,Services,CHF Millions,582829.1
2019,Swiss FDI abroad (Outward),Capital stocks,Total,T3,Total,Services,CHF Millions,478707.0
2019,Swiss FDI abroad (Outward),Capital stocks,Total,D1_2,Total,All / Total,CHF Millions,1467373.6
2019,Swiss FDI abroad (Outward),Capital stocks,Total,D1_5,Total excluding foreign-controlled enterprises,All / Total,CHF Millions,719910.4
2019,Swiss FDI abroad (Outward),Capital stocks,Total,D1_3,Total excluding foreign-controlled finance and holding companies,All / Total,CHF Millions,988666.7
2019,Swiss FDI abroad (Outward),Capital stocks,Total,D1_4,Total excluding special purpose entities,All / Total,CHF Millions,1329269.6
2019,Swiss FDI abroad (Outward),Capital stocks,Total,D1_6,Total foreign-controlled enterprises,All / Total,CHF Millions,747463.2
2019,Swiss FDI abroad (Outward),Capital stocks,Total,H,Trade,Services,CHF Millions,174401.9
2019,Swiss FDI abroad (Outward),Capital stocks,Total,TUK,Transportation and communications,Services,CHF Millions,37165.8
2019,Swiss FDI abroad (Outward),Capital stocks,Total,DSPE0,of which special purpose entities,Services,CHF Millions,138104.0
2019,Swiss FDI abroad (Outward),Capital stocks,Total,DSPE,of which special purpose entities,Services,CHF Millions,137372.5
2019,Swiss FDI abroad (Outward),Capital transactions (flows),Debt instruments,B,Banks,Services,CHF Millions,
2019,Swiss FDI abroad (Outward),Capital transactions (flows),Debt instruments,CUK,Chemicals and plastics,Manufacturing,CHF Millions,1115.9
2019,Swiss FDI abroad (Outward),Capital transactions (flows),Debt instruments,SB,Domestically controlled,Services,CHF Millions,2788.3
2019,Swiss FDI abroad (Outward),Capital transactions (flows),Debt instruments,EEOU,"Electronics, energy, optical and watchmaking",Manufacturing,CHF Millions,-2482.8
2019,Swiss FDI abroad (Outward),Capital transactions (flows),Debt instruments,V,Insurance companies,Services,CHF Millions,-7525.2
2019,Swiss FDI abroad (Outward),Capital transactions (flows),Debt instruments,MUM,Metals and machinery,Manufacturing,CHF Millions,-1583.8
2019,Swiss FDI abroad (Outward),Capital transactions (flows),Debt instruments,UIB,Other manufacturing and construction,Manufacturing,CHF Millions,-5646.2
2019,Swiss FDI abroad (Outward),Capital transactions (flows),Debt instruments,DU,Other services,Services,CHF Millions,-16925.1
2019,Swiss FDI abroad (Outward),Capital transactions (flows),Debt instruments,T0,Total,Manufacturing,CHF Millions,-8596.9
2019,Swiss FDI abroad (Outward),Capital transactions (flows),Debt instruments,T1,Total,Services,CHF Millions,-50463.7
2019,Swiss FDI abroad (Outward),Capital transactions (flows),Debt instruments,T2,Total,Services,CHF Millions,2190.4
2019,Swiss FDI abroad (Outward),Capital transactions (flows),Debt instruments,T3,Total,Services,CHF Millions,-597.9
2019,Swiss FDI abroad (Outward),Capital transactions (flows),Debt instruments,D1_2,Total,All / Total,CHF Millions,-59060.6
2019,Swiss FDI abroad (Outward),Capital transactions (flows),Debt instruments,D1_5,Total excluding foreign-controlled enterprises,All / Total,CHF Millions,-11332.0
2019,Swiss FDI abroad (Outward),Capital transactions (flows),Debt instruments,D1_3,Total excluding foreign-controlled finance and holding companies,All / Total,CHF Millions,-58462.8
2019,Swiss FDI abroad (Outward),Capital transactions (flows),Debt instruments,D1_4,Total excluding special purpose entities,All / Total,CHF Millions,-60172.8
2019,Swiss FDI abroad (Outward),Capital transactions (flows),Debt instruments,D1_6,Total foreign-controlled enterprises,All / Total,CHF Millions,-47728.7
2019,Swiss FDI abroad (Outward),Capital transactions (flows),Debt instruments,H,Trade,Services,CHF Millions,-28934.7
2019,Swiss FDI abroad (Outward),Capital transactions (flows),Debt instruments,TUK,Transportation and communications,Services,CHF Millions,730.9
2019,Swiss FDI abroad (Outward),Capital transactions (flows),Debt instruments,DSPE0,of which special purpose entities,Services,CHF Millions,1112.2
2019,Swiss FDI abroad (Outward),Capital transactions (flows),Debt instruments,DSPE,of which special purpose entities,Services,CHF Millions,1135.4
2019,Swiss FDI abroad (Outward),Capital transactions (flows),Equity capital excluding reinvested earnings,B,Banks,Services,CHF Millions,8751.1
2019,Swiss FDI abroad (Outward),Capital transactions (flows),Equity capital excluding reinvested earnings,CUK,Chemicals and plastics,Manufacturing,CHF Millions,-8063.0
2019,Swiss FDI abroad (Outward),Capital transactions (flows),Equity capital excluding reinvested earnings,SB,Domestically controlled,Services,CHF Millions,-4286.7
2019,Swiss FDI abroad (Outward),Capital transactions (flows),Equity capital excluding reinvested earnings,EEOU,"Electronics, energy, optical and watchmaking",Manufacturing,CHF Millions,4324.0
2019,Swiss FDI abroad (Outward),Capital transactions (flows),Equity capital excluding reinvested earnings,V,Insurance companies,Services,CHF Millions,4357.5
2019,Swiss FDI abroad (Outward),Capital transactions (flows),Equity capital excluding reinvested earnings,PMG,Memorandum item: Real estate activities,All / Total,CHF Millions,1366.7
2019,Swiss FDI abroad (Outward),Capital transactions (flows),Equity capital excluding reinvested earnings,PMT,Memorandum item: Total including real estate activities,All / Total,CHF Millions,-13040.9
2019,Swiss FDI abroad (Outward),Capital transactions (flows),Equity capital excluding reinvested earnings,MUM,Metals and machinery,Manufacturing,CHF Millions,859.2
2019,Swiss FDI abroad (Outward),Capital transactions (flows),Equity capital excluding reinvested earnings,UIB,Other manufacturing and construction,Manufacturing,CHF Millions,20111.8
2019,Swiss FDI abroad (Outward),Capital transactions (flows),Equity capital excluding reinvested earnings,DU,Other services,Services,CHF Millions,762.4
2019,Swiss FDI abroad (Outward),Capital transactions (flows),Equity capital excluding reinvested earnings,T0,Total,Manufacturing,CHF Millions,17232.1
2019,Swiss FDI abroad (Outward),Capital transactions (flows),Equity capital excluding reinvested earnings,T1,Total,Services,CHF Millions,-31639.7
2019,Swiss FDI abroad (Outward),Capital transactions (flows),Equity capital excluding reinvested earnings,T2,Total,Services,CHF Millions,-39498.6
2019,Swiss FDI abroad (Outward),Capital transactions (flows),Equity capital excluding reinvested earnings,T3,Total,Services,CHF Millions,-35211.9
2019,Swiss FDI abroad (Outward),Capital transactions (flows),Equity capital excluding reinvested earnings,D1_2,Total,All / Total,CHF Millions,-14407.6
2019,Swiss FDI abroad (Outward),Capital transactions (flows),Equity capital excluding reinvested earnings,D1_5,Total excluding foreign-controlled enterprises,All / Total,CHF Millions,13847.4
2019,Swiss FDI abroad (Outward),Capital transactions (flows),Equity capital excluding reinvested earnings,D1_3,Total excluding foreign-controlled finance and holding companies,All / Total,CHF Millions,20804.3
2019,Swiss FDI abroad (Outward),Capital transactions (flows),Equity capital excluding reinvested earnings,D1_4,Total excluding special purpose entities,All / Total,CHF Millions,-4864.6
2019,Swiss FDI abroad (Outward),Capital transactions (flows),Equity capital excluding reinvested earnings,D1_6,Total foreign-controlled enterprises,All / Total,CHF Millions,-28255.1
2019,Swiss FDI abroad (Outward),Capital transactions (flows),Equity capital excluding reinvested earnings,H,Trade,Services,CHF Millions,-6589.0
2019,Swiss FDI abroad (Outward),Capital transactions (flows),Equity capital excluding reinvested earnings,TUK,Transportation and communications,Services,CHF Millions,576.9
2019,Swiss FDI abroad (Outward),Capital transactions (flows),Equity capital excluding reinvested earnings,DSPE0,of which special purpose entities,Services,CHF Millions,-9543.1
2019,Swiss FDI abroad (Outward),Capital transactions (flows),Equity capital excluding reinvested earnings,DSPE,of which special purpose entities,Services,CHF Millions,-9509.5
2019,Swiss FDI abroad (Outward),Capital transactions (flows),Reinvested earnings,B,Banks,Services,CHF Millions,-2582.5
2019,Swiss FDI abroad (Outward),Capital transactions (flows),Reinvested earnings,CUK,Chemicals and plastics,Manufacturing,CHF Millions,8206.9
2019,Swiss FDI abroad (Outward),Capital transactions (flows),Reinvested earnings,SB,Domestically controlled,Services,CHF Millions,-1828.3
2019,Swiss FDI abroad (Outward),Capital transactions (flows),Reinvested earnings,EEOU,"Electronics, energy, optical and watchmaking",Manufacturing,CHF Millions,-41.0
2019,Swiss FDI abroad (Outward),Capital transactions (flows),Reinvested earnings,V,Insurance companies,Services,CHF Millions,6404.4
2019,Swiss FDI abroad (Outward),Capital transactions (flows),Reinvested earnings,MUM,Metals and machinery,Manufacturing,CHF Millions,684.3
2019,Swiss FDI abroad (Outward),Capital transactions (flows),Reinvested earnings,UIB,Other manufacturing and construction,Manufacturing,CHF Millions,3837.2
2019,Swiss FDI abroad (Outward),Capital transactions (flows),Reinvested earnings,DU,Other services,Services,CHF Millions,-1340.6
2019,Swiss FDI abroad (Outward),Capital transactions (flows),Reinvested earnings,T0,Total,Manufacturing,CHF Millions,12687.4
2019,Swiss FDI abroad (Outward),Capital transactions (flows),Reinvested earnings,T1,Total,Services,CHF Millions,4064.7
2019,Swiss FDI abroad (Outward),Capital transactions (flows),Reinvested earnings,T2,Total,Services,CHF Millions,-508.1
2019,Swiss FDI abroad (Outward),Capital transactions (flows),Reinvested earnings,T3,Total,Services,CHF Millions,1320.2
2019,Swiss FDI abroad (Outward),Capital transactions (flows),Reinvested earnings,D1_2,Total,All / Total,CHF Millions,16752.1
2019,Swiss FDI abroad (Outward),Capital transactions (flows),Reinvested earnings,D1_5,Total excluding foreign-controlled enterprises,All / Total,CHF Millions,15344.9
2019,Swiss FDI abroad (Outward),Capital transactions (flows),Reinvested earnings,D1_3,Total excluding foreign-controlled finance and holding companies,All / Total,CHF Millions,15431.9
2019,Swiss FDI abroad (Outward),Capital transactions (flows),Reinvested earnings,D1_4,Total excluding special purpose entities,All / Total,CHF Millions,13968.9
2019,Swiss FDI abroad (Outward),Capital transactions (flows),Reinvested earnings,D1_6,Total foreign-controlled enterprises,All / Total,CHF Millions,1407.2
2019,Swiss FDI abroad (Outward),Capital transactions (flows),Reinvested earnings,H,Trade,Services,CHF Millions,1447.8
2019,Swiss FDI abroad (Outward),Capital transactions (flows),Reinvested earnings,TUK,Transportation and communications,Services,CHF Millions,643.6
2019,Swiss FDI abroad (Outward),Capital transactions (flows),Reinvested earnings,DSPE0,of which special purpose entities,Services,CHF Millions,2783.2
2019,Swiss FDI abroad (Outward),Capital transactions (flows),Reinvested earnings,DSPE,of which special purpose entities,Services,CHF Millions,2799.4
2019,Swiss FDI abroad (Outward),Capital transactions (flows),Total,B,Banks,Services,CHF Millions,6168.7
2019,Swiss FDI abroad (Outward),Capital transactions (flows),Total,CUK,Chemicals and plastics,Manufacturing,CHF Millions,1259.9
2019,Swiss FDI abroad (Outward),Capital transactions (flows),Total,SB,Domestically controlled,Services,CHF Millions,-3326.7
2019,Swiss FDI abroad (Outward),Capital transactions (flows),Total,EEOU,"Electronics, energy, optical and watchmaking",Manufacturing,CHF Millions,1800.2
2019,Swiss FDI abroad (Outward),Capital transactions (flows),Total,V,Insurance companies,Services,CHF Millions,3236.7
2019,Swiss FDI abroad (Outward),Capital transactions (flows),Total,PMG,Memorandum item: Real estate activities,All / Total,CHF Millions,1366.7
2019,Swiss FDI abroad (Outward),Capital transactions (flows),Total,PMT,Memorandum item: Total including real estate activities,All / Total,CHF Millions,-55349.5
2019,Swiss FDI abroad (Outward),Capital transactions (flows),Total,MUM,Metals and machinery,Manufacturing,CHF Millions,-40.3
2019,Swiss FDI abroad (Outward),Capital transactions (flows),Total,UIB,Other manufacturing and construction,Manufacturing,CHF Millions,18302.8
2019,Swiss FDI abroad (Outward),Capital transactions (flows),Total,DU,Other services,Services,CHF Millions,-17503.3
2019,Swiss FDI abroad (Outward),Capital transactions (flows),Total,T0,Total,Manufacturing,CHF Millions,21322.6
2019,Swiss FDI abroad (Outward),Capital transactions (flows),Total,T1,Total,Services,CHF Millions,-78038.7
2019,Swiss FDI abroad (Outward),Capital transactions (flows),Total,T2,Total,Services,CHF Millions,-37816.3
2019,Swiss FDI abroad (Outward),Capital transactions (flows),Total,T3,Total,Services,CHF Millions,-34489.6
2019,Swiss FDI abroad (Outward),Capital transactions (flows),Total,D1_2,Total,All / Total,CHF Millions,-56716.2
2019,Swiss FDI abroad (Outward),Capital transactions (flows),Total,D1_5,Total excluding foreign-controlled enterprises,All / Total,CHF Millions,17860.4
2019,Swiss FDI abroad (Outward),Capital transactions (flows),Total,D1_3,Total excluding foreign-controlled finance and holding companies,All / Total,CHF Millions,-22226.6
2019,Swiss FDI abroad (Outward),Capital transactions (flows),Total,D1_4,Total excluding special purpose entities,All / Total,CHF Millions,-51068.5
2019,Swiss FDI abroad (Outward),Capital transactions (flows),Total,D1_6,Total foreign-controlled enterprises,All / Total,CHF Millions,-74576.6
2019,Swiss FDI abroad (Outward),Capital transactions (flows),Total,H,Trade,Services,CHF Millions,-34076.0
2019,Swiss FDI abroad (Outward),Capital transactions (flows),Total,TUK,Transportation and communications,Services,CHF Millions,1951.4
2019,Swiss FDI abroad (Outward),Capital transactions (flows),Total,DSPE0,of which special purpose entities,Services,CHF Millions,-5647.7
2019,Swiss FDI abroad (Outward),Capital transactions (flows),Total,DSPE,of which special purpose entities,Services,CHF Millions,-5574.7
2019,Swiss FDI abroad (Outward),Investment income,Debt instruments: net interest,B,Banks,Services,CHF Millions,
2019,Swiss FDI abroad (Outward),Investment income,Debt instruments: net interest,CUK,Chemicals and plastics,Manufacturing,CHF Millions,1212.1
2019,Swiss FDI abroad (Outward),Investment income,Debt instruments: net interest,SB,Domestically controlled,Services,CHF Millions,620.7
2019,Swiss FDI abroad (Outward),Investment income,Debt instruments: net interest,EEOU,"Electronics, energy, optical and watchmaking",Manufacturing,CHF Millions,161.2
2019,Swiss FDI abroad (Outward),Investment income,Debt instruments: net interest,V,Insurance companies,Services,CHF Millions,524.6
2019,Swiss FDI abroad (Outward),Investment income,Debt instruments: net interest,MUM,Metals and machinery,Manufacturing,CHF Millions,310.8
2019,Swiss FDI abroad (Outward),Investment income,Debt instruments: net interest,UIB,Other manufacturing and construction,Manufacturing,CHF Millions,485.9
2019,Swiss FDI abroad (Outward),Investment income,Debt instruments: net interest,DU,Other services,Services,CHF Millions,197.0
2019,Swiss FDI abroad (Outward),Investment income,Debt instruments: net interest,T0,Total,Manufacturing,CHF Millions,2170.0
2019,Swiss FDI abroad (Outward),Investment income,Debt instruments: net interest,T1,Total,Services,CHF Millions,2760.3
2019,Swiss FDI abroad (Outward),Investment income,Debt instruments: net interest,T2,Total,Services,CHF Millions,1555.2
2019,Swiss FDI abroad (Outward),Investment income,Debt instruments: net interest,T3,Total,Services,CHF Millions,934.4
2019,Swiss FDI abroad (Outward),Investment income,Debt instruments: net interest,D1_2,Total,All / Total,CHF Millions,4930.4
2019,Swiss FDI abroad (Outward),Investment income,Debt instruments: net interest,D1_5,Total excluding foreign-controlled enterprises,All / Total,CHF Millions,3646.7
2019,Swiss FDI abroad (Outward),Investment income,Debt instruments: net interest,D1_3,Total excluding foreign-controlled finance and holding companies,All / Total,CHF Millions,3995.9
2019,Swiss FDI abroad (Outward),Investment income,Debt instruments: net interest,D1_4,Total excluding special purpose entities,All / Total,CHF Millions,4855.0
2019,Swiss FDI abroad (Outward),Investment income,Debt instruments: net interest,D1_6,Total foreign-controlled enterprises,All / Total,CHF Millions,1283.7
2019,Swiss FDI abroad (Outward),Investment income,Debt instruments: net interest,H,Trade,Services,CHF Millions,282.1
2019,Swiss FDI abroad (Outward),Investment income,Debt instruments: net interest,TUK,Transportation and communications,Services,CHF Millions,201.5
2019,Swiss FDI abroad (Outward),Investment income,Debt instruments: net interest,DSPE0,of which special purpose entities,Services,CHF Millions,75.4
2019,Swiss FDI abroad (Outward),Investment income,Debt instruments: net interest,DSPE,of which special purpose entities,Services,CHF Millions,65.9
2019,Swiss FDI abroad (Outward),Investment income,Dividends,B,Banks,Services,CHF Millions,4221.0
2019,Swiss FDI abroad (Outward),Investment income,Dividends,CUK,Chemicals and plastics,Manufacturing,CHF Millions,8939.5
2019,Swiss FDI abroad (Outward),Investment income,Dividends,SB,Domestically controlled,Services,CHF Millions,5493.0
2019,Swiss FDI abroad (Outward),Investment income,Dividends,EEOU,"Electronics, energy, optical and watchmaking",Manufacturing,CHF Millions,6016.6
2019,Swiss FDI abroad (Outward),Investment income,Dividends,V,Insurance companies,Services,CHF Millions,4838.9
2019,Swiss FDI abroad (Outward),Investment income,Dividends,MUM,Metals and machinery,Manufacturing,CHF Millions,2317.8
2019,Swiss FDI abroad (Outward),Investment income,Dividends,UIB,Other manufacturing and construction,Manufacturing,CHF Millions,9783.3
2019,Swiss FDI abroad (Outward),Investment income,Dividends,DU,Other services,Services,CHF Millions,2564.9
2019,Swiss FDI abroad (Outward),Investment income,Dividends,T0,Total,Manufacturing,CHF Millions,27057.3
2019,Swiss FDI abroad (Outward),Investment income,Dividends,T1,Total,Services,CHF Millions,48847.6
2019,Swiss FDI abroad (Outward),Investment income,Dividends,T2,Total,Services,CHF Millions,28618.2
2019,Swiss FDI abroad (Outward),Investment income,Dividends,T3,Total,Services,CHF Millions,23125.2
2019,Swiss FDI abroad (Outward),Investment income,Dividends,D1_2,Total,All / Total,CHF Millions,75904.8
2019,Swiss FDI abroad (Outward),Investment income,Dividends,D1_5,Total excluding foreign-controlled enterprises,All / Total,CHF Millions,41032.9
2019,Swiss FDI abroad (Outward),Investment income,Dividends,D1_3,Total excluding foreign-controlled finance and holding companies,All / Total,CHF Millions,52779.6
2019,Swiss FDI abroad (Outward),Investment income,Dividends,D1_4,Total excluding special purpose entities,All / Total,CHF Millions,71345.7
2019,Swiss FDI abroad (Outward),Investment income,Dividends,D1_6,Total foreign-controlled enterprises,All / Total,CHF Millions,34871.9
2019,Swiss FDI abroad (Outward),Investment income,Dividends,H,Trade,Services,CHF Millions,8102.2
2019,Swiss FDI abroad (Outward),Investment income,Dividends,TUK,Transportation and communications,Services,CHF Millions,502.4
2019,Swiss FDI abroad (Outward),Investment income,Dividends,DSPE0,of which special purpose entities,Services,CHF Millions,4559.1
2019,Swiss FDI abroad (Outward),Investment income,Dividends,DSPE,of which special purpose entities,Services,CHF Millions,4511.0
2019,Swiss FDI abroad (Outward),Investment income,Reinvested earnings,B,Banks,Services,CHF Millions,-2582.5
2019,Swiss FDI abroad (Outward),Investment income,Reinvested earnings,CUK,Chemicals and plastics,Manufacturing,CHF Millions,8206.9
2019,Swiss FDI abroad (Outward),Investment income,Reinvested earnings,SB,Domestically controlled,Services,CHF Millions,-1828.3
2019,Swiss FDI abroad (Outward),Investment income,Reinvested earnings,EEOU,"Electronics, energy, optical and watchmaking",Manufacturing,CHF Millions,-41.0
2019,Swiss FDI abroad (Outward),Investment income,Reinvested earnings,V,Insurance companies,Services,CHF Millions,6404.4
2019,Swiss FDI abroad (Outward),Investment income,Reinvested earnings,MUM,Metals and machinery,Manufacturing,CHF Millions,684.3
2019,Swiss FDI abroad (Outward),Investment income,Reinvested earnings,UIB,Other manufacturing and construction,Manufacturing,CHF Millions,3837.2
2019,Swiss FDI abroad (Outward),Investment income,Reinvested earnings,DU,Other services,Services,CHF Millions,-1340.6
2019,Swiss FDI abroad (Outward),Investment income,Reinvested earnings,T0,Total,Manufacturing,CHF Millions,12687.4
2019,Swiss FDI abroad (Outward),Investment income,Reinvested earnings,T1,Total,Services,CHF Millions,4064.7
2019,Swiss FDI abroad (Outward),Investment income,Reinvested earnings,T2,Total,Services,CHF Millions,-508.1
2019,Swiss FDI abroad (Outward),Investment income,Reinvested earnings,T3,Total,Services,CHF Millions,1320.2
2019,Swiss FDI abroad (Outward),Investment income,Reinvested earnings,D1_2,Total,All / Total,CHF Millions,16752.1
2019,Swiss FDI abroad (Outward),Investment income,Reinvested earnings,D1_5,Total excluding foreign-controlled enterprises,All / Total,CHF Millions,15344.9
2019,Swiss FDI abroad (Outward),Investment income,Reinvested earnings,D1_3,Total excluding foreign-controlled finance and holding companies,All / Total,CHF Millions,15431.9
2019,Swiss FDI abroad (Outward),Investment income,Reinvested earnings,D1_4,Total excluding special purpose entities,All / Total,CHF Millions,13968.9
2019,Swiss FDI abroad (Outward),Investment income,Reinvested earnings,D1_6,Total foreign-controlled enterprises,All / Total,CHF Millions,1407.2
2019,Swiss FDI abroad (Outward),Investment income,Reinvested earnings,H,Trade,Services,CHF Millions,1447.8
2019,Swiss FDI abroad (Outward),Investment income,Reinvested earnings,TUK,Transportation and communications,Services,CHF Millions,643.6
2019,Swiss FDI abroad (Outward),Investment income,Reinvested earnings,DSPE0,of which special purpose entities,Services,CHF Millions,2783.2
2019,Swiss FDI abroad (Outward),Investment income,Reinvested earnings,DSPE,of which special purpose entities,Services,CHF Millions,2799.4
2019,Swiss FDI abroad (Outward),Investment income,Total,B,Banks,Services,CHF Millions,1638.6
2019,Swiss FDI abroad (Outward),Investment income,Total,CUK,Chemicals and plastics,Manufacturing,CHF Millions,18358.6
2019,Swiss FDI abroad (Outward),Investment income,Total,SB,Domestically controlled,Services,CHF Millions,4285.4
2019,Swiss FDI abroad (Outward),Investment income,Total,EEOU,"Electronics, energy, optical and watchmaking",Manufacturing,CHF Millions,6136.8
2019,Swiss FDI abroad (Outward),Investment income,Total,V,Insurance companies,Services,CHF Millions,11767.9
2019,Swiss FDI abroad (Outward),Investment income,Total,MUM,Metals and machinery,Manufacturing,CHF Millions,3313.0
2019,Swiss FDI abroad (Outward),Investment income,Total,UIB,Other manufacturing and construction,Manufacturing,CHF Millions,14106.3
2019,Swiss FDI abroad (Outward),Investment income,Total,DU,Other services,Services,CHF Millions,1421.3
2019,Swiss FDI abroad (Outward),Investment income,Total,T0,Total,Manufacturing,CHF Millions,41914.7
2019,Swiss FDI abroad (Outward),Investment income,Total,T1,Total,Services,CHF Millions,55672.6
2019,Swiss FDI abroad (Outward),Investment income,Total,T2,Total,Services,CHF Millions,29665.3
2019,Swiss FDI abroad (Outward),Investment income,Total,T3,Total,Services,CHF Millions,25379.9
2019,Swiss FDI abroad (Outward),Investment income,Total,D1_2,Total,All / Total,CHF Millions,97587.3
2019,Swiss FDI abroad (Outward),Investment income,Total,D1_5,Total excluding foreign-controlled enterprises,All / Total,CHF Millions,60024.5
2019,Swiss FDI abroad (Outward),Investment income,Total,D1_3,Total excluding foreign-controlled finance and holding companies,All / Total,CHF Millions,72207.4
2019,Swiss FDI abroad (Outward),Investment income,Total,D1_4,Total excluding special purpose entities,All / Total,CHF Millions,90169.6
2019,Swiss FDI abroad (Outward),Investment income,Total,D1_6,Total foreign-controlled enterprises,All / Total,CHF Millions,37562.8
2019,Swiss FDI abroad (Outward),Investment income,Total,H,Trade,Services,CHF Millions,9832.0
2019,Swiss FDI abroad (Outward),Investment income,Total,TUK,Transportation and communications,Services,CHF Millions,1347.4
2019,Swiss FDI abroad (Outward),Investment income,Total,DSPE0,of which special purpose entities,Services,CHF Millions,7417.7
2019,Swiss FDI abroad (Outward),Investment income,Total,DSPE,of which special purpose entities,Services,CHF Millions,7376.3
2020,FDI in Switzerland (Inward),Capital stocks,Debt instruments,B,Banks,Services,CHF Millions,
2020,FDI in Switzerland (Inward),Capital stocks,Debt instruments,CUK,Chemicals and plastics,Manufacturing,CHF Millions,10098.8
2020,FDI in Switzerland (Inward),Capital stocks,Debt instruments,EEOU,"Electronics, energy, optical and watchmaking",Manufacturing,CHF Millions,3778.6
2020,FDI in Switzerland (Inward),Capital stocks,Debt instruments,V,Insurance companies,Services,CHF Millions,-12834.8
2020,FDI in Switzerland (Inward),Capital stocks,Debt instruments,MUM,Metals and machinery,Manufacturing,CHF Millions,1070.7
2020,FDI in Switzerland (Inward),Capital stocks,Debt instruments,UIB,Other manufacturing and construction,Manufacturing,CHF Millions,-338.9
2020,FDI in Switzerland (Inward),Capital stocks,Debt instruments,DU,Other services,Services,CHF Millions,-6684.7
2020,FDI in Switzerland (Inward),Capital stocks,Debt instruments,T0,Total,Manufacturing,CHF Millions,14609.2
2020,FDI in Switzerland (Inward),Capital stocks,Debt instruments,T1,Total,Services,CHF Millions,43307.0
2020,FDI in Switzerland (Inward),Capital stocks,Debt instruments,T2,Total,Services,CHF Millions,17174.7
2020,FDI in Switzerland (Inward),Capital stocks,Debt instruments,D1_2,Total,All / Total,CHF Millions,57916.2
2020,FDI in Switzerland (Inward),Capital stocks,Debt instruments,D1_3,Total excluding special purpose entities,All / Total,CHF Millions,54192.0
2020,FDI in Switzerland (Inward),Capital stocks,Debt instruments,H,Trade,Services,CHF Millions,36388.0
2020,FDI in Switzerland (Inward),Capital stocks,Debt instruments,TUK,Transportation and communications,Services,CHF Millions,9263.9
2020,FDI in Switzerland (Inward),Capital stocks,Debt instruments,DSPE0,of which special purpose entities,Services,CHF Millions,3724.2
2020,FDI in Switzerland (Inward),Capital stocks,Debt instruments,DSPE,of which special purpose entities,Services,CHF Millions,3616.7
2020,FDI in Switzerland (Inward),Capital stocks,Equity capital,B,Banks,Services,CHF Millions,22571.7
2020,FDI in Switzerland (Inward),Capital stocks,Equity capital,CUK,Chemicals and plastics,Manufacturing,CHF Millions,68731.8
2020,FDI in Switzerland (Inward),Capital stocks,Equity capital,EEOU,"Electronics, energy, optical and watchmaking",Manufacturing,CHF Millions,49312.0
2020,FDI in Switzerland (Inward),Capital stocks,Equity capital,V,Insurance companies,Services,CHF Millions,30893.3
2020,FDI in Switzerland (Inward),Capital stocks,Equity capital,PMG,Memorandum item: Real estate activities,All / Total,CHF Millions,38344.3
2020,FDI in Switzerland (Inward),Capital stocks,Equity capital,PMT,Memorandum item: Total including real estate activities,All / Total,CHF Millions,1219952.8
2020,FDI in Switzerland (Inward),Capital stocks,Equity capital,MUM,Metals and machinery,Manufacturing,CHF Millions,18678.1
2020,FDI in Switzerland (Inward),Capital stocks,Equity capital,UIB,Other manufacturing and construction,Manufacturing,CHF Millions,18505.7
2020,FDI in Switzerland (Inward),Capital stocks,Equity capital,DU,Other services,Services,CHF Millions,61567.0
2020,FDI in Switzerland (Inward),Capital stocks,Equity capital,T0,Total,Manufacturing,CHF Millions,155227.5
2020,FDI in Switzerland (Inward),Capital stocks,Equity capital,T1,Total,Services,CHF Millions,1026381.1
2020,FDI in Switzerland (Inward),Capital stocks,Equity capital,T2,Total,Services,CHF Millions,679124.5
2020,FDI in Switzerland (Inward),Capital stocks,Equity capital,D1_2,Total,All / Total,CHF Millions,1181608.6
2020,FDI in Switzerland (Inward),Capital stocks,Equity capital,D1_3,Total excluding special purpose entities,All / Total,CHF Millions,951177.3
2020,FDI in Switzerland (Inward),Capital stocks,Equity capital,H,Trade,Services,CHF Millions,219903.5
2020,FDI in Switzerland (Inward),Capital stocks,Equity capital,TUK,Transportation and communications,Services,CHF Millions,12321.0
2020,FDI in Switzerland (Inward),Capital stocks,Equity capital,DSPE0,of which special purpose entities,Services,CHF Millions,230431.3
2020,FDI in Switzerland (Inward),Capital stocks,Equity capital,DSPE,of which special purpose entities,Services,CHF Millions,229201.5
2020,FDI in Switzerland (Inward),Capital stocks,Total,B,Banks,Services,CHF Millions,22571.7
2020,FDI in Switzerland (Inward),Capital stocks,Total,CUK,Chemicals and plastics,Manufacturing,CHF Millions,78830.6
2020,FDI in Switzerland (Inward),Capital stocks,Total,EEOU,"Electronics, energy, optical and watchmaking",Manufacturing,CHF Millions,53090.5
2020,FDI in Switzerland (Inward),Capital stocks,Total,V,Insurance companies,Services,CHF Millions,18058.5
2020,FDI in Switzerland (Inward),Capital stocks,Total,PMG,Memorandum item: Real estate activities,All / Total,CHF Millions,38344.3
2020,FDI in Switzerland (Inward),Capital stocks,Total,PMT,Memorandum item: Total including real estate activities,All / Total,CHF Millions,1277869.0
2020,FDI in Switzerland (Inward),Capital stocks,Total,MUM,Metals and machinery,Manufacturing,CHF Millions,19748.8
2020,FDI in Switzerland (Inward),Capital stocks,Total,UIB,Other manufacturing and construction,Manufacturing,CHF Millions,18166.7
2020,FDI in Switzerland (Inward),Capital stocks,Total,DU,Other services,Services,CHF Millions,54882.3
2020,FDI in Switzerland (Inward),Capital stocks,Total,T0,Total,Manufacturing,CHF Millions,169836.6
2020,FDI in Switzerland (Inward),Capital stocks,Total,T1,Total,Services,CHF Millions,1069688.1
2020,FDI in Switzerland (Inward),Capital stocks,Total,T2,Total,Services,CHF Millions,696299.2
2020,FDI in Switzerland (Inward),Capital stocks,Total,D1_2,Total,All / Total,CHF Millions,1239524.8
2020,FDI in Switzerland (Inward),Capital stocks,Total,D1_3,Total excluding special purpose entities,All / Total,CHF Millions,1005369.3
2020,FDI in Switzerland (Inward),Capital stocks,Total,H,Trade,Services,CHF Millions,256291.5
2020,FDI in Switzerland (Inward),Capital stocks,Total,TUK,Transportation and communications,Services,CHF Millions,21584.9
2020,FDI in Switzerland (Inward),Capital stocks,Total,DSPE0,of which special purpose entities,Services,CHF Millions,234155.5
2020,FDI in Switzerland (Inward),Capital stocks,Total,DSPE,of which special purpose entities,Services,CHF Millions,232818.2
2020,FDI in Switzerland (Inward),Capital transactions (flows),Debt instruments,B,Banks,Services,CHF Millions,
2020,FDI in Switzerland (Inward),Capital transactions (flows),Debt instruments,CUK,Chemicals and plastics,Manufacturing,CHF Millions,1115.1
2020,FDI in Switzerland (Inward),Capital transactions (flows),Debt instruments,EEOU,"Electronics, energy, optical and watchmaking",Manufacturing,CHF Millions,747.2
2020,FDI in Switzerland (Inward),Capital transactions (flows),Debt instruments,V,Insurance companies,Services,CHF Millions,490.5
2020,FDI in Switzerland (Inward),Capital transactions (flows),Debt instruments,MUM,Metals and machinery,Manufacturing,CHF Millions,447.0
2020,FDI in Switzerland (Inward),Capital transactions (flows),Debt instruments,UIB,Other manufacturing and construction,Manufacturing,CHF Millions,-3557.1
2020,FDI in Switzerland (Inward),Capital transactions (flows),Debt instruments,DU,Other services,Services,CHF Millions,13027.5
2020,FDI in Switzerland (Inward),Capital transactions (flows),Debt instruments,T0,Total,Manufacturing,CHF Millions,-1247.7
2020,FDI in Switzerland (Inward),Capital transactions (flows),Debt instruments,T1,Total,Services,CHF Millions,52573.2
2020,FDI in Switzerland (Inward),Capital transactions (flows),Debt instruments,T2,Total,Services,CHF Millions,42526.5
2020,FDI in Switzerland (Inward),Capital transactions (flows),Debt instruments,D1_2,Total,All / Total,CHF Millions,51325.4
2020,FDI in Switzerland (Inward),Capital transactions (flows),Debt instruments,D1_3,Total excluding special purpose entities,All / Total,CHF Millions,69839.1
2020,FDI in Switzerland (Inward),Capital transactions (flows),Debt instruments,H,Trade,Services,CHF Millions,-10428.5
2020,FDI in Switzerland (Inward),Capital transactions (flows),Debt instruments,TUK,Transportation and communications,Services,CHF Millions,6957.2
2020,FDI in Switzerland (Inward),Capital transactions (flows),Debt instruments,DSPE0,of which special purpose entities,Services,CHF Millions,-18513.7
2020,FDI in Switzerland (Inward),Capital transactions (flows),Debt instruments,DSPE,of which special purpose entities,Services,CHF Millions,-18488.0
2020,FDI in Switzerland (Inward),Capital transactions (flows),Equity capital excluding reinvested earnings,B,Banks,Services,CHF Millions,68.3
2020,FDI in Switzerland (Inward),Capital transactions (flows),Equity capital excluding reinvested earnings,CUK,Chemicals and plastics,Manufacturing,CHF Millions,-3370
2020,FDI in Switzerland (Inward),Capital transactions (flows),Equity capital excluding reinvested earnings,EEOU,"Electronics, energy, optical and watchmaking",Manufacturing,CHF Millions,-8761.5
2020,FDI in Switzerland (Inward),Capital transactions (flows),Equity capital excluding reinvested earnings,V,Insurance companies,Services,CHF Millions,187.4
2020,FDI in Switzerland (Inward),Capital transactions (flows),Equity capital excluding reinvested earnings,PMG,Memorandum item: Real estate activities,All / Total,CHF Millions,191.3
2020,FDI in Switzerland (Inward),Capital transactions (flows),Equity capital excluding reinvested earnings,PMT,Memorandum item: Total including real estate activities,All / Total,CHF Millions,-206520.0
2020,FDI in Switzerland (Inward),Capital transactions (flows),Equity capital excluding reinvested earnings,MUM,Metals and machinery,Manufacturing,CHF Millions,2253.4
2020,FDI in Switzerland (Inward),Capital transactions (flows),Equity capital excluding reinvested earnings,UIB,Other manufacturing and construction,Manufacturing,CHF Millions,14708.1
2020,FDI in Switzerland (Inward),Capital transactions (flows),Equity capital excluding reinvested earnings,DU,Other services,Services,CHF Millions,-15824.7
2020,FDI in Switzerland (Inward),Capital transactions (flows),Equity capital excluding reinvested earnings,T0,Total,Manufacturing,CHF Millions,4830.1
2020,FDI in Switzerland (Inward),Capital transactions (flows),Equity capital excluding reinvested earnings,T1,Total,Services,CHF Millions,-211541.3
2020,FDI in Switzerland (Inward),Capital transactions (flows),Equity capital excluding reinvested earnings,T2,Total,Services,CHF Millions,-192886.9
2020,FDI in Switzerland (Inward),Capital transactions (flows),Equity capital excluding reinvested earnings,D1_2,Total,All / Total,CHF Millions,-206711.3
2020,FDI in Switzerland (Inward),Capital transactions (flows),Equity capital excluding reinvested earnings,D1_3,Total excluding special purpose entities,All / Total,CHF Millions,-122432.9
2020,FDI in Switzerland (Inward),Capital transactions (flows),Equity capital excluding reinvested earnings,H,Trade,Services,CHF Millions,269.9
2020,FDI in Switzerland (Inward),Capital transactions (flows),Equity capital excluding reinvested earnings,TUK,Transportation and communications,Services,CHF Millions,-3355.3
2020,FDI in Switzerland (Inward),Capital transactions (flows),Equity capital excluding reinvested earnings,DSPE0,of which special purpose entities,Services,CHF Millions,-84278.4
2020,FDI in Switzerland (Inward),Capital transactions (flows),Equity capital excluding reinvested earnings,DSPE,of which special purpose entities,Services,CHF Millions,-84395.4
2020,FDI in Switzerland (Inward),Capital transactions (flows),Reinvested earnings,B,Banks,Services,CHF Millions,-469.5
2020,FDI in Switzerland (Inward),Capital transactions (flows),Reinvested earnings,CUK,Chemicals and plastics,Manufacturing,CHF Millions,1243.4
2020,FDI in Switzerland (Inward),Capital transactions (flows),Reinvested earnings,EEOU,"Electronics, energy, optical and watchmaking",Manufacturing,CHF Millions,830.3
2020,FDI in Switzerland (Inward),Capital transactions (flows),Reinvested earnings,V,Insurance companies,Services,CHF Millions,62.1
2020,FDI in Switzerland (Inward),Capital transactions (flows),Reinvested earnings,MUM,Metals and machinery,Manufacturing,CHF Millions,-175.5
2020,FDI in Switzerland (Inward),Capital transactions (flows),Reinvested earnings,UIB,Other manufacturing and construction,Manufacturing,CHF Millions,564.3
2020,FDI in Switzerland (Inward),Capital transactions (flows),Reinvested earnings,DU,Other services,Services,CHF Millions,-560.3
2020,FDI in Switzerland (Inward),Capital transactions (flows),Reinvested earnings,T0,Total,Manufacturing,CHF Millions,2462.5
2020,FDI in Switzerland (Inward),Capital transactions (flows),Reinvested earnings,T1,Total,Services,CHF Millions,5471.5
2020,FDI in Switzerland (Inward),Capital transactions (flows),Reinvested earnings,T2,Total,Services,CHF Millions,-3475.5
2020,FDI in Switzerland (Inward),Capital transactions (flows),Reinvested earnings,D1_2,Total,All / Total,CHF Millions,7934.1
2020,FDI in Switzerland (Inward),Capital transactions (flows),Reinvested earnings,D1_3,Total excluding special purpose entities,All / Total,CHF Millions,11563.4
2020,FDI in Switzerland (Inward),Capital transactions (flows),Reinvested earnings,H,Trade,Services,CHF Millions,4044.2
2020,FDI in Switzerland (Inward),Capital transactions (flows),Reinvested earnings,TUK,Transportation and communications,Services,CHF Millions,-560.3
2020,FDI in Switzerland (Inward),Capital transactions (flows),Reinvested earnings,DSPE0,of which special purpose entities,Services,CHF Millions,-3629.3
2020,FDI in Switzerland (Inward),Capital transactions (flows),Reinvested earnings,DSPE,of which special purpose entities,Services,CHF Millions,-3367.2
2020,FDI in Switzerland (Inward),Capital transactions (flows),Total,B,Banks,Services,CHF Millions,-401.2
2020,FDI in Switzerland (Inward),Capital transactions (flows),Total,CUK,Chemicals and plastics,Manufacturing,CHF Millions,-1011.5
2020,FDI in Switzerland (Inward),Capital transactions (flows),Total,EEOU,"Electronics, energy, optical and watchmaking",Manufacturing,CHF Millions,-7183.9
2020,FDI in Switzerland (Inward),Capital transactions (flows),Total,V,Insurance companies,Services,CHF Millions,739.9
2020,FDI in Switzerland (Inward),Capital transactions (flows),Total,PMG,Memorandum item: Real estate activities,All / Total,CHF Millions,191.3
2020,FDI in Switzerland (Inward),Capital transactions (flows),Total,PMT,Memorandum item: Total including real estate activities,All / Total,CHF Millions,-147260.5
2020,FDI in Switzerland (Inward),Capital transactions (flows),Total,MUM,Metals and machinery,Manufacturing,CHF Millions,2524.9
2020,FDI in Switzerland (Inward),Capital transactions (flows),Total,UIB,Other manufacturing and construction,Manufacturing,CHF Millions,11715.3
2020,FDI in Switzerland (Inward),Capital transactions (flows),Total,DU,Other services,Services,CHF Millions,3073.4
2020,FDI in Switzerland (Inward),Capital transactions (flows),Total,T0,Total,Manufacturing,CHF Millions,6044.9
2020,FDI in Switzerland (Inward),Capital transactions (flows),Total,T1,Total,Services,CHF Millions,-153496.6
2020,FDI in Switzerland (Inward),Capital transactions (flows),Total,T2,Total,Services,CHF Millions,-153835.9
2020,FDI in Switzerland (Inward),Capital transactions (flows),Total,D1_2,Total,All / Total,CHF Millions,-147451.8
2020,FDI in Switzerland (Inward),Capital transactions (flows),Total,D1_3,Total excluding special purpose entities,All / Total,CHF Millions,-41030.4
2020,FDI in Switzerland (Inward),Capital transactions (flows),Total,H,Trade,Services,CHF Millions,-6114.4
2020,FDI in Switzerland (Inward),Capital transactions (flows),Total,TUK,Transportation and communications,Services,CHF Millions,3041.6
2020,FDI in Switzerland (Inward),Capital transactions (flows),Total,DSPE0,of which special purpose entities,Services,CHF Millions,-106421.3
2020,FDI in Switzerland (Inward),Capital transactions (flows),Total,DSPE,of which special purpose entities,Services,CHF Millions,-106250.6
2020,FDI in Switzerland (Inward),Investment income,Debt instruments: net interest,B,Banks,Services,CHF Millions,
2020,FDI in Switzerland (Inward),Investment income,Debt instruments: net interest,CUK,Chemicals and plastics,Manufacturing,CHF Millions,129.4
2020,FDI in Switzerland (Inward),Investment income,Debt instruments: net interest,EEOU,"Electronics, energy, optical and watchmaking",Manufacturing,CHF Millions,11.1
2020,FDI in Switzerland (Inward),Investment income,Debt instruments: net interest,V,Insurance companies,Services,CHF Millions,-187.3
2020,FDI in Switzerland (Inward),Investment income,Debt instruments: net interest,MUM,Metals and machinery,Manufacturing,CHF Millions,2.3
2020,FDI in Switzerland (Inward),Investment income,Debt instruments: net interest,UIB,Other manufacturing and construction,Manufacturing,CHF Millions,-16.2
2020,FDI in Switzerland (Inward),Investment income,Debt instruments: net interest,DU,Other services,Services,CHF Millions,15.3
2020,FDI in Switzerland (Inward),Investment income,Debt instruments: net interest,T0,Total,Manufacturing,CHF Millions,126.5
2020,FDI in Switzerland (Inward),Investment income,Debt instruments: net interest,T1,Total,Services,CHF Millions,770.6
2020,FDI in Switzerland (Inward),Investment income,Debt instruments: net interest,T2,Total,Services,CHF Millions,217.7
2020,FDI in Switzerland (Inward),Investment income,Debt instruments: net interest,D1_2,Total,All / Total,CHF Millions,897.1
2020,FDI in Switzerland (Inward),Investment income,Debt instruments: net interest,D1_3,Total excluding special purpose entities,All / Total,CHF Millions,510.2
2020,FDI in Switzerland (Inward),Investment income,Debt instruments: net interest,H,Trade,Services,CHF Millions,404.6
2020,FDI in Switzerland (Inward),Investment income,Debt instruments: net interest,TUK,Transportation and communications,Services,CHF Millions,320.4
2020,FDI in Switzerland (Inward),Investment income,Debt instruments: net interest,DSPE0,of which special purpose entities,Services,CHF Millions,386.9
2020,FDI in Switzerland (Inward),Investment income,Debt instruments: net interest,DSPE,of which special purpose entities,Services,CHF Millions,382.7
2020,FDI in Switzerland (Inward),Investment income,Dividends,B,Banks,Services,CHF Millions,867.9
2020,FDI in Switzerland (Inward),Investment income,Dividends,CUK,Chemicals and plastics,Manufacturing,CHF Millions,10143.6
2020,FDI in Switzerland (Inward),Investment income,Dividends,EEOU,"Electronics, energy, optical and watchmaking",Manufacturing,CHF Millions,1602.8
2020,FDI in Switzerland (Inward),Investment income,Dividends,V,Insurance companies,Services,CHF Millions,3569.9
2020,FDI in Switzerland (Inward),Investment income,Dividends,MUM,Metals and machinery,Manufacturing,CHF Millions,1420.1
2020,FDI in Switzerland (Inward),Investment income,Dividends,UIB,Other manufacturing and construction,Manufacturing,CHF Millions,696.4
2020,FDI in Switzerland (Inward),Investment income,Dividends,DU,Other services,Services,CHF Millions,3839.8
2020,FDI in Switzerland (Inward),Investment income,Dividends,T0,Total,Manufacturing,CHF Millions,13863.0
2020,FDI in Switzerland (Inward),Investment income,Dividends,T1,Total,Services,CHF Millions,54309.6
2020,FDI in Switzerland (Inward),Investment income,Dividends,T2,Total,Services,CHF Millions,27620.5
2020,FDI in Switzerland (Inward),Investment income,Dividends,D1_2,Total,All / Total,CHF Millions,68172.6
2020,FDI in Switzerland (Inward),Investment income,Dividends,D1_3,Total excluding special purpose entities,All / Total,CHF Millions,64316.3
2020,FDI in Switzerland (Inward),Investment income,Dividends,H,Trade,Services,CHF Millions,17647.3
2020,FDI in Switzerland (Inward),Investment income,Dividends,TUK,Transportation and communications,Services,CHF Millions,764.2
2020,FDI in Switzerland (Inward),Investment income,Dividends,DSPE0,of which special purpose entities,Services,CHF Millions,3856.3
2020,FDI in Switzerland (Inward),Investment income,Dividends,DSPE,of which special purpose entities,Services,CHF Millions,3830.4
2020,FDI in Switzerland (Inward),Investment income,Reinvested earnings,B,Banks,Services,CHF Millions,-469.5
2020,FDI in Switzerland (Inward),Investment income,Reinvested earnings,CUK,Chemicals and plastics,Manufacturing,CHF Millions,1243.4
2020,FDI in Switzerland (Inward),Investment income,Reinvested earnings,EEOU,"Electronics, energy, optical and watchmaking",Manufacturing,CHF Millions,830.3
2020,FDI in Switzerland (Inward),Investment income,Reinvested earnings,V,Insurance companies,Services,CHF Millions,62.1
2020,FDI in Switzerland (Inward),Investment income,Reinvested earnings,MUM,Metals and machinery,Manufacturing,CHF Millions,-175.5
2020,FDI in Switzerland (Inward),Investment income,Reinvested earnings,UIB,Other manufacturing and construction,Manufacturing,CHF Millions,564.3
2020,FDI in Switzerland (Inward),Investment income,Reinvested earnings,DU,Other services,Services,CHF Millions,5870.6
2020,FDI in Switzerland (Inward),Investment income,Reinvested earnings,T0,Total,Manufacturing,CHF Millions,2462.5
2020,FDI in Switzerland (Inward),Investment income,Reinvested earnings,T1,Total,Services,CHF Millions,5471.5
2020,FDI in Switzerland (Inward),Investment income,Reinvested earnings,T2,Total,Services,CHF Millions,-3475.5
2020,FDI in Switzerland (Inward),Investment income,Reinvested earnings,D1_2,Total,All / Total,CHF Millions,7934.1
2020,FDI in Switzerland (Inward),Investment income,Reinvested earnings,D1_3,Total excluding special purpose entities,All / Total,CHF Millions,11563.4
2020,FDI in Switzerland (Inward),Investment income,Reinvested earnings,H,Trade,Services,CHF Millions,4044.2
2020,FDI in Switzerland (Inward),Investment income,Reinvested earnings,TUK,Transportation and communications,Services,CHF Millions,-560.3
2020,FDI in Switzerland (Inward),Investment income,Reinvested earnings,DSPE0,of which special purpose entities,Services,CHF Millions,-3629.3
2020,FDI in Switzerland (Inward),Investment income,Reinvested earnings,DSPE,of which special purpose entities,Services,CHF Millions,-3367.2
2020,FDI in Switzerland (Inward),Investment income,Total,B,Banks,Services,CHF Millions,398.3
2020,FDI in Switzerland (Inward),Investment income,Total,CUK,Chemicals and plastics,Manufacturing,CHF Millions,11516.4
2020,FDI in Switzerland (Inward),Investment income,Total,EEOU,"Electronics, energy, optical and watchmaking",Manufacturing,CHF Millions,2444.2
2020,FDI in Switzerland (Inward),Investment income,Total,V,Insurance companies,Services,CHF Millions,3444.7
2020,FDI in Switzerland (Inward),Investment income,Total,MUM,Metals and machinery,Manufacturing,CHF Millions,1246.9
2020,FDI in Switzerland (Inward),Investment income,Total,UIB,Other manufacturing and construction,Manufacturing,CHF Millions,1244.5
2020,FDI in Switzerland (Inward),Investment income,Total,DU,Other services,Services,CHF Millions,9725.7
2020,FDI in Switzerland (Inward),Investment income,Total,T0,Total,Manufacturing,CHF Millions,16452.0
2020,FDI in Switzerland (Inward),Investment income,Total,T1,Total,Services,CHF Millions,60551.8
2020,FDI in Switzerland (Inward),Investment income,Total,T2,Total,Services,CHF Millions,24362.7
2020,FDI in Switzerland (Inward),Investment income,Total,D1_2,Total,All / Total,CHF Millions,77003.8
2020,FDI in Switzerland (Inward),Investment income,Total,D1_3,Total excluding special purpose entities,All / Total,CHF Millions,76389.9
2020,FDI in Switzerland (Inward),Investment income,Total,H,Trade,Services,CHF Millions,22096.2
2020,FDI in Switzerland (Inward),Investment income,Total,TUK,Transportation and communications,Services,CHF Millions,524.2
2020,FDI in Switzerland (Inward),Investment income,Total,DSPE0,of which special purpose entities,Services,CHF Millions,613.9
2020,FDI in Switzerland (Inward),Investment income,Total,DSPE,of which special purpose entities,Services,CHF Millions,846.0
2020,Swiss FDI abroad (Outward),Capital stocks,Debt instruments,B,Banks,Services,CHF Millions,
2020,Swiss FDI abroad (Outward),Capital stocks,Debt instruments,CUK,Chemicals and plastics,Manufacturing,CHF Millions,32883.8
2020,Swiss FDI abroad (Outward),Capital stocks,Debt instruments,SB,Domestically controlled,Services,CHF Millions,18289.9
2020,Swiss FDI abroad (Outward),Capital stocks,Debt instruments,EEOU,"Electronics, energy, optical and watchmaking",Manufacturing,CHF Millions,-1147.7
2020,Swiss FDI abroad (Outward),Capital stocks,Debt instruments,V,Insurance companies,Services,CHF Millions,-18551.3
2020,Swiss FDI abroad (Outward),Capital stocks,Debt instruments,MUM,Metals and machinery,Manufacturing,CHF Millions,13030.3
2020,Swiss FDI abroad (Outward),Capital stocks,Debt instruments,UIB,Other manufacturing and construction,Manufacturing,CHF Millions,12877.7
2020,Swiss FDI abroad (Outward),Capital stocks,Debt instruments,DU,Other services,Services,CHF Millions,7728.0
2020,Swiss FDI abroad (Outward),Capital stocks,Debt instruments,T0,Total,Manufacturing,CHF Millions,57644.2
2020,Swiss FDI abroad (Outward),Capital stocks,Debt instruments,T1,Total,Services,CHF Millions,47187.0
2020,Swiss FDI abroad (Outward),Capital stocks,Debt instruments,T2,Total,Services,CHF Millions,44676.7
2020,Swiss FDI abroad (Outward),Capital stocks,Debt instruments,T3,Total,Services,CHF Millions,26386.8
2020,Swiss FDI abroad (Outward),Capital stocks,Debt instruments,D1_2,Total,All / Total,CHF Millions,104831.2
2020,Swiss FDI abroad (Outward),Capital stocks,Debt instruments,D1_5,Total excluding foreign-controlled enterprises,All / Total,CHF Millions,63802.4
2020,Swiss FDI abroad (Outward),Capital stocks,Debt instruments,D1_3,Total excluding foreign-controlled finance and holding companies,All / Total,CHF Millions,78444.4
2020,Swiss FDI abroad (Outward),Capital stocks,Debt instruments,D1_4,Total excluding special purpose entities,All / Total,CHF Millions,103801.4
2020,Swiss FDI abroad (Outward),Capital stocks,Debt instruments,D1_6,Total foreign-controlled enterprises,All / Total,CHF Millions,41028.8
2020,Swiss FDI abroad (Outward),Capital stocks,Debt instruments,H,Trade,Services,CHF Millions,4630.6
2020,Swiss FDI abroad (Outward),Capital stocks,Debt instruments,TUK,Transportation and communications,Services,CHF Millions,8702.9
2020,Swiss FDI abroad (Outward),Capital stocks,Debt instruments,DSPE0,of which special purpose entities,Services,CHF Millions,1029.7
2020,Swiss FDI abroad (Outward),Capital stocks,Debt instruments,DSPE,of which special purpose entities,Services,CHF Millions,920.1
2020,Swiss FDI abroad (Outward),Capital stocks,Equity capital,B,Banks,Services,CHF Millions,81162.5
2020,Swiss FDI abroad (Outward),Capital stocks,Equity capital,CUK,Chemicals and plastics,Manufacturing,CHF Millions,155346.0
2020,Swiss FDI abroad (Outward),Capital stocks,Equity capital,SB,Domestically controlled,Services,CHF Millions,85257.8
2020,Swiss FDI abroad (Outward),Capital stocks,Equity capital,EEOU,"Electronics, energy, optical and watchmaking",Manufacturing,CHF Millions,85463.2
2020,Swiss FDI abroad (Outward),Capital stocks,Equity capital,V,Insurance companies,Services,CHF Millions,122286.3
2020,Swiss FDI abroad (Outward),Capital stocks,Equity capital,PMG,Memorandum item: Real estate activities,All / Total,CHF Millions,6705.0
2020,Swiss FDI abroad (Outward),Capital stocks,Equity capital,PMT,Memorandum item: Total including real estate activities,All / Total,CHF Millions,1414877.0
2020,Swiss FDI abroad (Outward),Capital stocks,Equity capital,MUM,Metals and machinery,Manufacturing,CHF Millions,41419.0
2020,Swiss FDI abroad (Outward),Capital stocks,Equity capital,UIB,Other manufacturing and construction,Manufacturing,CHF Millions,122785.7
2020,Swiss FDI abroad (Outward),Capital stocks,Equity capital,DU,Other services,Services,CHF Millions,27629.8
2020,Swiss FDI abroad (Outward),Capital stocks,Equity capital,T0,Total,Manufacturing,CHF Millions,405013.7
2020,Swiss FDI abroad (Outward),Capital stocks,Equity capital,T1,Total,Services,CHF Millions,1003158.3
2020,Swiss FDI abroad (Outward),Capital stocks,Equity capital,T2,Total,Services,CHF Millions,566831.6
2020,Swiss FDI abroad (Outward),Capital stocks,Equity capital,T3,Total,Services,CHF Millions,481573.8
2020,Swiss FDI abroad (Outward),Capital stocks,Equity capital,D1_2,Total,All / Total,CHF Millions,1408172.0
2020,Swiss FDI abroad (Outward),Capital stocks,Equity capital,D1_5,Total excluding foreign-controlled enterprises,All / Total,CHF Millions,633999.5
2020,Swiss FDI abroad (Outward),Capital stocks,Equity capital,D1_3,Total excluding foreign-controlled finance and holding companies,All / Total,CHF Millions,926598.2
2020,Swiss FDI abroad (Outward),Capital stocks,Equity capital,D1_4,Total excluding special purpose entities,All / Total,CHF Millions,1234580.0
2020,Swiss FDI abroad (Outward),Capital stocks,Equity capital,D1_6,Total foreign-controlled enterprises,All / Total,CHF Millions,774172.5
2020,Swiss FDI abroad (Outward),Capital stocks,Equity capital,H,Trade,Services,CHF Millions,175962.3
2020,Swiss FDI abroad (Outward),Capital stocks,Equity capital,TUK,Transportation and communications,Services,CHF Millions,29285.8
2020,Swiss FDI abroad (Outward),Capital stocks,Equity capital,DSPE0,of which special purpose entities,Services,CHF Millions,173592.0
2020,Swiss FDI abroad (Outward),Capital stocks,Equity capital,DSPE,of which special purpose entities,Services,CHF Millions,172644.3
2020,Swiss FDI abroad (Outward),Capital stocks,Total,B,Banks,Services,CHF Millions,81162.5
2020,Swiss FDI abroad (Outward),Capital stocks,Total,CUK,Chemicals and plastics,Manufacturing,CHF Millions,188229.8
2020,Swiss FDI abroad (Outward),Capital stocks,Total,SB,Domestically controlled,Services,CHF Millions,103547.7
2020,Swiss FDI abroad (Outward),Capital stocks,Total,EEOU,"Electronics, energy, optical and watchmaking",Manufacturing,CHF Millions,84315.5
2020,Swiss FDI abroad (Outward),Capital stocks,Total,V,Insurance companies,Services,CHF Millions,103735.0
2020,Swiss FDI abroad (Outward),Capital stocks,Total,PMG,Memorandum item: Real estate activities,All / Total,CHF Millions,6705.0
2020,Swiss FDI abroad (Outward),Capital stocks,Total,PMT,Memorandum item: Total including real estate activities,All / Total,CHF Millions,1519708.2
2020,Swiss FDI abroad (Outward),Capital stocks,Total,MUM,Metals and machinery,Manufacturing,CHF Millions,54449.3
2020,Swiss FDI abroad (Outward),Capital stocks,Total,UIB,Other manufacturing and construction,Manufacturing,CHF Millions,135663.4
2020,Swiss FDI abroad (Outward),Capital stocks,Total,DU,Other services,Services,CHF Millions,35357.9
2020,Swiss FDI abroad (Outward),Capital stocks,Total,T0,Total,Manufacturing,CHF Millions,462657.9
2020,Swiss FDI abroad (Outward),Capital stocks,Total,T1,Total,Services,CHF Millions,1050345.2
2020,Swiss FDI abroad (Outward),Capital stocks,Total,T2,Total,Services,CHF Millions,611508.3
2020,Swiss FDI abroad (Outward),Capital stocks,Total,T3,Total,Services,CHF Millions,507960.6
2020,Swiss FDI abroad (Outward),Capital stocks,Total,D1_2,Total,All / Total,CHF Millions,1513003.2
2020,Swiss FDI abroad (Outward),Capital stocks,Total,D1_5,Total excluding foreign-controlled enterprises,All / Total,CHF Millions,697801.9
2020,Swiss FDI abroad (Outward),Capital stocks,Total,D1_3,Total excluding foreign-controlled finance and holding companies,All / Total,CHF Millions,1005042.5
2020,Swiss FDI abroad (Outward),Capital stocks,Total,D1_4,Total excluding special purpose entities,All / Total,CHF Millions,1338381.4
2020,Swiss FDI abroad (Outward),Capital stocks,Total,D1_6,Total foreign-controlled enterprises,All / Total,CHF Millions,815201.2
2020,Swiss FDI abroad (Outward),Capital stocks,Total,H,Trade,Services,CHF Millions,180592.8
2020,Swiss FDI abroad (Outward),Capital stocks,Total,TUK,Transportation and communications,Services,CHF Millions,37988.7
2020,Swiss FDI abroad (Outward),Capital stocks,Total,DSPE0,of which special purpose entities,Services,CHF Millions,174621.7
2020,Swiss FDI abroad (Outward),Capital stocks,Total,DSPE,of which special purpose entities,Services,CHF Millions,173564.5
2020,Swiss FDI abroad (Outward),Capital transactions (flows),Debt instruments,B,Banks,Services,CHF Millions,
2020,Swiss FDI abroad (Outward),Capital transactions (flows),Debt instruments,CUK,Chemicals and plastics,Manufacturing,CHF Millions,-1411.8
2020,Swiss FDI abroad (Outward),Capital transactions (flows),Debt instruments,SB,Domestically controlled,Services,CHF Millions,-6352.0
2020,Swiss FDI abroad (Outward),Capital transactions (flows),Debt instruments,EEOU,"Electronics, energy, optical and watchmaking",Manufacturing,CHF Millions,626.9
2020,Swiss FDI abroad (Outward),Capital transactions (flows),Debt instruments,V,Insurance companies,Services,CHF Millions,-3510.0
2020,Swiss FDI abroad (Outward),Capital transactions (flows),Debt instruments,MUM,Metals and machinery,Manufacturing,CHF Millions,-251.2
2020,Swiss FDI abroad (Outward),Capital transactions (flows),Debt instruments,UIB,Other manufacturing and construction,Manufacturing,CHF Millions,-5013.6
2020,Swiss FDI abroad (Outward),Capital transactions (flows),Debt instruments,DU,Other services,Services,CHF Millions,22352.8
2020,Swiss FDI abroad (Outward),Capital transactions (flows),Debt instruments,T0,Total,Manufacturing,CHF Millions,-6049.7
2020,Swiss FDI abroad (Outward),Capital transactions (flows),Debt instruments,T1,Total,Services,CHF Millions,21325.0
2020,Swiss FDI abroad (Outward),Capital transactions (flows),Debt instruments,T2,Total,Services,CHF Millions,-2281.3
2020,Swiss FDI abroad (Outward),Capital transactions (flows),Debt instruments,T3,Total,Services,CHF Millions,4070.6
2020,Swiss FDI abroad (Outward),Capital transactions (flows),Debt instruments,D1_2,Total,All / Total,CHF Millions,15275.3
2020,Swiss FDI abroad (Outward),Capital transactions (flows),Debt instruments,D1_5,Total excluding foreign-controlled enterprises,All / Total,CHF Millions,-16746.0
2020,Swiss FDI abroad (Outward),Capital transactions (flows),Debt instruments,D1_3,Total excluding foreign-controlled finance and holding companies,All / Total,CHF Millions,11204.7
2020,Swiss FDI abroad (Outward),Capital transactions (flows),Debt instruments,D1_4,Total excluding special purpose entities,All / Total,CHF Millions,17270.4
2020,Swiss FDI abroad (Outward),Capital transactions (flows),Debt instruments,D1_6,Total foreign-controlled enterprises,All / Total,CHF Millions,32021.3
2020,Swiss FDI abroad (Outward),Capital transactions (flows),Debt instruments,H,Trade,Services,CHF Millions,6638.9
2020,Swiss FDI abroad (Outward),Capital transactions (flows),Debt instruments,TUK,Transportation and communications,Services,CHF Millions,-1875.3
2020,Swiss FDI abroad (Outward),Capital transactions (flows),Debt instruments,DSPE0,of which special purpose entities,Services,CHF Millions,-1995.1
2020,Swiss FDI abroad (Outward),Capital transactions (flows),Debt instruments,DSPE,of which special purpose entities,Services,CHF Millions,-1986.6
2020,Swiss FDI abroad (Outward),Capital transactions (flows),Equity capital excluding reinvested earnings,B,Banks,Services,CHF Millions,2596.0
2020,Swiss FDI abroad (Outward),Capital transactions (flows),Equity capital excluding reinvested earnings,CUK,Chemicals and plastics,Manufacturing,CHF Millions,13648.8
2020,Swiss FDI abroad (Outward),Capital transactions (flows),Equity capital excluding reinvested earnings,SB,Domestically controlled,Services,CHF Millions,916.0
2020,Swiss FDI abroad (Outward),Capital transactions (flows),Equity capital excluding reinvested earnings,EEOU,"Electronics, energy, optical and watchmaking",Manufacturing,CHF Millions,-5854.5
2020,Swiss FDI abroad (Outward),Capital transactions (flows),Equity capital excluding reinvested earnings,V,Insurance companies,Services,CHF Millions,-1672.1
2020,Swiss FDI abroad (Outward),Capital transactions (flows),Equity capital excluding reinvested earnings,PMG,Memorandum item: Real estate activities,All / Total,CHF Millions,234.6
2020,Swiss FDI abroad (Outward),Capital transactions (flows),Equity capital excluding reinvested earnings,PMT,Memorandum item: Total including real estate activities,All / Total,CHF Millions,-49501.9
2020,Swiss FDI abroad (Outward),Capital transactions (flows),Equity capital excluding reinvested earnings,MUM,Metals and machinery,Manufacturing,CHF Millions,2412.5
2020,Swiss FDI abroad (Outward),Capital transactions (flows),Equity capital excluding reinvested earnings,UIB,Other manufacturing and construction,Manufacturing,CHF Millions,-4405.4
2020,Swiss FDI abroad (Outward),Capital transactions (flows),Equity capital excluding reinvested earnings,DU,Other services,Services,CHF Millions,-17389.3
2020,Swiss FDI abroad (Outward),Capital transactions (flows),Equity capital excluding reinvested earnings,T0,Total,Manufacturing,CHF Millions,5801.4
2020,Swiss FDI abroad (Outward),Capital transactions (flows),Equity capital excluding reinvested earnings,T1,Total,Services,CHF Millions,-55537.9
2020,Swiss FDI abroad (Outward),Capital transactions (flows),Equity capital excluding reinvested earnings,T2,Total,Services,CHF Millions,-43259.7
2020,Swiss FDI abroad (Outward),Capital transactions (flows),Equity capital excluding reinvested earnings,T3,Total,Services,CHF Millions,-44175.7
2020,Swiss FDI abroad (Outward),Capital transactions (flows),Equity capital excluding reinvested earnings,D1_2,Total,All / Total,CHF Millions,-49736.5
2020,Swiss FDI abroad (Outward),Capital transactions (flows),Equity capital excluding reinvested earnings,D1_5,Total excluding foreign-controlled enterprises,All / Total,CHF Millions,2192.3
2020,Swiss FDI abroad (Outward),Capital transactions (flows),Equity capital excluding reinvested earnings,D1_3,Total excluding foreign-controlled finance and holding companies,All / Total,CHF Millions,-5560.8
2020,Swiss FDI abroad (Outward),Capital transactions (flows),Equity capital excluding reinvested earnings,D1_4,Total excluding special purpose entities,All / Total,CHF Millions,-56859.2
2020,Swiss FDI abroad (Outward),Capital transactions (flows),Equity capital excluding reinvested earnings,D1_6,Total foreign-controlled enterprises,All / Total,CHF Millions,-51928.8
2020,Swiss FDI abroad (Outward),Capital transactions (flows),Equity capital excluding reinvested earnings,H,Trade,Services,CHF Millions,3840.1
2020,Swiss FDI abroad (Outward),Capital transactions (flows),Equity capital excluding reinvested earnings,TUK,Transportation and communications,Services,CHF Millions,347.1
2020,Swiss FDI abroad (Outward),Capital transactions (flows),Equity capital excluding reinvested earnings,DSPE0,of which special purpose entities,Services,CHF Millions,7122.7
2020,Swiss FDI abroad (Outward),Capital transactions (flows),Equity capital excluding reinvested earnings,DSPE,of which special purpose entities,Services,CHF Millions,7105.6
2020,Swiss FDI abroad (Outward),Capital transactions (flows),Reinvested earnings,B,Banks,Services,CHF Millions,-2161.1
2020,Swiss FDI abroad (Outward),Capital transactions (flows),Reinvested earnings,CUK,Chemicals and plastics,Manufacturing,CHF Millions,8286.4
2020,Swiss FDI abroad (Outward),Capital transactions (flows),Reinvested earnings,SB,Domestically controlled,Services,CHF Millions,430.3
2020,Swiss FDI abroad (Outward),Capital transactions (flows),Reinvested earnings,EEOU,"Electronics, energy, optical and watchmaking",Manufacturing,CHF Millions,-1946.8
2020,Swiss FDI abroad (Outward),Capital transactions (flows),Reinvested earnings,V,Insurance companies,Services,CHF Millions,4331.5
2020,Swiss FDI abroad (Outward),Capital transactions (flows),Reinvested earnings,MUM,Metals and machinery,Manufacturing,CHF Millions,-390.8
2020,Swiss FDI abroad (Outward),Capital transactions (flows),Reinvested earnings,UIB,Other manufacturing and construction,Manufacturing,CHF Millions,3484.6
2020,Swiss FDI abroad (Outward),Capital transactions (flows),Reinvested earnings,DU,Other services,Services,CHF Millions,-530.3
2020,Swiss FDI abroad (Outward),Capital transactions (flows),Reinvested earnings,T0,Total,Manufacturing,CHF Millions,9433.4
2020,Swiss FDI abroad (Outward),Capital transactions (flows),Reinvested earnings,T1,Total,Services,CHF Millions,-785.3
2020,Swiss FDI abroad (Outward),Capital transactions (flows),Reinvested earnings,T2,Total,Services,CHF Millions,-1617.4
2020,Swiss FDI abroad (Outward),Capital transactions (flows),Reinvested earnings,T3,Total,Services,CHF Millions,-2047.7
2020,Swiss FDI abroad (Outward),Capital transactions (flows),Reinvested earnings,D1_2,Total,All / Total,CHF Millions,8648.1
2020,Swiss FDI abroad (Outward),Capital transactions (flows),Reinvested earnings,D1_5,Total excluding foreign-controlled enterprises,All / Total,CHF Millions,6999.6
2020,Swiss FDI abroad (Outward),Capital transactions (flows),Reinvested earnings,D1_3,Total excluding foreign-controlled finance and holding companies,All / Total,CHF Millions,10695.8
2020,Swiss FDI abroad (Outward),Capital transactions (flows),Reinvested earnings,D1_4,Total excluding special purpose entities,All / Total,CHF Millions,8506.3
2020,Swiss FDI abroad (Outward),Capital transactions (flows),Reinvested earnings,D1_6,Total foreign-controlled enterprises,All / Total,CHF Millions,1648.5
2020,Swiss FDI abroad (Outward),Capital transactions (flows),Reinvested earnings,H,Trade,Services,CHF Millions,-303.6
2020,Swiss FDI abroad (Outward),Capital transactions (flows),Reinvested earnings,TUK,Transportation and communications,Services,CHF Millions,-504.6
2020,Swiss FDI abroad (Outward),Capital transactions (flows),Reinvested earnings,DSPE0,of which special purpose entities,Services,CHF Millions,141.7
2020,Swiss FDI abroad (Outward),Capital transactions (flows),Reinvested earnings,DSPE,of which special purpose entities,Services,CHF Millions,166.6
2020,Swiss FDI abroad (Outward),Capital transactions (flows),Total,B,Banks,Services,CHF Millions,435.0
2020,Swiss FDI abroad (Outward),Capital transactions (flows),Total,CUK,Chemicals and plastics,Manufacturing,CHF Millions,20523.4
2020,Swiss FDI abroad (Outward),Capital transactions (flows),Total,SB,Domestically controlled,Services,CHF Millions,-5005.7
2020,Swiss FDI abroad (Outward),Capital transactions (flows),Total,EEOU,"Electronics, energy, optical and watchmaking",Manufacturing,CHF Millions,-7174.4
2020,Swiss FDI abroad (Outward),Capital transactions (flows),Total,V,Insurance companies,Services,CHF Millions,-850.5
2020,Swiss FDI abroad (Outward),Capital transactions (flows),Total,PMG,Memorandum item: Real estate activities,All / Total,CHF Millions,234.6
2020,Swiss FDI abroad (Outward),Capital transactions (flows),Total,PMT,Memorandum item: Total including real estate activities,All / Total,CHF Millions,-25578.5
2020,Swiss FDI abroad (Outward),Capital transactions (flows),Total,MUM,Metals and machinery,Manufacturing,CHF Millions,1770.5
2020,Swiss FDI abroad (Outward),Capital transactions (flows),Total,UIB,Other manufacturing and construction,Manufacturing,CHF Millions,-5934.4
2020,Swiss FDI abroad (Outward),Capital transactions (flows),Total,DU,Other services,Services,CHF Millions,4433.3
2020,Swiss FDI abroad (Outward),Capital transactions (flows),Total,T0,Total,Manufacturing,CHF Millions,9185.1
2020,Swiss FDI abroad (Outward),Capital transactions (flows),Total,T1,Total,Services,CHF Millions,-34998.2
2020,Swiss FDI abroad (Outward),Capital transactions (flows),Total,T2,Total,Services,CHF Millions,-47158.5
2020,Swiss FDI abroad (Outward),Capital transactions (flows),Total,T3,Total,Services,CHF Millions,-42152.8
2020,Swiss FDI abroad (Outward),Capital transactions (flows),Total,D1_2,Total,All / Total,CHF Millions,-25813.1
2020,Swiss FDI abroad (Outward),Capital transactions (flows),Total,D1_5,Total excluding foreign-controlled enterprises,All / Total,CHF Millions,-7554.1
2020,Swiss FDI abroad (Outward),Capital transactions (flows),Total,D1_3,Total excluding foreign-controlled finance and holding companies,All / Total,CHF Millions,16339.7
2020,Swiss FDI abroad (Outward),Capital transactions (flows),Total,D1_4,Total excluding special purpose entities,All / Total,CHF Millions,-31082.5
2020,Swiss FDI abroad (Outward),Capital transactions (flows),Total,D1_6,Total foreign-controlled enterprises,All / Total,CHF Millions,-18259.0
2020,Swiss FDI abroad (Outward),Capital transactions (flows),Total,H,Trade,Services,CHF Millions,10175.3
2020,Swiss FDI abroad (Outward),Capital transactions (flows),Total,TUK,Transportation and communications,Services,CHF Millions,-2032.8
2020,Swiss FDI abroad (Outward),Capital transactions (flows),Total,DSPE0,of which special purpose entities,Services,CHF Millions,5269.4
2020,Swiss FDI abroad (Outward),Capital transactions (flows),Total,DSPE,of which special purpose entities,Services,CHF Millions,5285.7
2020,Swiss FDI abroad (Outward),Investment income,Debt instruments: net interest,B,Banks,Services,CHF Millions,
2020,Swiss FDI abroad (Outward),Investment income,Debt instruments: net interest,CUK,Chemicals and plastics,Manufacturing,CHF Millions,1009.4
2020,Swiss FDI abroad (Outward),Investment income,Debt instruments: net interest,SB,Domestically controlled,Services,CHF Millions,378.0
2020,Swiss FDI abroad (Outward),Investment income,Debt instruments: net interest,EEOU,"Electronics, energy, optical and watchmaking",Manufacturing,CHF Millions,49.6
2020,Swiss FDI abroad (Outward),Investment income,Debt instruments: net interest,V,Insurance companies,Services,CHF Millions,145.0
2020,Swiss FDI abroad (Outward),Investment income,Debt instruments: net interest,MUM,Metals and machinery,Manufacturing,CHF Millions,367.2
2020,Swiss FDI abroad (Outward),Investment income,Debt instruments: net interest,UIB,Other manufacturing and construction,Manufacturing,CHF Millions,393.7
2020,Swiss FDI abroad (Outward),Investment income,Debt instruments: net interest,DU,Other services,Services,CHF Millions,297.7
2020,Swiss FDI abroad (Outward),Investment income,Debt instruments: net interest,T0,Total,Manufacturing,CHF Millions,1820.0
2020,Swiss FDI abroad (Outward),Investment income,Debt instruments: net interest,T1,Total,Services,CHF Millions,1820.1
2020,Swiss FDI abroad (Outward),Investment income,Debt instruments: net interest,T2,Total,Services,CHF Millions,1256.8
2020,Swiss FDI abroad (Outward),Investment income,Debt instruments: net interest,T3,Total,Services,CHF Millions,878.8
2020,Swiss FDI abroad (Outward),Investment income,Debt instruments: net interest,D1_2,Total,All / Total,CHF Millions,3640.0
2020,Swiss FDI abroad (Outward),Investment income,Debt instruments: net interest,D1_5,Total excluding foreign-controlled enterprises,All / Total,CHF Millions,2583.1
2020,Swiss FDI abroad (Outward),Investment income,Debt instruments: net interest,D1_3,Total excluding foreign-controlled finance and holding companies,All / Total,CHF Millions,2761.2
2020,Swiss FDI abroad (Outward),Investment income,Debt instruments: net interest,D1_4,Total excluding special purpose entities,All / Total,CHF Millions,3597.4
2020,Swiss FDI abroad (Outward),Investment income,Debt instruments: net interest,D1_6,Total foreign-controlled enterprises,All / Total,CHF Millions,1057.0
2020,Swiss FDI abroad (Outward),Investment income,Debt instruments: net interest,H,Trade,Services,CHF Millions,-164.3
2020,Swiss FDI abroad (Outward),Investment income,Debt instruments: net interest,TUK,Transportation and communications,Services,CHF Millions,284.9
2020,Swiss FDI abroad (Outward),Investment income,Debt instruments: net interest,DSPE0,of which special purpose entities,Services,CHF Millions,42.6
2020,Swiss FDI abroad (Outward),Investment income,Debt instruments: net interest,DSPE,of which special purpose entities,Services,CHF Millions,35.9
2020,Swiss FDI abroad (Outward),Investment income,Dividends,B,Banks,Services,CHF Millions,6228.2
2020,Swiss FDI abroad (Outward),Investment income,Dividends,CUK,Chemicals and plastics,Manufacturing,CHF Millions,8898.5
2020,Swiss FDI abroad (Outward),Investment income,Dividends,SB,Domestically controlled,Services,CHF Millions,2508.7
2020,Swiss FDI abroad (Outward),Investment income,Dividends,EEOU,"Electronics, energy, optical and watchmaking",Manufacturing,CHF Millions,5845.7
2020,Swiss FDI abroad (Outward),Investment income,Dividends,V,Insurance companies,Services,CHF Millions,4034.2
2020,Swiss FDI abroad (Outward),Investment income,Dividends,MUM,Metals and machinery,Manufacturing,CHF Millions,2926.5
2020,Swiss FDI abroad (Outward),Investment income,Dividends,UIB,Other manufacturing and construction,Manufacturing,CHF Millions,8493.7
2020,Swiss FDI abroad (Outward),Investment income,Dividends,DU,Other services,Services,CHF Millions,1686.5
2020,Swiss FDI abroad (Outward),Investment income,Dividends,T0,Total,Manufacturing,CHF Millions,26164.3
2020,Swiss FDI abroad (Outward),Investment income,Dividends,T1,Total,Services,CHF Millions,35912.8
2020,Swiss FDI abroad (Outward),Investment income,Dividends,T2,Total,Services,CHF Millions,15748.3
2020,Swiss FDI abroad (Outward),Investment income,Dividends,T3,Total,Services,CHF Millions,13239.6
2020,Swiss FDI abroad (Outward),Investment income,Dividends,D1_2,Total,All / Total,CHF Millions,62077.1
2020,Swiss FDI abroad (Outward),Investment income,Dividends,D1_5,Total excluding foreign-controlled enterprises,All / Total,CHF Millions,37625.9
2020,Swiss FDI abroad (Outward),Investment income,Dividends,D1_3,Total excluding foreign-controlled finance and holding companies,All / Total,CHF Millions,48837.5
2020,Swiss FDI abroad (Outward),Investment income,Dividends,D1_4,Total excluding special purpose entities,All / Total,CHF Millions,59642.5
2020,Swiss FDI abroad (Outward),Investment income,Dividends,D1_6,Total foreign-controlled enterprises,All / Total,CHF Millions,24451.2
2020,Swiss FDI abroad (Outward),Investment income,Dividends,H,Trade,Services,CHF Millions,7391.3
2020,Swiss FDI abroad (Outward),Investment income,Dividends,TUK,Transportation and communications,Services,CHF Millions,824.3
2020,Swiss FDI abroad (Outward),Investment income,Dividends,DSPE0,of which special purpose entities,Services,CHF Millions,2434.6
2020,Swiss FDI abroad (Outward),Investment income,Dividends,DSPE,of which special purpose entities,Services,CHF Millions,2328.5
2020,Swiss FDI abroad (Outward),Investment income,Reinvested earnings,B,Banks,Services,CHF Millions,-2161.1
2020,Swiss FDI abroad (Outward),Investment income,Reinvested earnings,CUK,Chemicals and plastics,Manufacturing,CHF Millions,8286.4
2020,Swiss FDI abroad (Outward),Investment income,Reinvested earnings,SB,Domestically controlled,Services,CHF Millions,430.3
2020,Swiss FDI abroad (Outward),Investment income,Reinvested earnings,EEOU,"Electronics, energy, optical and watchmaking",Manufacturing,CHF Millions,-1946.8
2020,Swiss FDI abroad (Outward),Investment income,Reinvested earnings,V,Insurance companies,Services,CHF Millions,4331.5
2020,Swiss FDI abroad (Outward),Investment income,Reinvested earnings,MUM,Metals and machinery,Manufacturing,CHF Millions,-390.8
2020,Swiss FDI abroad (Outward),Investment income,Reinvested earnings,UIB,Other manufacturing and construction,Manufacturing,CHF Millions,3484.6
2020,Swiss FDI abroad (Outward),Investment income,Reinvested earnings,DU,Other services,Services,CHF Millions,-530.3
2020,Swiss FDI abroad (Outward),Investment income,Reinvested earnings,T0,Total,Manufacturing,CHF Millions,9433.4
2020,Swiss FDI abroad (Outward),Investment income,Reinvested earnings,T1,Total,Services,CHF Millions,-785.3
2020,Swiss FDI abroad (Outward),Investment income,Reinvested earnings,T2,Total,Services,CHF Millions,-1617.4
2020,Swiss FDI abroad (Outward),Investment income,Reinvested earnings,T3,Total,Services,CHF Millions,-2047.7
2020,Swiss FDI abroad (Outward),Investment income,Reinvested earnings,D1_2,Total,All / Total,CHF Millions,8648.1
2020,Swiss FDI abroad (Outward),Investment income,Reinvested earnings,D1_5,Total excluding foreign-controlled enterprises,All / Total,CHF Millions,6999.6
2020,Swiss FDI abroad (Outward),Investment income,Reinvested earnings,D1_3,Total excluding foreign-controlled finance and holding companies,All / Total,CHF Millions,10695.8
2020,Swiss FDI abroad (Outward),Investment income,Reinvested earnings,D1_4,Total excluding special purpose entities,All / Total,CHF Millions,8506.3
2020,Swiss FDI abroad (Outward),Investment income,Reinvested earnings,D1_6,Total foreign-controlled enterprises,All / Total,CHF Millions,1648.5
2020,Swiss FDI abroad (Outward),Investment income,Reinvested earnings,H,Trade,Services,CHF Millions,-303.6
2020,Swiss FDI abroad (Outward),Investment income,Reinvested earnings,TUK,Transportation and communications,Services,CHF Millions,-504.6
2020,Swiss FDI abroad (Outward),Investment income,Reinvested earnings,DSPE0,of which special purpose entities,Services,CHF Millions,141.7
2020,Swiss FDI abroad (Outward),Investment income,Reinvested earnings,DSPE,of which special purpose entities,Services,CHF Millions,166.6
2020,Swiss FDI abroad (Outward),Investment income,Total,B,Banks,Services,CHF Millions,4067.1
2020,Swiss FDI abroad (Outward),Investment income,Total,CUK,Chemicals and plastics,Manufacturing,CHF Millions,18194.3
2020,Swiss FDI abroad (Outward),Investment income,Total,SB,Domestically controlled,Services,CHF Millions,3317.0
2020,Swiss FDI abroad (Outward),Investment income,Total,EEOU,"Electronics, energy, optical and watchmaking",Manufacturing,CHF Millions,3948.4
2020,Swiss FDI abroad (Outward),Investment income,Total,V,Insurance companies,Services,CHF Millions,8510.7
2020,Swiss FDI abroad (Outward),Investment income,Total,MUM,Metals and machinery,Manufacturing,CHF Millions,2902.9
2020,Swiss FDI abroad (Outward),Investment income,Total,UIB,Other manufacturing and construction,Manufacturing,CHF Millions,12372.0
2020,Swiss FDI abroad (Outward),Investment income,Total,DU,Other services,Services,CHF Millions,1454.0
2020,Swiss FDI abroad (Outward),Investment income,Total,T0,Total,Manufacturing,CHF Millions,37417.6
2020,Swiss FDI abroad (Outward),Investment income,Total,T1,Total,Services,CHF Millions,36947.6
2020,Swiss FDI abroad (Outward),Investment income,Total,T2,Total,Services,CHF Millions,15387.6
2020,Swiss FDI abroad (Outward),Investment income,Total,T3,Total,Services,CHF Millions,12070.7
2020,Swiss FDI abroad (Outward),Investment income,Total,D1_2,Total,All / Total,CHF Millions,74365.2
2020,Swiss FDI abroad (Outward),Investment income,Total,D1_5,Total excluding foreign-controlled enterprises,All / Total,CHF Millions,47208.5
2020,Swiss FDI abroad (Outward),Investment income,Total,D1_3,Total excluding foreign-controlled finance and holding companies,All / Total,CHF Millions,62294.5
2020,Swiss FDI abroad (Outward),Investment income,Total,D1_4,Total excluding special purpose entities,All / Total,CHF Millions,71746.2
2020,Swiss FDI abroad (Outward),Investment income,Total,D1_6,Total foreign-controlled enterprises,All / Total,CHF Millions,27156.7
2020,Swiss FDI abroad (Outward),Investment income,Total,H,Trade,Services,CHF Millions,6923.4
2020,Swiss FDI abroad (Outward),Investment income,Total,TUK,Transportation and communications,Services,CHF Millions,604.6
2020,Swiss FDI abroad (Outward),Investment income,Total,DSPE0,of which special purpose entities,Services,CHF Millions,2619.0
2020,Swiss FDI abroad (Outward),Investment income,Total,DSPE,of which special purpose entities,Services,CHF Millions,2531.1
2021,FDI in Switzerland (Inward),Capital stocks,Debt instruments,B,Banks,Services,CHF Millions,
2021,FDI in Switzerland (Inward),Capital stocks,Debt instruments,CUK,Chemicals and plastics,Manufacturing,CHF Millions,14245.3
2021,FDI in Switzerland (Inward),Capital stocks,Debt instruments,EEOU,"Electronics, energy, optical and watchmaking",Manufacturing,CHF Millions,3287.8
2021,FDI in Switzerland (Inward),Capital stocks,Debt instruments,V,Insurance companies,Services,CHF Millions,-13173.4
2021,FDI in Switzerland (Inward),Capital stocks,Debt instruments,MUM,Metals and machinery,Manufacturing,CHF Millions,4075.4
2021,FDI in Switzerland (Inward),Capital stocks,Debt instruments,UIB,Other manufacturing and construction,Manufacturing,CHF Millions,474.1
2021,FDI in Switzerland (Inward),Capital stocks,Debt instruments,DU,Other services,Services,CHF Millions,4089.9
2021,FDI in Switzerland (Inward),Capital stocks,Debt instruments,T0,Total,Manufacturing,CHF Millions,22082.6
2021,FDI in Switzerland (Inward),Capital stocks,Debt instruments,T1,Total,Services,CHF Millions,52683.6
2021,FDI in Switzerland (Inward),Capital stocks,Debt instruments,T2,Total,Services,CHF Millions,15345.8
2021,FDI in Switzerland (Inward),Capital stocks,Debt instruments,D1_2,Total,All / Total,CHF Millions,74766.3
2021,FDI in Switzerland (Inward),Capital stocks,Debt instruments,D1_3,Total excluding special purpose entities,All / Total,CHF Millions,67729.1
2021,FDI in Switzerland (Inward),Capital stocks,Debt instruments,H,Trade,Services,CHF Millions,34482.4
2021,FDI in Switzerland (Inward),Capital stocks,Debt instruments,TUK,Transportation and communications,Services,CHF Millions,11939.0
2021,FDI in Switzerland (Inward),Capital stocks,Debt instruments,DSPE0,of which special purpose entities,Services,CHF Millions,7037.2
2021,FDI in Switzerland (Inward),Capital stocks,Debt instruments,DSPE,of which special purpose entities,Services,CHF Millions,7273.3
2021,FDI in Switzerland (Inward),Capital stocks,Equity capital,B,Banks,Services,CHF Millions,23193.3
2021,FDI in Switzerland (Inward),Capital stocks,Equity capital,CUK,Chemicals and plastics,Manufacturing,CHF Millions,73008.2
2021,FDI in Switzerland (Inward),Capital stocks,Equity capital,EEOU,"Electronics, energy, optical and watchmaking",Manufacturing,CHF Millions,46158.4
2021,FDI in Switzerland (Inward),Capital stocks,Equity capital,V,Insurance companies,Services,CHF Millions,31784.0
2021,FDI in Switzerland (Inward),Capital stocks,Equity capital,PMG,Memorandum item: Real estate activities,All / Total,CHF Millions,38739.8
2021,FDI in Switzerland (Inward),Capital stocks,Equity capital,PMT,Memorandum item: Total including real estate activities,All / Total,CHF Millions,1058545.3
2021,FDI in Switzerland (Inward),Capital stocks,Equity capital,MUM,Metals and machinery,Manufacturing,CHF Millions,19161.6
2021,FDI in Switzerland (Inward),Capital stocks,Equity capital,UIB,Other manufacturing and construction,Manufacturing,CHF Millions,19038.3
2021,FDI in Switzerland (Inward),Capital stocks,Equity capital,DU,Other services,Services,CHF Millions,64457.7
2021,FDI in Switzerland (Inward),Capital stocks,Equity capital,T0,Total,Manufacturing,CHF Millions,157366.4
2021,FDI in Switzerland (Inward),Capital stocks,Equity capital,T1,Total,Services,CHF Millions,862439.1
2021,FDI in Switzerland (Inward),Capital stocks,Equity capital,T2,Total,Services,CHF Millions,507490.5
2021,FDI in Switzerland (Inward),Capital stocks,Equity capital,D1_2,Total,All / Total,CHF Millions,1019805.5
2021,FDI in Switzerland (Inward),Capital stocks,Equity capital,D1_3,Total excluding special purpose entities,All / Total,CHF Millions,870856.8
2021,FDI in Switzerland (Inward),Capital stocks,Equity capital,H,Trade,Services,CHF Millions,224385.9
2021,FDI in Switzerland (Inward),Capital stocks,Equity capital,TUK,Transportation and communications,Services,CHF Millions,11127.7
2021,FDI in Switzerland (Inward),Capital stocks,Equity capital,DSPE0,of which special purpose entities,Services,CHF Millions,148948.7
2021,FDI in Switzerland (Inward),Capital stocks,Equity capital,DSPE,of which special purpose entities,Services,CHF Millions,146546.5
2021,FDI in Switzerland (Inward),Capital stocks,Total,B,Banks,Services,CHF Millions,23193.3
2021,FDI in Switzerland (Inward),Capital stocks,Total,CUK,Chemicals and plastics,Manufacturing,CHF Millions,87253.5
2021,FDI in Switzerland (Inward),Capital stocks,Total,EEOU,"Electronics, energy, optical and watchmaking",Manufacturing,CHF Millions,49446.2
2021,FDI in Switzerland (Inward),Capital stocks,Total,V,Insurance companies,Services,CHF Millions,18610.6
2021,FDI in Switzerland (Inward),Capital stocks,Total,PMG,Memorandum item: Real estate activities,All / Total,CHF Millions,38739.8
2021,FDI in Switzerland (Inward),Capital stocks,Total,PMT,Memorandum item: Total including real estate activities,All / Total,CHF Millions,1133311.6
2021,FDI in Switzerland (Inward),Capital stocks,Total,MUM,Metals and machinery,Manufacturing,CHF Millions,23236.9
2021,FDI in Switzerland (Inward),Capital stocks,Total,UIB,Other manufacturing and construction,Manufacturing,CHF Millions,19512.4
2021,FDI in Switzerland (Inward),Capital stocks,Total,DU,Other services,Services,CHF Millions,68547.6
2021,FDI in Switzerland (Inward),Capital stocks,Total,T0,Total,Manufacturing,CHF Millions,179449.0
2021,FDI in Switzerland (Inward),Capital stocks,Total,T1,Total,Services,CHF Millions,915122.7
2021,FDI in Switzerland (Inward),Capital stocks,Total,T2,Total,Services,CHF Millions,522836.3
2021,FDI in Switzerland (Inward),Capital stocks,Total,D1_2,Total,All / Total,CHF Millions,1094571.7
2021,FDI in Switzerland (Inward),Capital stocks,Total,D1_3,Total excluding special purpose entities,All / Total,CHF Millions,938585.8
2021,FDI in Switzerland (Inward),Capital stocks,Total,H,Trade,Services,CHF Millions,258868.3
2021,FDI in Switzerland (Inward),Capital stocks,Total,TUK,Transportation and communications,Services,CHF Millions,23066.7
2021,FDI in Switzerland (Inward),Capital stocks,Total,DSPE0,of which special purpose entities,Services,CHF Millions,155985.9
2021,FDI in Switzerland (Inward),Capital stocks,Total,DSPE,of which special purpose entities,Services,CHF Millions,153819.9
2021,FDI in Switzerland (Inward),Capital transactions (flows),Debt instruments,B,Banks,Services,CHF Millions,
2021,FDI in Switzerland (Inward),Capital transactions (flows),Debt instruments,CUK,Chemicals and plastics,Manufacturing,CHF Millions,5933.0
2021,FDI in Switzerland (Inward),Capital transactions (flows),Debt instruments,EEOU,"Electronics, energy, optical and watchmaking",Manufacturing,CHF Millions,151.9
2021,FDI in Switzerland (Inward),Capital transactions (flows),Debt instruments,V,Insurance companies,Services,CHF Millions,-231.9
2021,FDI in Switzerland (Inward),Capital transactions (flows),Debt instruments,MUM,Metals and machinery,Manufacturing,CHF Millions,3257.9
2021,FDI in Switzerland (Inward),Capital transactions (flows),Debt instruments,UIB,Other manufacturing and construction,Manufacturing,CHF Millions,745.9
2021,FDI in Switzerland (Inward),Capital transactions (flows),Debt instruments,DU,Other services,Services,CHF Millions,11260.0
2021,FDI in Switzerland (Inward),Capital transactions (flows),Debt instruments,T0,Total,Manufacturing,CHF Millions,10088.6
2021,FDI in Switzerland (Inward),Capital transactions (flows),Debt instruments,T1,Total,Services,CHF Millions,6313.5
2021,FDI in Switzerland (Inward),Capital transactions (flows),Debt instruments,T2,Total,Services,CHF Millions,-1856.2
2021,FDI in Switzerland (Inward),Capital transactions (flows),Debt instruments,D1_2,Total,All / Total,CHF Millions,16402.1
2021,FDI in Switzerland (Inward),Capital transactions (flows),Debt instruments,D1_3,Total excluding special purpose entities,All / Total,CHF Millions,13312.4
2021,FDI in Switzerland (Inward),Capital transactions (flows),Debt instruments,H,Trade,Services,CHF Millions,-4810.3
2021,FDI in Switzerland (Inward),Capital transactions (flows),Debt instruments,TUK,Transportation and communications,Services,CHF Millions,1951.9
2021,FDI in Switzerland (Inward),Capital transactions (flows),Debt instruments,DSPE0,of which special purpose entities,Services,CHF Millions,3089.7
2021,FDI in Switzerland (Inward),Capital transactions (flows),Debt instruments,DSPE,of which special purpose entities,Services,CHF Millions,3447.0
2021,FDI in Switzerland (Inward),Capital transactions (flows),Equity capital excluding reinvested earnings,B,Banks,Services,CHF Millions,-32.9
2021,FDI in Switzerland (Inward),Capital transactions (flows),Equity capital excluding reinvested earnings,CUK,Chemicals and plastics,Manufacturing,CHF Millions,-7021.2
2021,FDI in Switzerland (Inward),Capital transactions (flows),Equity capital excluding reinvested earnings,EEOU,"Electronics, energy, optical and watchmaking",Manufacturing,CHF Millions,-4819.9
2021,FDI in Switzerland (Inward),Capital transactions (flows),Equity capital excluding reinvested earnings,V,Insurance companies,Services,CHF Millions,176.8
2021,FDI in Switzerland (Inward),Capital transactions (flows),Equity capital excluding reinvested earnings,PMG,Memorandum item: Real estate activities,All / Total,CHF Millions,455.3
2021,FDI in Switzerland (Inward),Capital transactions (flows),Equity capital excluding reinvested earnings,PMT,Memorandum item: Total including real estate activities,All / Total,CHF Millions,-184067.4
2021,FDI in Switzerland (Inward),Capital transactions (flows),Equity capital excluding reinvested earnings,MUM,Metals and machinery,Manufacturing,CHF Millions,204.9
2021,FDI in Switzerland (Inward),Capital transactions (flows),Equity capital excluding reinvested earnings,UIB,Other manufacturing and construction,Manufacturing,CHF Millions,-625.5
2021,FDI in Switzerland (Inward),Capital transactions (flows),Equity capital excluding reinvested earnings,DU,Other services,Services,CHF Millions,-4179.2
2021,FDI in Switzerland (Inward),Capital transactions (flows),Equity capital excluding reinvested earnings,T0,Total,Manufacturing,CHF Millions,-12261.8
2021,FDI in Switzerland (Inward),Capital transactions (flows),Equity capital excluding reinvested earnings,T1,Total,Services,CHF Millions,-172261.0
2021,FDI in Switzerland (Inward),Capital transactions (flows),Equity capital excluding reinvested earnings,T2,Total,Services,CHF Millions,-158153.5
2021,FDI in Switzerland (Inward),Capital transactions (flows),Equity capital excluding reinvested earnings,D1_2,Total,All / Total,CHF Millions,-184522.7
2021,FDI in Switzerland (Inward),Capital transactions (flows),Equity capital excluding reinvested earnings,D1_3,Total excluding special purpose entities,All / Total,CHF Millions,-104513.3
2021,FDI in Switzerland (Inward),Capital transactions (flows),Equity capital excluding reinvested earnings,H,Trade,Services,CHF Millions,-9655.1
2021,FDI in Switzerland (Inward),Capital transactions (flows),Equity capital excluding reinvested earnings,TUK,Transportation and communications,Services,CHF Millions,-417.1
2021,FDI in Switzerland (Inward),Capital transactions (flows),Equity capital excluding reinvested earnings,DSPE0,of which special purpose entities,Services,CHF Millions,-80009.5
2021,FDI in Switzerland (Inward),Capital transactions (flows),Equity capital excluding reinvested earnings,DSPE,of which special purpose entities,Services,CHF Millions,-80206.6
2021,FDI in Switzerland (Inward),Capital transactions (flows),Reinvested earnings,B,Banks,Services,CHF Millions,133.0
2021,FDI in Switzerland (Inward),Capital transactions (flows),Reinvested earnings,CUK,Chemicals and plastics,Manufacturing,CHF Millions,7772.3
2021,FDI in Switzerland (Inward),Capital transactions (flows),Reinvested earnings,EEOU,"Electronics, energy, optical and watchmaking",Manufacturing,CHF Millions,556.5
2021,FDI in Switzerland (Inward),Capital transactions (flows),Reinvested earnings,V,Insurance companies,Services,CHF Millions,564.8
2021,FDI in Switzerland (Inward),Capital transactions (flows),Reinvested earnings,MUM,Metals and machinery,Manufacturing,CHF Millions,-121.0
2021,FDI in Switzerland (Inward),Capital transactions (flows),Reinvested earnings,UIB,Other manufacturing and construction,Manufacturing,CHF Millions,71.6
2021,FDI in Switzerland (Inward),Capital transactions (flows),Reinvested earnings,DU,Other services,Services,CHF Millions,-1031.1
2021,FDI in Switzerland (Inward),Capital transactions (flows),Reinvested earnings,T0,Total,Manufacturing,CHF Millions,8279.3
2021,FDI in Switzerland (Inward),Capital transactions (flows),Reinvested earnings,T1,Total,Services,CHF Millions,23130.6
2021,FDI in Switzerland (Inward),Capital transactions (flows),Reinvested earnings,T2,Total,Services,CHF Millions,7967.7
2021,FDI in Switzerland (Inward),Capital transactions (flows),Reinvested earnings,D1_2,Total,All / Total,CHF Millions,31409.8
2021,FDI in Switzerland (Inward),Capital transactions (flows),Reinvested earnings,D1_3,Total excluding special purpose entities,All / Total,CHF Millions,25321.1
2021,FDI in Switzerland (Inward),Capital transactions (flows),Reinvested earnings,H,Trade,Services,CHF Millions,13529.5
2021,FDI in Switzerland (Inward),Capital transactions (flows),Reinvested earnings,TUK,Transportation and communications,Services,CHF Millions,-1031.1
2021,FDI in Switzerland (Inward),Capital transactions (flows),Reinvested earnings,DSPE0,of which special purpose entities,Services,CHF Millions,6088.8
2021,FDI in Switzerland (Inward),Capital transactions (flows),Reinvested earnings,DSPE,of which special purpose entities,Services,CHF Millions,5987.0
2021,FDI in Switzerland (Inward),Capital transactions (flows),Total,B,Banks,Services,CHF Millions,100.1
2021,FDI in Switzerland (Inward),Capital transactions (flows),Total,CUK,Chemicals and plastics,Manufacturing,CHF Millions,6684.0
2021,FDI in Switzerland (Inward),Capital transactions (flows),Total,EEOU,"Electronics, energy, optical and watchmaking",Manufacturing,CHF Millions,-4111.5
2021,FDI in Switzerland (Inward),Capital transactions (flows),Total,V,Insurance companies,Services,CHF Millions,509.8
2021,FDI in Switzerland (Inward),Capital transactions (flows),Total,PMG,Memorandum item: Real estate activities,All / Total,CHF Millions,455.3
2021,FDI in Switzerland (Inward),Capital transactions (flows),Total,PMT,Memorandum item: Total including real estate activities,All / Total,CHF Millions,-136255.4
2021,FDI in Switzerland (Inward),Capital transactions (flows),Total,MUM,Metals and machinery,Manufacturing,CHF Millions,3341.7
2021,FDI in Switzerland (Inward),Capital transactions (flows),Total,UIB,Other manufacturing and construction,Manufacturing,CHF Millions,191.9
2021,FDI in Switzerland (Inward),Capital transactions (flows),Total,DU,Other services,Services,CHF Millions,9047.4
2021,FDI in Switzerland (Inward),Capital transactions (flows),Total,T0,Total,Manufacturing,CHF Millions,6106.1
2021,FDI in Switzerland (Inward),Capital transactions (flows),Total,T1,Total,Services,CHF Millions,-142816.9
2021,FDI in Switzerland (Inward),Capital transactions (flows),Total,T2,Total,Services,CHF Millions,-152042.0
2021,FDI in Switzerland (Inward),Capital transactions (flows),Total,D1_2,Total,All / Total,CHF Millions,-136710.7
2021,FDI in Switzerland (Inward),Capital transactions (flows),Total,D1_3,Total excluding special purpose entities,All / Total,CHF Millions,-65879.8
2021,FDI in Switzerland (Inward),Capital transactions (flows),Total,H,Trade,Services,CHF Millions,-935.8
2021,FDI in Switzerland (Inward),Capital transactions (flows),Total,TUK,Transportation and communications,Services,CHF Millions,503.7
2021,FDI in Switzerland (Inward),Capital transactions (flows),Total,DSPE0,of which special purpose entities,Services,CHF Millions,-70830.9
2021,FDI in Switzerland (Inward),Capital transactions (flows),Total,DSPE,of which special purpose entities,Services,CHF Millions,-70772.5
2021,FDI in Switzerland (Inward),Investment income,Debt instruments: net interest,B,Banks,Services,CHF Millions,
2021,FDI in Switzerland (Inward),Investment income,Debt instruments: net interest,CUK,Chemicals and plastics,Manufacturing,CHF Millions,174.9
2021,FDI in Switzerland (Inward),Investment income,Debt instruments: net interest,EEOU,"Electronics, energy, optical and watchmaking",Manufacturing,CHF Millions,1.8
2021,FDI in Switzerland (Inward),Investment income,Debt instruments: net interest,V,Insurance companies,Services,CHF Millions,-266.0
2021,FDI in Switzerland (Inward),Investment income,Debt instruments: net interest,MUM,Metals and machinery,Manufacturing,CHF Millions,33.7
2021,FDI in Switzerland (Inward),Investment income,Debt instruments: net interest,UIB,Other manufacturing and construction,Manufacturing,CHF Millions,-27.5
2021,FDI in Switzerland (Inward),Investment income,Debt instruments: net interest,DU,Other services,Services,CHF Millions,101.5
2021,FDI in Switzerland (Inward),Investment income,Debt instruments: net interest,T0,Total,Manufacturing,CHF Millions,183.0
2021,FDI in Switzerland (Inward),Investment income,Debt instruments: net interest,T1,Total,Services,CHF Millions,1017.0
2021,FDI in Switzerland (Inward),Investment income,Debt instruments: net interest,T2,Total,Services,CHF Millions,23.2
2021,FDI in Switzerland (Inward),Investment income,Debt instruments: net interest,D1_2,Total,All / Total,CHF Millions,1200.0
2021,FDI in Switzerland (Inward),Investment income,Debt instruments: net interest,D1_3,Total excluding special purpose entities,All / Total,CHF Millions,714.2
2021,FDI in Switzerland (Inward),Investment income,Debt instruments: net interest,H,Trade,Services,CHF Millions,578.4
2021,FDI in Switzerland (Inward),Investment income,Debt instruments: net interest,TUK,Transportation and communications,Services,CHF Millions,579.9
2021,FDI in Switzerland (Inward),Investment income,Debt instruments: net interest,DSPE0,of which special purpose entities,Services,CHF Millions,485.8
2021,FDI in Switzerland (Inward),Investment income,Debt instruments: net interest,DSPE,of which special purpose entities,Services,CHF Millions,482.6
2021,FDI in Switzerland (Inward),Investment income,Dividends,B,Banks,Services,CHF Millions,293.0
2021,FDI in Switzerland (Inward),Investment income,Dividends,CUK,Chemicals and plastics,Manufacturing,CHF Millions,6558.6
2021,FDI in Switzerland (Inward),Investment income,Dividends,EEOU,"Electronics, energy, optical and watchmaking",Manufacturing,CHF Millions,1573.2
2021,FDI in Switzerland (Inward),Investment income,Dividends,V,Insurance companies,Services,CHF Millions,2785.7
2021,FDI in Switzerland (Inward),Investment income,Dividends,MUM,Metals and machinery,Manufacturing,CHF Millions,2311.6
2021,FDI in Switzerland (Inward),Investment income,Dividends,UIB,Other manufacturing and construction,Manufacturing,CHF Millions,562.2
2021,FDI in Switzerland (Inward),Investment income,Dividends,DU,Other services,Services,CHF Millions,11004.7
2021,FDI in Switzerland (Inward),Investment income,Dividends,T0,Total,Manufacturing,CHF Millions,11005.6
2021,FDI in Switzerland (Inward),Investment income,Dividends,T1,Total,Services,CHF Millions,62363.5
2021,FDI in Switzerland (Inward),Investment income,Dividends,T2,Total,Services,CHF Millions,30554.5
2021,FDI in Switzerland (Inward),Investment income,Dividends,D1_2,Total,All / Total,CHF Millions,73369.2
2021,FDI in Switzerland (Inward),Investment income,Dividends,D1_3,Total excluding special purpose entities,All / Total,CHF Millions,71397.1
2021,FDI in Switzerland (Inward),Investment income,Dividends,H,Trade,Services,CHF Millions,16756.6
2021,FDI in Switzerland (Inward),Investment income,Dividends,TUK,Transportation and communications,Services,CHF Millions,969.0
2021,FDI in Switzerland (Inward),Investment income,Dividends,DSPE0,of which special purpose entities,Services,CHF Millions,1972.0
2021,FDI in Switzerland (Inward),Investment income,Dividends,DSPE,of which special purpose entities,Services,CHF Millions,1960.3
2021,FDI in Switzerland (Inward),Investment income,Reinvested earnings,B,Banks,Services,CHF Millions,133.0
2021,FDI in Switzerland (Inward),Investment income,Reinvested earnings,CUK,Chemicals and plastics,Manufacturing,CHF Millions,7772.3
2021,FDI in Switzerland (Inward),Investment income,Reinvested earnings,EEOU,"Electronics, energy, optical and watchmaking",Manufacturing,CHF Millions,556.5
2021,FDI in Switzerland (Inward),Investment income,Reinvested earnings,V,Insurance companies,Services,CHF Millions,564.8
2021,FDI in Switzerland (Inward),Investment income,Reinvested earnings,MUM,Metals and machinery,Manufacturing,CHF Millions,-121.0
2021,FDI in Switzerland (Inward),Investment income,Reinvested earnings,UIB,Other manufacturing and construction,Manufacturing,CHF Millions,71.6
2021,FDI in Switzerland (Inward),Investment income,Reinvested earnings,DU,Other services,Services,CHF Millions,1966.6
2021,FDI in Switzerland (Inward),Investment income,Reinvested earnings,T0,Total,Manufacturing,CHF Millions,8279.3
2021,FDI in Switzerland (Inward),Investment income,Reinvested earnings,T1,Total,Services,CHF Millions,23130.6
2021,FDI in Switzerland (Inward),Investment income,Reinvested earnings,T2,Total,Services,CHF Millions,7967.7
2021,FDI in Switzerland (Inward),Investment income,Reinvested earnings,D1_2,Total,All / Total,CHF Millions,31409.8
2021,FDI in Switzerland (Inward),Investment income,Reinvested earnings,D1_3,Total excluding special purpose entities,All / Total,CHF Millions,25321.1
2021,FDI in Switzerland (Inward),Investment income,Reinvested earnings,H,Trade,Services,CHF Millions,13529.5
2021,FDI in Switzerland (Inward),Investment income,Reinvested earnings,TUK,Transportation and communications,Services,CHF Millions,-1031.1
2021,FDI in Switzerland (Inward),Investment income,Reinvested earnings,DSPE0,of which special purpose entities,Services,CHF Millions,6088.8
2021,FDI in Switzerland (Inward),Investment income,Reinvested earnings,DSPE,of which special purpose entities,Services,CHF Millions,5987.0
2021,FDI in Switzerland (Inward),Investment income,Total,B,Banks,Services,CHF Millions,425.9
2021,FDI in Switzerland (Inward),Investment income,Total,CUK,Chemicals and plastics,Manufacturing,CHF Millions,14505.8
2021,FDI in Switzerland (Inward),Investment income,Total,EEOU,"Electronics, energy, optical and watchmaking",Manufacturing,CHF Millions,2131.5
2021,FDI in Switzerland (Inward),Investment income,Total,V,Insurance companies,Services,CHF Millions,3084.5
2021,FDI in Switzerland (Inward),Investment income,Total,MUM,Metals and machinery,Manufacturing,CHF Millions,2224.3
2021,FDI in Switzerland (Inward),Investment income,Total,UIB,Other manufacturing and construction,Manufacturing,CHF Millions,606.3
2021,FDI in Switzerland (Inward),Investment income,Total,DU,Other services,Services,CHF Millions,13072.8
2021,FDI in Switzerland (Inward),Investment income,Total,T0,Total,Manufacturing,CHF Millions,19467.9
2021,FDI in Switzerland (Inward),Investment income,Total,T1,Total,Services,CHF Millions,86511.1
2021,FDI in Switzerland (Inward),Investment income,Total,T2,Total,Services,CHF Millions,38545.5
2021,FDI in Switzerland (Inward),Investment income,Total,D1_2,Total,All / Total,CHF Millions,105979.0
2021,FDI in Switzerland (Inward),Investment income,Total,D1_3,Total excluding special purpose entities,All / Total,CHF Millions,97432.4
2021,FDI in Switzerland (Inward),Investment income,Total,H,Trade,Services,CHF Millions,30864.6
2021,FDI in Switzerland (Inward),Investment income,Total,TUK,Transportation and communications,Services,CHF Millions,517.9
2021,FDI in Switzerland (Inward),Investment income,Total,DSPE0,of which special purpose entities,Services,CHF Millions,8546.6
2021,FDI in Switzerland (Inward),Investment income,Total,DSPE,of which special purpose entities,Services,CHF Millions,8430.0
2021,Swiss FDI abroad (Outward),Capital stocks,Debt instruments,B,Banks,Services,CHF Millions,
2021,Swiss FDI abroad (Outward),Capital stocks,Debt instruments,CUK,Chemicals and plastics,Manufacturing,CHF Millions,51562.7
2021,Swiss FDI abroad (Outward),Capital stocks,Debt instruments,SB,Domestically controlled,Services,CHF Millions,20171.7
2021,Swiss FDI abroad (Outward),Capital stocks,Debt instruments,EEOU,"Electronics, energy, optical and watchmaking",Manufacturing,CHF Millions,-3406.9
2021,Swiss FDI abroad (Outward),Capital stocks,Debt instruments,V,Insurance companies,Services,CHF Millions,-20744.5
2021,Swiss FDI abroad (Outward),Capital stocks,Debt instruments,MUM,Metals and machinery,Manufacturing,CHF Millions,13192.8
2021,Swiss FDI abroad (Outward),Capital stocks,Debt instruments,UIB,Other manufacturing and construction,Manufacturing,CHF Millions,8833.8
2021,Swiss FDI abroad (Outward),Capital stocks,Debt instruments,DU,Other services,Services,CHF Millions,10653.7
2021,Swiss FDI abroad (Outward),Capital stocks,Debt instruments,T0,Total,Manufacturing,CHF Millions,70182.3
2021,Swiss FDI abroad (Outward),Capital stocks,Debt instruments,T1,Total,Services,CHF Millions,28899.0
2021,Swiss FDI abroad (Outward),Capital stocks,Debt instruments,T2,Total,Services,CHF Millions,54406.7
2021,Swiss FDI abroad (Outward),Capital stocks,Debt instruments,T3,Total,Services,CHF Millions,34235.0
2021,Swiss FDI abroad (Outward),Capital stocks,Debt instruments,D1_2,Total,All / Total,CHF Millions,99081.3
2021,Swiss FDI abroad (Outward),Capital stocks,Debt instruments,D1_5,Total excluding foreign-controlled enterprises,All / Total,CHF Millions,55021.5
2021,Swiss FDI abroad (Outward),Capital stocks,Debt instruments,D1_3,Total excluding foreign-controlled finance and holding companies,All / Total,CHF Millions,64846.4
2021,Swiss FDI abroad (Outward),Capital stocks,Debt instruments,D1_4,Total excluding special purpose entities,All / Total,CHF Millions,98422.5
2021,Swiss FDI abroad (Outward),Capital stocks,Debt instruments,D1_6,Total foreign-controlled enterprises,All / Total,CHF Millions,44059.9
2021,Swiss FDI abroad (Outward),Capital stocks,Debt instruments,H,Trade,Services,CHF Millions,-6766.3
2021,Swiss FDI abroad (Outward),Capital stocks,Debt instruments,TUK,Transportation and communications,Services,CHF Millions,-8650.6
2021,Swiss FDI abroad (Outward),Capital stocks,Debt instruments,DSPE0,of which special purpose entities,Services,CHF Millions,658.9
2021,Swiss FDI abroad (Outward),Capital stocks,Debt instruments,DSPE,of which special purpose entities,Services,CHF Millions,648.9
2021,Swiss FDI abroad (Outward),Capital stocks,Equity capital,B,Banks,Services,CHF Millions,73729.8
2021,Swiss FDI abroad (Outward),Capital stocks,Equity capital,CUK,Chemicals and plastics,Manufacturing,CHF Millions,162476.2
2021,Swiss FDI abroad (Outward),Capital stocks,Equity capital,SB,Domestically controlled,Services,CHF Millions,85852.8
2021,Swiss FDI abroad (Outward),Capital stocks,Equity capital,EEOU,"Electronics, energy, optical and watchmaking",Manufacturing,CHF Millions,90201.0
2021,Swiss FDI abroad (Outward),Capital stocks,Equity capital,V,Insurance companies,Services,CHF Millions,137158.9
2021,Swiss FDI abroad (Outward),Capital stocks,Equity capital,PMG,Memorandum item: Real estate activities,All / Total,CHF Millions,7276.6
2021,Swiss FDI abroad (Outward),Capital stocks,Equity capital,PMT,Memorandum item: Total including real estate activities,All / Total,CHF Millions,1365265.1
2021,Swiss FDI abroad (Outward),Capital stocks,Equity capital,MUM,Metals and machinery,Manufacturing,CHF Millions,45251.1
2021,Swiss FDI abroad (Outward),Capital stocks,Equity capital,UIB,Other manufacturing and construction,Manufacturing,CHF Millions,133956.6
2021,Swiss FDI abroad (Outward),Capital stocks,Equity capital,DU,Other services,Services,CHF Millions,26574.9
2021,Swiss FDI abroad (Outward),Capital stocks,Equity capital,T0,Total,Manufacturing,CHF Millions,431884.9
2021,Swiss FDI abroad (Outward),Capital stocks,Equity capital,T1,Total,Services,CHF Millions,926103.6
2021,Swiss FDI abroad (Outward),Capital stocks,Equity capital,T2,Total,Services,CHF Millions,480004.3
2021,Swiss FDI abroad (Outward),Capital stocks,Equity capital,T3,Total,Services,CHF Millions,394151.5
2021,Swiss FDI abroad (Outward),Capital stocks,Equity capital,D1_2,Total,All / Total,CHF Millions,1357988.5
2021,Swiss FDI abroad (Outward),Capital stocks,Equity capital,D1_5,Total excluding foreign-controlled enterprises,All / Total,CHF Millions,664943.4
2021,Swiss FDI abroad (Outward),Capital stocks,Equity capital,D1_3,Total excluding foreign-controlled finance and holding companies,All / Total,CHF Millions,963837.0
2021,Swiss FDI abroad (Outward),Capital stocks,Equity capital,D1_4,Total excluding special purpose entities,All / Total,CHF Millions,1228328.6
2021,Swiss FDI abroad (Outward),Capital stocks,Equity capital,D1_6,Total foreign-controlled enterprises,All / Total,CHF Millions,693045.1
2021,Swiss FDI abroad (Outward),Capital stocks,Equity capital,H,Trade,Services,CHF Millions,168900.4
2021,Swiss FDI abroad (Outward),Capital stocks,Equity capital,TUK,Transportation and communications,Services,CHF Millions,39735.2
2021,Swiss FDI abroad (Outward),Capital stocks,Equity capital,DSPE0,of which special purpose entities,Services,CHF Millions,129659.9
2021,Swiss FDI abroad (Outward),Capital stocks,Equity capital,DSPE,of which special purpose entities,Services,CHF Millions,128527.2
2021,Swiss FDI abroad (Outward),Capital stocks,Total,B,Banks,Services,CHF Millions,73729.8
2021,Swiss FDI abroad (Outward),Capital stocks,Total,CUK,Chemicals and plastics,Manufacturing,CHF Millions,214038.9
2021,Swiss FDI abroad (Outward),Capital stocks,Total,SB,Domestically controlled,Services,CHF Millions,106024.5
2021,Swiss FDI abroad (Outward),Capital stocks,Total,EEOU,"Electronics, energy, optical and watchmaking",Manufacturing,CHF Millions,86794.0
2021,Swiss FDI abroad (Outward),Capital stocks,Total,V,Insurance companies,Services,CHF Millions,116414.4
2021,Swiss FDI abroad (Outward),Capital stocks,Total,PMG,Memorandum item: Real estate activities,All / Total,CHF Millions,7276.6
2021,Swiss FDI abroad (Outward),Capital stocks,Total,PMT,Memorandum item: Total including real estate activities,All / Total,CHF Millions,1464346.4
2021,Swiss FDI abroad (Outward),Capital stocks,Total,MUM,Metals and machinery,Manufacturing,CHF Millions,58443.9
2021,Swiss FDI abroad (Outward),Capital stocks,Total,UIB,Other manufacturing and construction,Manufacturing,CHF Millions,142790.4
2021,Swiss FDI abroad (Outward),Capital stocks,Total,DU,Other services,Services,CHF Millions,37228.6
2021,Swiss FDI abroad (Outward),Capital stocks,Total,T0,Total,Manufacturing,CHF Millions,502067.3
2021,Swiss FDI abroad (Outward),Capital stocks,Total,T1,Total,Services,CHF Millions,955002.6
2021,Swiss FDI abroad (Outward),Capital stocks,Total,T2,Total,Services,CHF Millions,534411.0
2021,Swiss FDI abroad (Outward),Capital stocks,Total,T3,Total,Services,CHF Millions,428386.5
2021,Swiss FDI abroad (Outward),Capital stocks,Total,D1_2,Total,All / Total,CHF Millions,1457069.9
2021,Swiss FDI abroad (Outward),Capital stocks,Total,D1_5,Total excluding foreign-controlled enterprises,All / Total,CHF Millions,719964.9
2021,Swiss FDI abroad (Outward),Capital stocks,Total,D1_3,Total excluding foreign-controlled finance and holding companies,All / Total,CHF Millions,1028683.4
2021,Swiss FDI abroad (Outward),Capital stocks,Total,D1_4,Total excluding special purpose entities,All / Total,CHF Millions,1326751.1
2021,Swiss FDI abroad (Outward),Capital stocks,Total,D1_6,Total foreign-controlled enterprises,All / Total,CHF Millions,737105.0
2021,Swiss FDI abroad (Outward),Capital stocks,Total,H,Trade,Services,CHF Millions,162134.1
2021,Swiss FDI abroad (Outward),Capital stocks,Total,TUK,Transportation and communications,Services,CHF Millions,31084.7
2021,Swiss FDI abroad (Outward),Capital stocks,Total,DSPE0,of which special purpose entities,Services,CHF Millions,130318.7
2021,Swiss FDI abroad (Outward),Capital stocks,Total,DSPE,of which special purpose entities,Services,CHF Millions,129176.1
2021,Swiss FDI abroad (Outward),Capital transactions (flows),Debt instruments,B,Banks,Services,CHF Millions,
2021,Swiss FDI abroad (Outward),Capital transactions (flows),Debt instruments,CUK,Chemicals and plastics,Manufacturing,CHF Millions,18368.4
2021,Swiss FDI abroad (Outward),Capital transactions (flows),Debt instruments,SB,Domestically controlled,Services,CHF Millions,2017.4
2021,Swiss FDI abroad (Outward),Capital transactions (flows),Debt instruments,EEOU,"Electronics, energy, optical and watchmaking",Manufacturing,CHF Millions,-2523.5
2021,Swiss FDI abroad (Outward),Capital transactions (flows),Debt instruments,V,Insurance companies,Services,CHF Millions,-2734.4
2021,Swiss FDI abroad (Outward),Capital transactions (flows),Debt instruments,MUM,Metals and machinery,Manufacturing,CHF Millions,128.9
2021,Swiss FDI abroad (Outward),Capital transactions (flows),Debt instruments,UIB,Other manufacturing and construction,Manufacturing,CHF Millions,-4029.4
2021,Swiss FDI abroad (Outward),Capital transactions (flows),Debt instruments,DU,Other services,Services,CHF Millions,2914.3
2021,Swiss FDI abroad (Outward),Capital transactions (flows),Debt instruments,T0,Total,Manufacturing,CHF Millions,11944.4
2021,Swiss FDI abroad (Outward),Capital transactions (flows),Debt instruments,T1,Total,Services,CHF Millions,-23374.1
2021,Swiss FDI abroad (Outward),Capital transactions (flows),Debt instruments,T2,Total,Services,CHF Millions,6068.7
2021,Swiss FDI abroad (Outward),Capital transactions (flows),Debt instruments,T3,Total,Services,CHF Millions,4051.3
2021,Swiss FDI abroad (Outward),Capital transactions (flows),Debt instruments,D1_2,Total,All / Total,CHF Millions,-11429.7
2021,Swiss FDI abroad (Outward),Capital transactions (flows),Debt instruments,D1_5,Total excluding foreign-controlled enterprises,All / Total,CHF Millions,-12227.7
2021,Swiss FDI abroad (Outward),Capital transactions (flows),Debt instruments,D1_3,Total excluding foreign-controlled finance and holding companies,All / Total,CHF Millions,-15481.0
2021,Swiss FDI abroad (Outward),Capital transactions (flows),Debt instruments,D1_4,Total excluding special purpose entities,All / Total,CHF Millions,-10936.6
2021,Swiss FDI abroad (Outward),Capital transactions (flows),Debt instruments,D1_6,Total foreign-controlled enterprises,All / Total,CHF Millions,798.1
2021,Swiss FDI abroad (Outward),Capital transactions (flows),Debt instruments,H,Trade,Services,CHF Millions,-12333.2
2021,Swiss FDI abroad (Outward),Capital transactions (flows),Debt instruments,TUK,Transportation and communications,Services,CHF Millions,-17289.5
2021,Swiss FDI abroad (Outward),Capital transactions (flows),Debt instruments,DSPE0,of which special purpose entities,Services,CHF Millions,-493.1
2021,Swiss FDI abroad (Outward),Capital transactions (flows),Debt instruments,DSPE,of which special purpose entities,Services,CHF Millions,-389.1
2021,Swiss FDI abroad (Outward),Capital transactions (flows),Equity capital excluding reinvested earnings,B,Banks,Services,CHF Millions,1307.0
2021,Swiss FDI abroad (Outward),Capital transactions (flows),Equity capital excluding reinvested earnings,CUK,Chemicals and plastics,Manufacturing,CHF Millions,-6042.0
2021,Swiss FDI abroad (Outward),Capital transactions (flows),Equity capital excluding reinvested earnings,SB,Domestically controlled,Services,CHF Millions,2698.9
2021,Swiss FDI abroad (Outward),Capital transactions (flows),Equity capital excluding reinvested earnings,EEOU,"Electronics, energy, optical and watchmaking",Manufacturing,CHF Millions,-318.0
2021,Swiss FDI abroad (Outward),Capital transactions (flows),Equity capital excluding reinvested earnings,V,Insurance companies,Services,CHF Millions,849.0
2021,Swiss FDI abroad (Outward),Capital transactions (flows),Equity capital excluding reinvested earnings,PMG,Memorandum item: Real estate activities,All / Total,CHF Millions,865.5
2021,Swiss FDI abroad (Outward),Capital transactions (flows),Equity capital excluding reinvested earnings,PMT,Memorandum item: Total including real estate activities,All / Total,CHF Millions,-127975.9
2021,Swiss FDI abroad (Outward),Capital transactions (flows),Equity capital excluding reinvested earnings,MUM,Metals and machinery,Manufacturing,CHF Millions,5541.7
2021,Swiss FDI abroad (Outward),Capital transactions (flows),Equity capital excluding reinvested earnings,UIB,Other manufacturing and construction,Manufacturing,CHF Millions,-6777.9
2021,Swiss FDI abroad (Outward),Capital transactions (flows),Equity capital excluding reinvested earnings,DU,Other services,Services,CHF Millions,-14557.3
2021,Swiss FDI abroad (Outward),Capital transactions (flows),Equity capital excluding reinvested earnings,T0,Total,Manufacturing,CHF Millions,-7596.2
2021,Swiss FDI abroad (Outward),Capital transactions (flows),Equity capital excluding reinvested earnings,T1,Total,Services,CHF Millions,-121245.2
2021,Swiss FDI abroad (Outward),Capital transactions (flows),Equity capital excluding reinvested earnings,T2,Total,Services,CHF Millions,-108921.2
2021,Swiss FDI abroad (Outward),Capital transactions (flows),Equity capital excluding reinvested earnings,T3,Total,Services,CHF Millions,-111620.1
2021,Swiss FDI abroad (Outward),Capital transactions (flows),Equity capital excluding reinvested earnings,D1_2,Total,All / Total,CHF Millions,-128841.4
2021,Swiss FDI abroad (Outward),Capital transactions (flows),Equity capital excluding reinvested earnings,D1_5,Total excluding foreign-controlled enterprises,All / Total,CHF Millions,-7387.3
2021,Swiss FDI abroad (Outward),Capital transactions (flows),Equity capital excluding reinvested earnings,D1_3,Total excluding foreign-controlled finance and holding companies,All / Total,CHF Millions,-17221.3
2021,Swiss FDI abroad (Outward),Capital transactions (flows),Equity capital excluding reinvested earnings,D1_4,Total excluding special purpose entities,All / Total,CHF Millions,-82875.7
2021,Swiss FDI abroad (Outward),Capital transactions (flows),Equity capital excluding reinvested earnings,D1_6,Total foreign-controlled enterprises,All / Total,CHF Millions,-121454.1
2021,Swiss FDI abroad (Outward),Capital transactions (flows),Equity capital excluding reinvested earnings,H,Trade,Services,CHF Millions,-79.3
2021,Swiss FDI abroad (Outward),Capital transactions (flows),Equity capital excluding reinvested earnings,TUK,Transportation and communications,Services,CHF Millions,156.5
2021,Swiss FDI abroad (Outward),Capital transactions (flows),Equity capital excluding reinvested earnings,DSPE0,of which special purpose entities,Services,CHF Millions,-45965.8
2021,Swiss FDI abroad (Outward),Capital transactions (flows),Equity capital excluding reinvested earnings,DSPE,of which special purpose entities,Services,CHF Millions,-46018.5
2021,Swiss FDI abroad (Outward),Capital transactions (flows),Reinvested earnings,B,Banks,Services,CHF Millions,-9975.4
2021,Swiss FDI abroad (Outward),Capital transactions (flows),Reinvested earnings,CUK,Chemicals and plastics,Manufacturing,CHF Millions,8207.5
2021,Swiss FDI abroad (Outward),Capital transactions (flows),Reinvested earnings,SB,Domestically controlled,Services,CHF Millions,-919.1
2021,Swiss FDI abroad (Outward),Capital transactions (flows),Reinvested earnings,EEOU,"Electronics, energy, optical and watchmaking",Manufacturing,CHF Millions,5679.3
2021,Swiss FDI abroad (Outward),Capital transactions (flows),Reinvested earnings,V,Insurance companies,Services,CHF Millions,8794.3
2021,Swiss FDI abroad (Outward),Capital transactions (flows),Reinvested earnings,MUM,Metals and machinery,Manufacturing,CHF Millions,1554.6
2021,Swiss FDI abroad (Outward),Capital transactions (flows),Reinvested earnings,UIB,Other manufacturing and construction,Manufacturing,CHF Millions,2033.0
2021,Swiss FDI abroad (Outward),Capital transactions (flows),Reinvested earnings,DU,Other services,Services,CHF Millions,1787.3
2021,Swiss FDI abroad (Outward),Capital transactions (flows),Reinvested earnings,T0,Total,Manufacturing,CHF Millions,17474.4
2021,Swiss FDI abroad (Outward),Capital transactions (flows),Reinvested earnings,T1,Total,Services,CHF Millions,10767.6
2021,Swiss FDI abroad (Outward),Capital transactions (flows),Reinvested earnings,T2,Total,Services,CHF Millions,-1096.0
2021,Swiss FDI abroad (Outward),Capital transactions (flows),Reinvested earnings,T3,Total,Services,CHF Millions,-176.9
2021,Swiss FDI abroad (Outward),Capital transactions (flows),Reinvested earnings,D1_2,Total,All / Total,CHF Millions,28242.0
2021,Swiss FDI abroad (Outward),Capital transactions (flows),Reinvested earnings,D1_5,Total excluding foreign-controlled enterprises,All / Total,CHF Millions,19089.9
2021,Swiss FDI abroad (Outward),Capital transactions (flows),Reinvested earnings,D1_3,Total excluding foreign-controlled finance and holding companies,All / Total,CHF Millions,28418.9
2021,Swiss FDI abroad (Outward),Capital transactions (flows),Reinvested earnings,D1_4,Total excluding special purpose entities,All / Total,CHF Millions,28886.1
2021,Swiss FDI abroad (Outward),Capital transactions (flows),Reinvested earnings,D1_6,Total foreign-controlled enterprises,All / Total,CHF Millions,9152.1
2021,Swiss FDI abroad (Outward),Capital transactions (flows),Reinvested earnings,H,Trade,Services,CHF Millions,6283.7
2021,Swiss FDI abroad (Outward),Capital transactions (flows),Reinvested earnings,TUK,Transportation and communications,Services,CHF Millions,4973.7
2021,Swiss FDI abroad (Outward),Capital transactions (flows),Reinvested earnings,DSPE0,of which special purpose entities,Services,CHF Millions,-644.1
2021,Swiss FDI abroad (Outward),Capital transactions (flows),Reinvested earnings,DSPE,of which special purpose entities,Services,CHF Millions,-808.9
2021,Swiss FDI abroad (Outward),Capital transactions (flows),Total,B,Banks,Services,CHF Millions,-8668.3
2021,Swiss FDI abroad (Outward),Capital transactions (flows),Total,CUK,Chemicals and plastics,Manufacturing,CHF Millions,20533.9
2021,Swiss FDI abroad (Outward),Capital transactions (flows),Total,SB,Domestically controlled,Services,CHF Millions,3797.2
2021,Swiss FDI abroad (Outward),Capital transactions (flows),Total,EEOU,"Electronics, energy, optical and watchmaking",Manufacturing,CHF Millions,2837.7
2021,Swiss FDI abroad (Outward),Capital transactions (flows),Total,V,Insurance companies,Services,CHF Millions,6908.9
2021,Swiss FDI abroad (Outward),Capital transactions (flows),Total,PMG,Memorandum item: Real estate activities,All / Total,CHF Millions,865.5
2021,Swiss FDI abroad (Outward),Capital transactions (flows),Total,PMT,Memorandum item: Total including real estate activities,All / Total,CHF Millions,-111163.6
2021,Swiss FDI abroad (Outward),Capital transactions (flows),Total,MUM,Metals and machinery,Manufacturing,CHF Millions,7225.3
2021,Swiss FDI abroad (Outward),Capital transactions (flows),Total,UIB,Other manufacturing and construction,Manufacturing,CHF Millions,-8774.4
2021,Swiss FDI abroad (Outward),Capital transactions (flows),Total,DU,Other services,Services,CHF Millions,-9855.7
2021,Swiss FDI abroad (Outward),Capital transactions (flows),Total,T0,Total,Manufacturing,CHF Millions,21822.6
2021,Swiss FDI abroad (Outward),Capital transactions (flows),Total,T1,Total,Services,CHF Millions,-133851.7
2021,Swiss FDI abroad (Outward),Capital transactions (flows),Total,T2,Total,Services,CHF Millions,-103948.6
2021,Swiss FDI abroad (Outward),Capital transactions (flows),Total,T3,Total,Services,CHF Millions,-107745.7
2021,Swiss FDI abroad (Outward),Capital transactions (flows),Total,D1_2,Total,All / Total,CHF Millions,-112029.1
2021,Swiss FDI abroad (Outward),Capital transactions (flows),Total,D1_5,Total excluding foreign-controlled enterprises,All / Total,CHF Millions,-525.2
2021,Swiss FDI abroad (Outward),Capital transactions (flows),Total,D1_3,Total excluding foreign-controlled finance and holding companies,All / Total,CHF Millions,-4283.4
2021,Swiss FDI abroad (Outward),Capital transactions (flows),Total,D1_4,Total excluding special purpose entities,All / Total,CHF Millions,-64926.1
2021,Swiss FDI abroad (Outward),Capital transactions (flows),Total,D1_6,Total foreign-controlled enterprises,All / Total,CHF Millions,-111503.9
2021,Swiss FDI abroad (Outward),Capital transactions (flows),Total,H,Trade,Services,CHF Millions,-6128.7
2021,Swiss FDI abroad (Outward),Capital transactions (flows),Total,TUK,Transportation and communications,Services,CHF Millions,-12159.3
2021,Swiss FDI abroad (Outward),Capital transactions (flows),Total,DSPE0,of which special purpose entities,Services,CHF Millions,-47103.0
2021,Swiss FDI abroad (Outward),Capital transactions (flows),Total,DSPE,of which special purpose entities,Services,CHF Millions,-47216.5
2021,Swiss FDI abroad (Outward),Investment income,Debt instruments: net interest,B,Banks,Services,CHF Millions,
2021,Swiss FDI abroad (Outward),Investment income,Debt instruments: net interest,CUK,Chemicals and plastics,Manufacturing,CHF Millions,1280.1
2021,Swiss FDI abroad (Outward),Investment income,Debt instruments: net interest,SB,Domestically controlled,Services,CHF Millions,624.0
2021,Swiss FDI abroad (Outward),Investment income,Debt instruments: net interest,EEOU,"Electronics, energy, optical and watchmaking",Manufacturing,CHF Millions,-539.8
2021,Swiss FDI abroad (Outward),Investment income,Debt instruments: net interest,V,Insurance companies,Services,CHF Millions,117.4
2021,Swiss FDI abroad (Outward),Investment income,Debt instruments: net interest,MUM,Metals and machinery,Manufacturing,CHF Millions,288.6
2021,Swiss FDI abroad (Outward),Investment income,Debt instruments: net interest,UIB,Other manufacturing and construction,Manufacturing,CHF Millions,360.0
2021,Swiss FDI abroad (Outward),Investment income,Debt instruments: net interest,DU,Other services,Services,CHF Millions,163.4
2021,Swiss FDI abroad (Outward),Investment income,Debt instruments: net interest,T0,Total,Manufacturing,CHF Millions,1388.8
2021,Swiss FDI abroad (Outward),Investment income,Debt instruments: net interest,T1,Total,Services,CHF Millions,2093.7
2021,Swiss FDI abroad (Outward),Investment income,Debt instruments: net interest,T2,Total,Services,CHF Millions,1594.5
2021,Swiss FDI abroad (Outward),Investment income,Debt instruments: net interest,T3,Total,Services,CHF Millions,970.5
2021,Swiss FDI abroad (Outward),Investment income,Debt instruments: net interest,D1_2,Total,All / Total,CHF Millions,3482.4
2021,Swiss FDI abroad (Outward),Investment income,Debt instruments: net interest,D1_5,Total excluding foreign-controlled enterprises,All / Total,CHF Millions,2174.0
2021,Swiss FDI abroad (Outward),Investment income,Debt instruments: net interest,D1_3,Total excluding foreign-controlled finance and holding companies,All / Total,CHF Millions,2511.9
2021,Swiss FDI abroad (Outward),Investment income,Debt instruments: net interest,D1_4,Total excluding special purpose entities,All / Total,CHF Millions,3441.0
2021,Swiss FDI abroad (Outward),Investment income,Debt instruments: net interest,D1_6,Total foreign-controlled enterprises,All / Total,CHF Millions,1308.4
2021,Swiss FDI abroad (Outward),Investment income,Debt instruments: net interest,H,Trade,Services,CHF Millions,27.4
2021,Swiss FDI abroad (Outward),Investment income,Debt instruments: net interest,TUK,Transportation and communications,Services,CHF Millions,190.9
2021,Swiss FDI abroad (Outward),Investment income,Debt instruments: net interest,DSPE0,of which special purpose entities,Services,CHF Millions,41.5
2021,Swiss FDI abroad (Outward),Investment income,Debt instruments: net interest,DSPE,of which special purpose entities,Services,CHF Millions,39.5
2021,Swiss FDI abroad (Outward),Investment income,Dividends,B,Banks,Services,CHF Millions,9461.7
2021,Swiss FDI abroad (Outward),Investment income,Dividends,CUK,Chemicals and plastics,Manufacturing,CHF Millions,8658.8
2021,Swiss FDI abroad (Outward),Investment income,Dividends,SB,Domestically controlled,Services,CHF Millions,4375.7
2021,Swiss FDI abroad (Outward),Investment income,Dividends,EEOU,"Electronics, energy, optical and watchmaking",Manufacturing,CHF Millions,4323.5
2021,Swiss FDI abroad (Outward),Investment income,Dividends,V,Insurance companies,Services,CHF Millions,5140.9
2021,Swiss FDI abroad (Outward),Investment income,Dividends,MUM,Metals and machinery,Manufacturing,CHF Millions,2984.2
2021,Swiss FDI abroad (Outward),Investment income,Dividends,UIB,Other manufacturing and construction,Manufacturing,CHF Millions,8351.1
2021,Swiss FDI abroad (Outward),Investment income,Dividends,DU,Other services,Services,CHF Millions,808.0
2021,Swiss FDI abroad (Outward),Investment income,Dividends,T0,Total,Manufacturing,CHF Millions,24317.6
2021,Swiss FDI abroad (Outward),Investment income,Dividends,T1,Total,Services,CHF Millions,48347.4
2021,Swiss FDI abroad (Outward),Investment income,Dividends,T2,Total,Services,CHF Millions,24897.1
2021,Swiss FDI abroad (Outward),Investment income,Dividends,T3,Total,Services,CHF Millions,20521.4
2021,Swiss FDI abroad (Outward),Investment income,Dividends,D1_2,Total,All / Total,CHF Millions,72665.0
2021,Swiss FDI abroad (Outward),Investment income,Dividends,D1_5,Total excluding foreign-controlled enterprises,All / Total,CHF Millions,42624.7
2021,Swiss FDI abroad (Outward),Investment income,Dividends,D1_3,Total excluding foreign-controlled finance and holding companies,All / Total,CHF Millions,52143.7
2021,Swiss FDI abroad (Outward),Investment income,Dividends,D1_4,Total excluding special purpose entities,All / Total,CHF Millions,68578.7
2021,Swiss FDI abroad (Outward),Investment income,Dividends,D1_6,Total foreign-controlled enterprises,All / Total,CHF Millions,30040.3
2021,Swiss FDI abroad (Outward),Investment income,Dividends,H,Trade,Services,CHF Millions,6858.1
2021,Swiss FDI abroad (Outward),Investment income,Dividends,TUK,Transportation and communications,Services,CHF Millions,1181.7
2021,Swiss FDI abroad (Outward),Investment income,Dividends,DSPE0,of which special purpose entities,Services,CHF Millions,4086.3
2021,Swiss FDI abroad (Outward),Investment income,Dividends,DSPE,of which special purpose entities,Services,CHF Millions,4013.3
2021,Swiss FDI abroad (Outward),Investment income,Reinvested earnings,B,Banks,Services,CHF Millions,-9975.4
2021,Swiss FDI abroad (Outward),Investment income,Reinvested earnings,CUK,Chemicals and plastics,Manufacturing,CHF Millions,8207.5
2021,Swiss FDI abroad (Outward),Investment income,Reinvested earnings,SB,Domestically controlled,Services,CHF Millions,-919.1
2021,Swiss FDI abroad (Outward),Investment income,Reinvested earnings,EEOU,"Electronics, energy, optical and watchmaking",Manufacturing,CHF Millions,5679.3
2021,Swiss FDI abroad (Outward),Investment income,Reinvested earnings,V,Insurance companies,Services,CHF Millions,8794.3
2021,Swiss FDI abroad (Outward),Investment income,Reinvested earnings,MUM,Metals and machinery,Manufacturing,CHF Millions,1554.6
2021,Swiss FDI abroad (Outward),Investment income,Reinvested earnings,UIB,Other manufacturing and construction,Manufacturing,CHF Millions,2033.0
2021,Swiss FDI abroad (Outward),Investment income,Reinvested earnings,DU,Other services,Services,CHF Millions,1787.3
2021,Swiss FDI abroad (Outward),Investment income,Reinvested earnings,T0,Total,Manufacturing,CHF Millions,17474.4
2021,Swiss FDI abroad (Outward),Investment income,Reinvested earnings,T1,Total,Services,CHF Millions,10767.6
2021,Swiss FDI abroad (Outward),Investment income,Reinvested earnings,T2,Total,Services,CHF Millions,-1096.0
2021,Swiss FDI abroad (Outward),Investment income,Reinvested earnings,T3,Total,Services,CHF Millions,-176.9
2021,Swiss FDI abroad (Outward),Investment income,Reinvested earnings,D1_2,Total,All / Total,CHF Millions,28242.0
2021,Swiss FDI abroad (Outward),Investment income,Reinvested earnings,D1_5,Total excluding foreign-controlled enterprises,All / Total,CHF Millions,19089.9
2021,Swiss FDI abroad (Outward),Investment income,Reinvested earnings,D1_3,Total excluding foreign-controlled finance and holding companies,All / Total,CHF Millions,28418.9
2021,Swiss FDI abroad (Outward),Investment income,Reinvested earnings,D1_4,Total excluding special purpose entities,All / Total,CHF Millions,28886.1
2021,Swiss FDI abroad (Outward),Investment income,Reinvested earnings,D1_6,Total foreign-controlled enterprises,All / Total,CHF Millions,9152.1
2021,Swiss FDI abroad (Outward),Investment income,Reinvested earnings,H,Trade,Services,CHF Millions,6283.7
2021,Swiss FDI abroad (Outward),Investment income,Reinvested earnings,TUK,Transportation and communications,Services,CHF Millions,4973.7
2021,Swiss FDI abroad (Outward),Investment income,Reinvested earnings,DSPE0,of which special purpose entities,Services,CHF Millions,-644.1
2021,Swiss FDI abroad (Outward),Investment income,Reinvested earnings,DSPE,of which special purpose entities,Services,CHF Millions,-808.9
2021,Swiss FDI abroad (Outward),Investment income,Total,B,Banks,Services,CHF Millions,-513.6
2021,Swiss FDI abroad (Outward),Investment income,Total,CUK,Chemicals and plastics,Manufacturing,CHF Millions,18146.4
2021,Swiss FDI abroad (Outward),Investment income,Total,SB,Domestically controlled,Services,CHF Millions,4080.6
2021,Swiss FDI abroad (Outward),Investment income,Total,EEOU,"Electronics, energy, optical and watchmaking",Manufacturing,CHF Millions,9462.9
2021,Swiss FDI abroad (Outward),Investment income,Total,V,Insurance companies,Services,CHF Millions,14052.5
2021,Swiss FDI abroad (Outward),Investment income,Total,MUM,Metals and machinery,Manufacturing,CHF Millions,4827.4
2021,Swiss FDI abroad (Outward),Investment income,Total,UIB,Other manufacturing and construction,Manufacturing,CHF Millions,10744.1
2021,Swiss FDI abroad (Outward),Investment income,Total,DU,Other services,Services,CHF Millions,2758.7
2021,Swiss FDI abroad (Outward),Investment income,Total,T0,Total,Manufacturing,CHF Millions,43180.8
2021,Swiss FDI abroad (Outward),Investment income,Total,T1,Total,Services,CHF Millions,61208.7
2021,Swiss FDI abroad (Outward),Investment income,Total,T2,Total,Services,CHF Millions,25395.6
2021,Swiss FDI abroad (Outward),Investment income,Total,T3,Total,Services,CHF Millions,21315.0
2021,Swiss FDI abroad (Outward),Investment income,Total,D1_2,Total,All / Total,CHF Millions,104389.5
2021,Swiss FDI abroad (Outward),Investment income,Total,D1_5,Total excluding foreign-controlled enterprises,All / Total,CHF Millions,63888.6
2021,Swiss FDI abroad (Outward),Investment income,Total,D1_3,Total excluding foreign-controlled finance and holding companies,All / Total,CHF Millions,83074.5
2021,Swiss FDI abroad (Outward),Investment income,Total,D1_4,Total excluding special purpose entities,All / Total,CHF Millions,100905.8
2021,Swiss FDI abroad (Outward),Investment income,Total,D1_6,Total foreign-controlled enterprises,All / Total,CHF Millions,40500.9
2021,Swiss FDI abroad (Outward),Investment income,Total,H,Trade,Services,CHF Millions,13169.3
2021,Swiss FDI abroad (Outward),Investment income,Total,TUK,Transportation and communications,Services,CHF Millions,6346.3
2021,Swiss FDI abroad (Outward),Investment income,Total,DSPE0,of which special purpose entities,Services,CHF Millions,3483.7
2021,Swiss FDI abroad (Outward),Investment income,Total,DSPE,of which special purpose entities,Services,CHF Millions,3243.9
2022,FDI in Switzerland (Inward),Capital stocks,Debt instruments,B,Banks,Services,CHF Millions,
2022,FDI in Switzerland (Inward),Capital stocks,Debt instruments,CUK,Chemicals and plastics,Manufacturing,CHF Millions,22746.8
2022,FDI in Switzerland (Inward),Capital stocks,Debt instruments,EEOU,"Electronics, energy, optical and watchmaking",Manufacturing,CHF Millions,-731.4
2022,FDI in Switzerland (Inward),Capital stocks,Debt instruments,V,Insurance companies,Services,CHF Millions,-14494.5
2022,FDI in Switzerland (Inward),Capital stocks,Debt instruments,MUM,Metals and machinery,Manufacturing,CHF Millions,3741.1
2022,FDI in Switzerland (Inward),Capital stocks,Debt instruments,UIB,Other manufacturing and construction,Manufacturing,CHF Millions,234.5
2022,FDI in Switzerland (Inward),Capital stocks,Debt instruments,DU,Other services,Services,CHF Millions,-6813.9
2022,FDI in Switzerland (Inward),Capital stocks,Debt instruments,T0,Total,Manufacturing,CHF Millions,25991.1
2022,FDI in Switzerland (Inward),Capital stocks,Debt instruments,T1,Total,Services,CHF Millions,25694.0
2022,FDI in Switzerland (Inward),Capital stocks,Debt instruments,T2,Total,Services,CHF Millions,13891.8
2022,FDI in Switzerland (Inward),Capital stocks,Debt instruments,D1_2,Total,All / Total,CHF Millions,51685.1
2022,FDI in Switzerland (Inward),Capital stocks,Debt instruments,D1_3,Total excluding special purpose entities,All / Total,CHF Millions,45592.1
2022,FDI in Switzerland (Inward),Capital stocks,Debt instruments,H,Trade,Services,CHF Millions,22285.6
2022,FDI in Switzerland (Inward),Capital stocks,Debt instruments,TUK,Transportation and communications,Services,CHF Millions,10824.9
2022,FDI in Switzerland (Inward),Capital stocks,Debt instruments,DSPE0,of which special purpose entities,Services,CHF Millions,6093.0
2022,FDI in Switzerland (Inward),Capital stocks,Debt instruments,DSPE,of which special purpose entities,Services,CHF Millions,7716.2
2022,FDI in Switzerland (Inward),Capital stocks,Equity capital,B,Banks,Services,CHF Millions,22065.0
2022,FDI in Switzerland (Inward),Capital stocks,Equity capital,CUK,Chemicals and plastics,Manufacturing,CHF Millions,74441.9
2022,FDI in Switzerland (Inward),Capital stocks,Equity capital,EEOU,"Electronics, energy, optical and watchmaking",Manufacturing,CHF Millions,57021.8
2022,FDI in Switzerland (Inward),Capital stocks,Equity capital,V,Insurance companies,Services,CHF Millions,29304.1
2022,FDI in Switzerland (Inward),Capital stocks,Equity capital,PMG,Memorandum item: Real estate activities,All / Total,CHF Millions,38967.9
2022,FDI in Switzerland (Inward),Capital stocks,Equity capital,PMT,Memorandum item: Total including real estate activities,All / Total,CHF Millions,1020936.8
2022,FDI in Switzerland (Inward),Capital stocks,Equity capital,MUM,Metals and machinery,Manufacturing,CHF Millions,19505.2
2022,FDI in Switzerland (Inward),Capital stocks,Equity capital,UIB,Other manufacturing and construction,Manufacturing,CHF Millions,20281.2
2022,FDI in Switzerland (Inward),Capital stocks,Equity capital,DU,Other services,Services,CHF Millions,62583.0
2022,FDI in Switzerland (Inward),Capital stocks,Equity capital,T0,Total,Manufacturing,CHF Millions,171250.1
2022,FDI in Switzerland (Inward),Capital stocks,Equity capital,T1,Total,Services,CHF Millions,810718.8
2022,FDI in Switzerland (Inward),Capital stocks,Equity capital,T2,Total,Services,CHF Millions,446439.5
2022,FDI in Switzerland (Inward),Capital stocks,Equity capital,D1_2,Total,All / Total,CHF Millions,981968.9
2022,FDI in Switzerland (Inward),Capital stocks,Equity capital,D1_3,Total excluding special purpose entities,All / Total,CHF Millions,852788.0
2022,FDI in Switzerland (Inward),Capital stocks,Equity capital,H,Trade,Services,CHF Millions,243037.3
2022,FDI in Switzerland (Inward),Capital stocks,Equity capital,TUK,Transportation and communications,Services,CHF Millions,7289.8
2022,FDI in Switzerland (Inward),Capital stocks,Equity capital,DSPE0,of which special purpose entities,Services,CHF Millions,129180.9
2022,FDI in Switzerland (Inward),Capital stocks,Equity capital,DSPE,of which special purpose entities,Services,CHF Millions,126268.9
2022,FDI in Switzerland (Inward),Capital stocks,Total,B,Banks,Services,CHF Millions,22065.0
2022,FDI in Switzerland (Inward),Capital stocks,Total,CUK,Chemicals and plastics,Manufacturing,CHF Millions,97188.7
2022,FDI in Switzerland (Inward),Capital stocks,Total,EEOU,"Electronics, energy, optical and watchmaking",Manufacturing,CHF Millions,56290.5
2022,FDI in Switzerland (Inward),Capital stocks,Total,V,Insurance companies,Services,CHF Millions,14809.7
2022,FDI in Switzerland (Inward),Capital stocks,Total,PMG,Memorandum item: Real estate activities,All / Total,CHF Millions,38967.9
2022,FDI in Switzerland (Inward),Capital stocks,Total,PMT,Memorandum item: Total including real estate activities,All / Total,CHF Millions,1072621.9
2022,FDI in Switzerland (Inward),Capital stocks,Total,MUM,Metals and machinery,Manufacturing,CHF Millions,23246.4
2022,FDI in Switzerland (Inward),Capital stocks,Total,UIB,Other manufacturing and construction,Manufacturing,CHF Millions,20515.8
2022,FDI in Switzerland (Inward),Capital stocks,Total,DU,Other services,Services,CHF Millions,55769.1
2022,FDI in Switzerland (Inward),Capital stocks,Total,T0,Total,Manufacturing,CHF Millions,197241.3
2022,FDI in Switzerland (Inward),Capital stocks,Total,T1,Total,Services,CHF Millions,836412.7
2022,FDI in Switzerland (Inward),Capital stocks,Total,T2,Total,Services,CHF Millions,460331.4
2022,FDI in Switzerland (Inward),Capital stocks,Total,D1_2,Total,All / Total,CHF Millions,1033654.0
2022,FDI in Switzerland (Inward),Capital stocks,Total,D1_3,Total excluding special purpose entities,All / Total,CHF Millions,898380.1
2022,FDI in Switzerland (Inward),Capital stocks,Total,H,Trade,Services,CHF Millions,265322.9
2022,FDI in Switzerland (Inward),Capital stocks,Total,TUK,Transportation and communications,Services,CHF Millions,18114.7
2022,FDI in Switzerland (Inward),Capital stocks,Total,DSPE0,of which special purpose entities,Services,CHF Millions,135273.9
2022,FDI in Switzerland (Inward),Capital stocks,Total,DSPE,of which special purpose entities,Services,CHF Millions,133985.2
2022,FDI in Switzerland (Inward),Capital transactions (flows),Debt instruments,B,Banks,Services,CHF Millions,
2022,FDI in Switzerland (Inward),Capital transactions (flows),Debt instruments,CUK,Chemicals and plastics,Manufacturing,CHF Millions,6866.5
2022,FDI in Switzerland (Inward),Capital transactions (flows),Debt instruments,EEOU,"Electronics, energy, optical and watchmaking",Manufacturing,CHF Millions,-5234.0
2022,FDI in Switzerland (Inward),Capital transactions (flows),Debt instruments,V,Insurance companies,Services,CHF Millions,-1605.0
2022,FDI in Switzerland (Inward),Capital transactions (flows),Debt instruments,MUM,Metals and machinery,Manufacturing,CHF Millions,-240.8
2022,FDI in Switzerland (Inward),Capital transactions (flows),Debt instruments,UIB,Other manufacturing and construction,Manufacturing,CHF Millions,-188.3
2022,FDI in Switzerland (Inward),Capital transactions (flows),Debt instruments,DU,Other services,Services,CHF Millions,-11491.1
2022,FDI in Switzerland (Inward),Capital transactions (flows),Debt instruments,T0,Total,Manufacturing,CHF Millions,1203.5
2022,FDI in Switzerland (Inward),Capital transactions (flows),Debt instruments,T1,Total,Services,CHF Millions,-28613.8
2022,FDI in Switzerland (Inward),Capital transactions (flows),Debt instruments,T2,Total,Services,CHF Millions,-1464.1
2022,FDI in Switzerland (Inward),Capital transactions (flows),Debt instruments,D1_2,Total,All / Total,CHF Millions,-27410.2
2022,FDI in Switzerland (Inward),Capital transactions (flows),Debt instruments,D1_3,Total excluding special purpose entities,All / Total,CHF Millions,-27169.9
2022,FDI in Switzerland (Inward),Capital transactions (flows),Debt instruments,H,Trade,Services,CHF Millions,-13154.2
2022,FDI in Switzerland (Inward),Capital transactions (flows),Debt instruments,TUK,Transportation and communications,Services,CHF Millions,-899.4
2022,FDI in Switzerland (Inward),Capital transactions (flows),Debt instruments,DSPE0,of which special purpose entities,Services,CHF Millions,-240.4
2022,FDI in Switzerland (Inward),Capital transactions (flows),Debt instruments,DSPE,of which special purpose entities,Services,CHF Millions,849.7
2022,FDI in Switzerland (Inward),Capital transactions (flows),Equity capital excluding reinvested earnings,B,Banks,Services,CHF Millions,-687.8
2022,FDI in Switzerland (Inward),Capital transactions (flows),Equity capital excluding reinvested earnings,CUK,Chemicals and plastics,Manufacturing,CHF Millions,979.6
2022,FDI in Switzerland (Inward),Capital transactions (flows),Equity capital excluding reinvested earnings,EEOU,"Electronics, energy, optical and watchmaking",Manufacturing,CHF Millions,4533.4
2022,FDI in Switzerland (Inward),Capital transactions (flows),Equity capital excluding reinvested earnings,V,Insurance companies,Services,CHF Millions,-381.7
2022,FDI in Switzerland (Inward),Capital transactions (flows),Equity capital excluding reinvested earnings,PMG,Memorandum item: Real estate activities,All / Total,CHF Millions,454.3
2022,FDI in Switzerland (Inward),Capital transactions (flows),Equity capital excluding reinvested earnings,PMT,Memorandum item: Total including real estate activities,All / Total,CHF Millions,-66319.4
2022,FDI in Switzerland (Inward),Capital transactions (flows),Equity capital excluding reinvested earnings,MUM,Metals and machinery,Manufacturing,CHF Millions,605.5
2022,FDI in Switzerland (Inward),Capital transactions (flows),Equity capital excluding reinvested earnings,UIB,Other manufacturing and construction,Manufacturing,CHF Millions,-452.0
2022,FDI in Switzerland (Inward),Capital transactions (flows),Equity capital excluding reinvested earnings,DU,Other services,Services,CHF Millions,695.7
2022,FDI in Switzerland (Inward),Capital transactions (flows),Equity capital excluding reinvested earnings,T0,Total,Manufacturing,CHF Millions,5666.4
2022,FDI in Switzerland (Inward),Capital transactions (flows),Equity capital excluding reinvested earnings,T1,Total,Services,CHF Millions,-72440.1
2022,FDI in Switzerland (Inward),Capital transactions (flows),Equity capital excluding reinvested earnings,T2,Total,Services,CHF Millions,-70618.5
2022,FDI in Switzerland (Inward),Capital transactions (flows),Equity capital excluding reinvested earnings,D1_2,Total,All / Total,CHF Millions,-66773.7
2022,FDI in Switzerland (Inward),Capital transactions (flows),Equity capital excluding reinvested earnings,D1_3,Total excluding special purpose entities,All / Total,CHF Millions,-40210.8
2022,FDI in Switzerland (Inward),Capital transactions (flows),Equity capital excluding reinvested earnings,H,Trade,Services,CHF Millions,-1446.0
2022,FDI in Switzerland (Inward),Capital transactions (flows),Equity capital excluding reinvested earnings,TUK,Transportation and communications,Services,CHF Millions,-1.8
2022,FDI in Switzerland (Inward),Capital transactions (flows),Equity capital excluding reinvested earnings,DSPE0,of which special purpose entities,Services,CHF Millions,-26562.9
2022,FDI in Switzerland (Inward),Capital transactions (flows),Equity capital excluding reinvested earnings,DSPE,of which special purpose entities,Services,CHF Millions,-26466.4
2022,FDI in Switzerland (Inward),Capital transactions (flows),Reinvested earnings,B,Banks,Services,CHF Millions,180.5
2022,FDI in Switzerland (Inward),Capital transactions (flows),Reinvested earnings,CUK,Chemicals and plastics,Manufacturing,CHF Millions,3674.1
2022,FDI in Switzerland (Inward),Capital transactions (flows),Reinvested earnings,EEOU,"Electronics, energy, optical and watchmaking",Manufacturing,CHF Millions,2582.8
2022,FDI in Switzerland (Inward),Capital transactions (flows),Reinvested earnings,V,Insurance companies,Services,CHF Millions,1029.5
2022,FDI in Switzerland (Inward),Capital transactions (flows),Reinvested earnings,MUM,Metals and machinery,Manufacturing,CHF Millions,670.8
2022,FDI in Switzerland (Inward),Capital transactions (flows),Reinvested earnings,UIB,Other manufacturing and construction,Manufacturing,CHF Millions,1980.7
2022,FDI in Switzerland (Inward),Capital transactions (flows),Reinvested earnings,DU,Other services,Services,CHF Millions,-831.2
2022,FDI in Switzerland (Inward),Capital transactions (flows),Reinvested earnings,T0,Total,Manufacturing,CHF Millions,8908.4
2022,FDI in Switzerland (Inward),Capital transactions (flows),Reinvested earnings,T1,Total,Services,CHF Millions,25450.9
2022,FDI in Switzerland (Inward),Capital transactions (flows),Reinvested earnings,T2,Total,Services,CHF Millions,219.8
2022,FDI in Switzerland (Inward),Capital transactions (flows),Reinvested earnings,D1_2,Total,All / Total,CHF Millions,34359.3
2022,FDI in Switzerland (Inward),Capital transactions (flows),Reinvested earnings,D1_3,Total excluding special purpose entities,All / Total,CHF Millions,30973.0
2022,FDI in Switzerland (Inward),Capital transactions (flows),Reinvested earnings,H,Trade,Services,CHF Millions,19864.2
2022,FDI in Switzerland (Inward),Capital transactions (flows),Reinvested earnings,TUK,Transportation and communications,Services,CHF Millions,-831.2
2022,FDI in Switzerland (Inward),Capital transactions (flows),Reinvested earnings,DSPE0,of which special purpose entities,Services,CHF Millions,3386.3
2022,FDI in Switzerland (Inward),Capital transactions (flows),Reinvested earnings,DSPE,of which special purpose entities,Services,CHF Millions,2661.2
2022,FDI in Switzerland (Inward),Capital transactions (flows),Total,B,Banks,Services,CHF Millions,-507.3
2022,FDI in Switzerland (Inward),Capital transactions (flows),Total,CUK,Chemicals and plastics,Manufacturing,CHF Millions,11520.2
2022,FDI in Switzerland (Inward),Capital transactions (flows),Total,EEOU,"Electronics, energy, optical and watchmaking",Manufacturing,CHF Millions,1882.2
2022,FDI in Switzerland (Inward),Capital transactions (flows),Total,V,Insurance companies,Services,CHF Millions,-957.1
2022,FDI in Switzerland (Inward),Capital transactions (flows),Total,PMG,Memorandum item: Real estate activities,All / Total,CHF Millions,454.3
2022,FDI in Switzerland (Inward),Capital transactions (flows),Total,PMT,Memorandum item: Total including real estate activities,All / Total,CHF Millions,-59370.3
2022,FDI in Switzerland (Inward),Capital transactions (flows),Total,MUM,Metals and machinery,Manufacturing,CHF Millions,1035.5
2022,FDI in Switzerland (Inward),Capital transactions (flows),Total,UIB,Other manufacturing and construction,Manufacturing,CHF Millions,1340.5
2022,FDI in Switzerland (Inward),Capital transactions (flows),Total,DU,Other services,Services,CHF Millions,-5807.4
2022,FDI in Switzerland (Inward),Capital transactions (flows),Total,T0,Total,Manufacturing,CHF Millions,15778.4
2022,FDI in Switzerland (Inward),Capital transactions (flows),Total,T1,Total,Services,CHF Millions,-75603.0
2022,FDI in Switzerland (Inward),Capital transactions (flows),Total,T2,Total,Services,CHF Millions,-71862.8
2022,FDI in Switzerland (Inward),Capital transactions (flows),Total,D1_2,Total,All / Total,CHF Millions,-59824.6
2022,FDI in Switzerland (Inward),Capital transactions (flows),Total,D1_3,Total excluding special purpose entities,All / Total,CHF Millions,-36407.6
2022,FDI in Switzerland (Inward),Capital transactions (flows),Total,H,Trade,Services,CHF Millions,5264.0
2022,FDI in Switzerland (Inward),Capital transactions (flows),Total,TUK,Transportation and communications,Services,CHF Millions,-1732.4
2022,FDI in Switzerland (Inward),Capital transactions (flows),Total,DSPE0,of which special purpose entities,Services,CHF Millions,-23417.0
2022,FDI in Switzerland (Inward),Capital transactions (flows),Total,DSPE,of which special purpose entities,Services,CHF Millions,-22955.5
2022,FDI in Switzerland (Inward),Investment income,Debt instruments: net interest,B,Banks,Services,CHF Millions,
2022,FDI in Switzerland (Inward),Investment income,Debt instruments: net interest,CUK,Chemicals and plastics,Manufacturing,CHF Millions,443.7
2022,FDI in Switzerland (Inward),Investment income,Debt instruments: net interest,EEOU,"Electronics, energy, optical and watchmaking",Manufacturing,CHF Millions,56.9
2022,FDI in Switzerland (Inward),Investment income,Debt instruments: net interest,V,Insurance companies,Services,CHF Millions,-277.9
2022,FDI in Switzerland (Inward),Investment income,Debt instruments: net interest,MUM,Metals and machinery,Manufacturing,CHF Millions,44.9
2022,FDI in Switzerland (Inward),Investment income,Debt instruments: net interest,UIB,Other manufacturing and construction,Manufacturing,CHF Millions,-2.5
2022,FDI in Switzerland (Inward),Investment income,Debt instruments: net interest,DU,Other services,Services,CHF Millions,-39.9
2022,FDI in Switzerland (Inward),Investment income,Debt instruments: net interest,T0,Total,Manufacturing,CHF Millions,543.0
2022,FDI in Switzerland (Inward),Investment income,Debt instruments: net interest,T1,Total,Services,CHF Millions,277.7
2022,FDI in Switzerland (Inward),Investment income,Debt instruments: net interest,T2,Total,Services,CHF Millions,-326.4
2022,FDI in Switzerland (Inward),Investment income,Debt instruments: net interest,D1_2,Total,All / Total,CHF Millions,820.7
2022,FDI in Switzerland (Inward),Investment income,Debt instruments: net interest,D1_3,Total excluding special purpose entities,All / Total,CHF Millions,241.5
2022,FDI in Switzerland (Inward),Investment income,Debt instruments: net interest,H,Trade,Services,CHF Millions,559.4
2022,FDI in Switzerland (Inward),Investment income,Debt instruments: net interest,TUK,Transportation and communications,Services,CHF Millions,362.5
2022,FDI in Switzerland (Inward),Investment income,Debt instruments: net interest,DSPE0,of which special purpose entities,Services,CHF Millions,579.3
2022,FDI in Switzerland (Inward),Investment income,Debt instruments: net interest,DSPE,of which special purpose entities,Services,CHF Millions,623.9
2022,FDI in Switzerland (Inward),Investment income,Dividends,B,Banks,Services,CHF Millions,567.4
2022,FDI in Switzerland (Inward),Investment income,Dividends,CUK,Chemicals and plastics,Manufacturing,CHF Millions,8153.0
2022,FDI in Switzerland (Inward),Investment income,Dividends,EEOU,"Electronics, energy, optical and watchmaking",Manufacturing,CHF Millions,2362.0
2022,FDI in Switzerland (Inward),Investment income,Dividends,V,Insurance companies,Services,CHF Millions,2238.9
2022,FDI in Switzerland (Inward),Investment income,Dividends,MUM,Metals and machinery,Manufacturing,CHF Millions,2087.7
2022,FDI in Switzerland (Inward),Investment income,Dividends,UIB,Other manufacturing and construction,Manufacturing,CHF Millions,724.6
2022,FDI in Switzerland (Inward),Investment income,Dividends,DU,Other services,Services,CHF Millions,3476.7
2022,FDI in Switzerland (Inward),Investment income,Dividends,T0,Total,Manufacturing,CHF Millions,13327.4
2022,FDI in Switzerland (Inward),Investment income,Dividends,T1,Total,Services,CHF Millions,60198.2
2022,FDI in Switzerland (Inward),Investment income,Dividends,T2,Total,Services,CHF Millions,37817.3
2022,FDI in Switzerland (Inward),Investment income,Dividends,D1_2,Total,All / Total,CHF Millions,73525.6
2022,FDI in Switzerland (Inward),Investment income,Dividends,D1_3,Total excluding special purpose entities,All / Total,CHF Millions,68626.3
2022,FDI in Switzerland (Inward),Investment income,Dividends,H,Trade,Services,CHF Millions,15746.5
2022,FDI in Switzerland (Inward),Investment income,Dividends,TUK,Transportation and communications,Services,CHF Millions,351.4
2022,FDI in Switzerland (Inward),Investment income,Dividends,DSPE0,of which special purpose entities,Services,CHF Millions,4899.3
2022,FDI in Switzerland (Inward),Investment income,Dividends,DSPE,of which special purpose entities,Services,CHF Millions,4869.3
2022,FDI in Switzerland (Inward),Investment income,Reinvested earnings,B,Banks,Services,CHF Millions,180.5
2022,FDI in Switzerland (Inward),Investment income,Reinvested earnings,CUK,Chemicals and plastics,Manufacturing,CHF Millions,3674.1
2022,FDI in Switzerland (Inward),Investment income,Reinvested earnings,EEOU,"Electronics, energy, optical and watchmaking",Manufacturing,CHF Millions,2582.8
2022,FDI in Switzerland (Inward),Investment income,Reinvested earnings,V,Insurance companies,Services,CHF Millions,1029.5
2022,FDI in Switzerland (Inward),Investment income,Reinvested earnings,MUM,Metals and machinery,Manufacturing,CHF Millions,670.8
2022,FDI in Switzerland (Inward),Investment income,Reinvested earnings,UIB,Other manufacturing and construction,Manufacturing,CHF Millions,1980.7
2022,FDI in Switzerland (Inward),Investment income,Reinvested earnings,DU,Other services,Services,CHF Millions,4988.0
2022,FDI in Switzerland (Inward),Investment income,Reinvested earnings,T0,Total,Manufacturing,CHF Millions,8908.4
2022,FDI in Switzerland (Inward),Investment income,Reinvested earnings,T1,Total,Services,CHF Millions,25450.9
2022,FDI in Switzerland (Inward),Investment income,Reinvested earnings,T2,Total,Services,CHF Millions,219.8
2022,FDI in Switzerland (Inward),Investment income,Reinvested earnings,D1_2,Total,All / Total,CHF Millions,34359.3
2022,FDI in Switzerland (Inward),Investment income,Reinvested earnings,D1_3,Total excluding special purpose entities,All / Total,CHF Millions,30973.0
2022,FDI in Switzerland (Inward),Investment income,Reinvested earnings,H,Trade,Services,CHF Millions,19864.2
2022,FDI in Switzerland (Inward),Investment income,Reinvested earnings,TUK,Transportation and communications,Services,CHF Millions,-831.2
2022,FDI in Switzerland (Inward),Investment income,Reinvested earnings,DSPE0,of which special purpose entities,Services,CHF Millions,3386.3
2022,FDI in Switzerland (Inward),Investment income,Reinvested earnings,DSPE,of which special purpose entities,Services,CHF Millions,2661.2
2022,FDI in Switzerland (Inward),Investment income,Total,B,Banks,Services,CHF Millions,747.9
2022,FDI in Switzerland (Inward),Investment income,Total,CUK,Chemicals and plastics,Manufacturing,CHF Millions,12270.7
2022,FDI in Switzerland (Inward),Investment income,Total,EEOU,"Electronics, energy, optical and watchmaking",Manufacturing,CHF Millions,5001.8
2022,FDI in Switzerland (Inward),Investment income,Total,V,Insurance companies,Services,CHF Millions,2990.5
2022,FDI in Switzerland (Inward),Investment income,Total,MUM,Metals and machinery,Manufacturing,CHF Millions,2803.5
2022,FDI in Switzerland (Inward),Investment income,Total,UIB,Other manufacturing and construction,Manufacturing,CHF Millions,2702.9
2022,FDI in Switzerland (Inward),Investment income,Total,DU,Other services,Services,CHF Millions,8424.8
2022,FDI in Switzerland (Inward),Investment income,Total,T0,Total,Manufacturing,CHF Millions,22778.8
2022,FDI in Switzerland (Inward),Investment income,Total,T1,Total,Services,CHF Millions,85926.8
2022,FDI in Switzerland (Inward),Investment income,Total,T2,Total,Services,CHF Millions,37710.7
2022,FDI in Switzerland (Inward),Investment income,Total,D1_2,Total,All / Total,CHF Millions,108705.7
2022,FDI in Switzerland (Inward),Investment income,Total,D1_3,Total excluding special purpose entities,All / Total,CHF Millions,99840.8
2022,FDI in Switzerland (Inward),Investment income,Total,H,Trade,Services,CHF Millions,36170.1
2022,FDI in Switzerland (Inward),Investment income,Total,TUK,Transportation and communications,Services,CHF Millions,-117.2
2022,FDI in Switzerland (Inward),Investment income,Total,DSPE0,of which special purpose entities,Services,CHF Millions,8864.9
2022,FDI in Switzerland (Inward),Investment income,Total,DSPE,of which special purpose entities,Services,CHF Millions,8154.4
2022,Swiss FDI abroad (Outward),Capital stocks,Debt instruments,B,Banks,Services,CHF Millions,
2022,Swiss FDI abroad (Outward),Capital stocks,Debt instruments,CUK,Chemicals and plastics,Manufacturing,CHF Millions,33803.6
2022,Swiss FDI abroad (Outward),Capital stocks,Debt instruments,SB,Domestically controlled,Services,CHF Millions,14025.8
2022,Swiss FDI abroad (Outward),Capital stocks,Debt instruments,EEOU,"Electronics, energy, optical and watchmaking",Manufacturing,CHF Millions,-6491.6
2022,Swiss FDI abroad (Outward),Capital stocks,Debt instruments,V,Insurance companies,Services,CHF Millions,-19517.4
2022,Swiss FDI abroad (Outward),Capital stocks,Debt instruments,MUM,Metals and machinery,Manufacturing,CHF Millions,13835.5
2022,Swiss FDI abroad (Outward),Capital stocks,Debt instruments,UIB,Other manufacturing and construction,Manufacturing,CHF Millions,4821.8
2022,Swiss FDI abroad (Outward),Capital stocks,Debt instruments,DU,Other services,Services,CHF Millions,5962.4
2022,Swiss FDI abroad (Outward),Capital stocks,Debt instruments,T0,Total,Manufacturing,CHF Millions,45969.3
2022,Swiss FDI abroad (Outward),Capital stocks,Debt instruments,T1,Total,Services,CHF Millions,-24488.5
2022,Swiss FDI abroad (Outward),Capital stocks,Debt instruments,T2,Total,Services,CHF Millions,43073.1
2022,Swiss FDI abroad (Outward),Capital stocks,Debt instruments,T3,Total,Services,CHF Millions,29047.4
2022,Swiss FDI abroad (Outward),Capital stocks,Debt instruments,D1_2,Total,All / Total,CHF Millions,21480.8
2022,Swiss FDI abroad (Outward),Capital stocks,Debt instruments,D1_5,Total excluding foreign-controlled enterprises,All / Total,CHF Millions,1418.0
2022,Swiss FDI abroad (Outward),Capital stocks,Debt instruments,D1_3,Total excluding foreign-controlled finance and holding companies,All / Total,CHF Millions,-7566.5
2022,Swiss FDI abroad (Outward),Capital stocks,Debt instruments,D1_4,Total excluding special purpose entities,All / Total,CHF Millions,20842.9
2022,Swiss FDI abroad (Outward),Capital stocks,Debt instruments,D1_6,Total foreign-controlled enterprises,All / Total,CHF Millions,20062.9
2022,Swiss FDI abroad (Outward),Capital stocks,Debt instruments,H,Trade,Services,CHF Millions,-18715.6
2022,Swiss FDI abroad (Outward),Capital stocks,Debt instruments,TUK,Transportation and communications,Services,CHF Millions,-35291.2
2022,Swiss FDI abroad (Outward),Capital stocks,Debt instruments,DSPE0,of which special purpose entities,Services,CHF Millions,638.0
2022,Swiss FDI abroad (Outward),Capital stocks,Debt instruments,DSPE,of which special purpose entities,Services,CHF Millions,484.9
2022,Swiss FDI abroad (Outward),Capital stocks,Equity capital,B,Banks,Services,CHF Millions,54386.7
2022,Swiss FDI abroad (Outward),Capital stocks,Equity capital,CUK,Chemicals and plastics,Manufacturing,CHF Millions,160853.5
2022,Swiss FDI abroad (Outward),Capital stocks,Equity capital,SB,Domestically controlled,Services,CHF Millions,89634.1
2022,Swiss FDI abroad (Outward),Capital stocks,Equity capital,EEOU,"Electronics, energy, optical and watchmaking",Manufacturing,CHF Millions,92992.9
2022,Swiss FDI abroad (Outward),Capital stocks,Equity capital,V,Insurance companies,Services,CHF Millions,121920.2
2022,Swiss FDI abroad (Outward),Capital stocks,Equity capital,PMG,Memorandum item: Real estate activities,All / Total,CHF Millions,8004.8
2022,Swiss FDI abroad (Outward),Capital stocks,Equity capital,PMT,Memorandum item: Total including real estate activities,All / Total,CHF Millions,1298557.5
2022,Swiss FDI abroad (Outward),Capital stocks,Equity capital,MUM,Metals and machinery,Manufacturing,CHF Millions,44332.6
2022,Swiss FDI abroad (Outward),Capital stocks,Equity capital,UIB,Other manufacturing and construction,Manufacturing,CHF Millions,130461.1
2022,Swiss FDI abroad (Outward),Capital stocks,Equity capital,DU,Other services,Services,CHF Millions,27223.3
2022,Swiss FDI abroad (Outward),Capital stocks,Equity capital,T0,Total,Manufacturing,CHF Millions,428640.1
2022,Swiss FDI abroad (Outward),Capital stocks,Equity capital,T1,Total,Services,CHF Millions,861912.5
2022,Swiss FDI abroad (Outward),Capital stocks,Equity capital,T2,Total,Services,CHF Millions,466546.9
2022,Swiss FDI abroad (Outward),Capital stocks,Equity capital,T3,Total,Services,CHF Millions,376912.8
2022,Swiss FDI abroad (Outward),Capital stocks,Equity capital,D1_2,Total,All / Total,CHF Millions,1290552.6
2022,Swiss FDI abroad (Outward),Capital stocks,Equity capital,D1_5,Total excluding foreign-controlled enterprises,All / Total,CHF Millions,659043.5
2022,Swiss FDI abroad (Outward),Capital stocks,Equity capital,D1_3,Total excluding foreign-controlled finance and holding companies,All / Total,CHF Millions,913639.8
2022,Swiss FDI abroad (Outward),Capital stocks,Equity capital,D1_4,Total excluding special purpose entities,All / Total,CHF Millions,1170985.0
2022,Swiss FDI abroad (Outward),Capital stocks,Equity capital,D1_6,Total foreign-controlled enterprises,All / Total,CHF Millions,631509.2
2022,Swiss FDI abroad (Outward),Capital stocks,Equity capital,H,Trade,Services,CHF Millions,162607.7
2022,Swiss FDI abroad (Outward),Capital stocks,Equity capital,TUK,Transportation and communications,Services,CHF Millions,29227.8
2022,Swiss FDI abroad (Outward),Capital stocks,Equity capital,DSPE0,of which special purpose entities,Services,CHF Millions,119567.7
2022,Swiss FDI abroad (Outward),Capital stocks,Equity capital,DSPE,of which special purpose entities,Services,CHF Millions,118647.3
2022,Swiss FDI abroad (Outward),Capital stocks,Total,B,Banks,Services,CHF Millions,54386.7
2022,Swiss FDI abroad (Outward),Capital stocks,Total,CUK,Chemicals and plastics,Manufacturing,CHF Millions,194657.0
2022,Swiss FDI abroad (Outward),Capital stocks,Total,SB,Domestically controlled,Services,CHF Millions,103659.9
2022,Swiss FDI abroad (Outward),Capital stocks,Total,EEOU,"Electronics, energy, optical and watchmaking",Manufacturing,CHF Millions,86501.3
2022,Swiss FDI abroad (Outward),Capital stocks,Total,V,Insurance companies,Services,CHF Millions,102402.9
2022,Swiss FDI abroad (Outward),Capital stocks,Total,PMG,Memorandum item: Real estate activities,All / Total,CHF Millions,8004.8
2022,Swiss FDI abroad (Outward),Capital stocks,Total,PMT,Memorandum item: Total including real estate activities,All / Total,CHF Millions,1320038.3
2022,Swiss FDI abroad (Outward),Capital stocks,Total,MUM,Metals and machinery,Manufacturing,CHF Millions,58168.1
2022,Swiss FDI abroad (Outward),Capital stocks,Total,UIB,Other manufacturing and construction,Manufacturing,CHF Millions,135282.9
2022,Swiss FDI abroad (Outward),Capital stocks,Total,DU,Other services,Services,CHF Millions,33185.7
2022,Swiss FDI abroad (Outward),Capital stocks,Total,T0,Total,Manufacturing,CHF Millions,474609.4
2022,Swiss FDI abroad (Outward),Capital stocks,Total,T1,Total,Services,CHF Millions,837424.0
2022,Swiss FDI abroad (Outward),Capital stocks,Total,T2,Total,Services,CHF Millions,509620.0
2022,Swiss FDI abroad (Outward),Capital stocks,Total,T3,Total,Services,CHF Millions,405960.2
2022,Swiss FDI abroad (Outward),Capital stocks,Total,D1_2,Total,All / Total,CHF Millions,1312033.4
2022,Swiss FDI abroad (Outward),Capital stocks,Total,D1_5,Total excluding foreign-controlled enterprises,All / Total,CHF Millions,660461.4
2022,Swiss FDI abroad (Outward),Capital stocks,Total,D1_3,Total excluding foreign-controlled finance and holding companies,All / Total,CHF Millions,906073.3
2022,Swiss FDI abroad (Outward),Capital stocks,Total,D1_4,Total excluding special purpose entities,All / Total,CHF Millions,1191827.8
2022,Swiss FDI abroad (Outward),Capital stocks,Total,D1_6,Total foreign-controlled enterprises,All / Total,CHF Millions,651572.0
2022,Swiss FDI abroad (Outward),Capital stocks,Total,H,Trade,Services,CHF Millions,143892.1
2022,Swiss FDI abroad (Outward),Capital stocks,Total,TUK,Transportation and communications,Services,CHF Millions,-6063.4
2022,Swiss FDI abroad (Outward),Capital stocks,Total,DSPE0,of which special purpose entities,Services,CHF Millions,120205.6
2022,Swiss FDI abroad (Outward),Capital stocks,Total,DSPE,of which special purpose entities,Services,CHF Millions,119132.3
2022,Swiss FDI abroad (Outward),Capital transactions (flows),Debt instruments,B,Banks,Services,CHF Millions,
2022,Swiss FDI abroad (Outward),Capital transactions (flows),Debt instruments,CUK,Chemicals and plastics,Manufacturing,CHF Millions,-12111.6
2022,Swiss FDI abroad (Outward),Capital transactions (flows),Debt instruments,SB,Domestically controlled,Services,CHF Millions,-5513.2
2022,Swiss FDI abroad (Outward),Capital transactions (flows),Debt instruments,EEOU,"Electronics, energy, optical and watchmaking",Manufacturing,CHF Millions,-4522.9
2022,Swiss FDI abroad (Outward),Capital transactions (flows),Debt instruments,V,Insurance companies,Services,CHF Millions,-464.2
2022,Swiss FDI abroad (Outward),Capital transactions (flows),Debt instruments,MUM,Metals and machinery,Manufacturing,CHF Millions,955.1
2022,Swiss FDI abroad (Outward),Capital transactions (flows),Debt instruments,UIB,Other manufacturing and construction,Manufacturing,CHF Millions,-4592.1
2022,Swiss FDI abroad (Outward),Capital transactions (flows),Debt instruments,DU,Other services,Services,CHF Millions,-5195.7
2022,Swiss FDI abroad (Outward),Capital transactions (flows),Debt instruments,T0,Total,Manufacturing,CHF Millions,-20271.5
2022,Swiss FDI abroad (Outward),Capital transactions (flows),Debt instruments,T1,Total,Services,CHF Millions,-55030.2
2022,Swiss FDI abroad (Outward),Capital transactions (flows),Debt instruments,T2,Total,Services,CHF Millions,-10602.4
2022,Swiss FDI abroad (Outward),Capital transactions (flows),Debt instruments,T3,Total,Services,CHF Millions,-5089.2
2022,Swiss FDI abroad (Outward),Capital transactions (flows),Debt instruments,D1_2,Total,All / Total,CHF Millions,-75301.6
2022,Swiss FDI abroad (Outward),Capital transactions (flows),Debt instruments,D1_5,Total excluding foreign-controlled enterprises,All / Total,CHF Millions,-52974.2
2022,Swiss FDI abroad (Outward),Capital transactions (flows),Debt instruments,D1_3,Total excluding foreign-controlled finance and holding companies,All / Total,CHF Millions,-70212.5
2022,Swiss FDI abroad (Outward),Capital transactions (flows),Debt instruments,D1_4,Total excluding special purpose entities,All / Total,CHF Millions,-75249.0
2022,Swiss FDI abroad (Outward),Capital transactions (flows),Debt instruments,D1_6,Total foreign-controlled enterprises,All / Total,CHF Millions,-22327.4
2022,Swiss FDI abroad (Outward),Capital transactions (flows),Debt instruments,H,Trade,Services,CHF Millions,-12414.6
2022,Swiss FDI abroad (Outward),Capital transactions (flows),Debt instruments,TUK,Transportation and communications,Services,CHF Millions,-26353.4
2022,Swiss FDI abroad (Outward),Capital transactions (flows),Debt instruments,DSPE0,of which special purpose entities,Services,CHF Millions,-52.7
2022,Swiss FDI abroad (Outward),Capital transactions (flows),Debt instruments,DSPE,of which special purpose entities,Services,CHF Millions,-118.1
2022,Swiss FDI abroad (Outward),Capital transactions (flows),Equity capital excluding reinvested earnings,B,Banks,Services,CHF Millions,-1705.7
2022,Swiss FDI abroad (Outward),Capital transactions (flows),Equity capital excluding reinvested earnings,CUK,Chemicals and plastics,Manufacturing,CHF Millions,-6549.5
2022,Swiss FDI abroad (Outward),Capital transactions (flows),Equity capital excluding reinvested earnings,SB,Domestically controlled,Services,CHF Millions,471.8
2022,Swiss FDI abroad (Outward),Capital transactions (flows),Equity capital excluding reinvested earnings,EEOU,"Electronics, energy, optical and watchmaking",Manufacturing,CHF Millions,685.5
2022,Swiss FDI abroad (Outward),Capital transactions (flows),Equity capital excluding reinvested earnings,V,Insurance companies,Services,CHF Millions,6673.0
2022,Swiss FDI abroad (Outward),Capital transactions (flows),Equity capital excluding reinvested earnings,PMG,Memorandum item: Real estate activities,All / Total,CHF Millions,1412.7
2022,Swiss FDI abroad (Outward),Capital transactions (flows),Equity capital excluding reinvested earnings,PMT,Memorandum item: Total including real estate activities,All / Total,CHF Millions,-28253.3
2022,Swiss FDI abroad (Outward),Capital transactions (flows),Equity capital excluding reinvested earnings,MUM,Metals and machinery,Manufacturing,CHF Millions,2511.6
2022,Swiss FDI abroad (Outward),Capital transactions (flows),Equity capital excluding reinvested earnings,UIB,Other manufacturing and construction,Manufacturing,CHF Millions,-5221.9
2022,Swiss FDI abroad (Outward),Capital transactions (flows),Equity capital excluding reinvested earnings,DU,Other services,Services,CHF Millions,1510.5
2022,Swiss FDI abroad (Outward),Capital transactions (flows),Equity capital excluding reinvested earnings,T0,Total,Manufacturing,CHF Millions,-8574.3
2022,Swiss FDI abroad (Outward),Capital transactions (flows),Equity capital excluding reinvested earnings,T1,Total,Services,CHF Millions,-21091.7
2022,Swiss FDI abroad (Outward),Capital transactions (flows),Equity capital excluding reinvested earnings,T2,Total,Services,CHF Millions,-25753.8
2022,Swiss FDI abroad (Outward),Capital transactions (flows),Equity capital excluding reinvested earnings,T3,Total,Services,CHF Millions,-26225.6
2022,Swiss FDI abroad (Outward),Capital transactions (flows),Equity capital excluding reinvested earnings,D1_2,Total,All / Total,CHF Millions,-29666.0
2022,Swiss FDI abroad (Outward),Capital transactions (flows),Equity capital excluding reinvested earnings,D1_5,Total excluding foreign-controlled enterprises,All / Total,CHF Millions,8375.2
2022,Swiss FDI abroad (Outward),Capital transactions (flows),Equity capital excluding reinvested earnings,D1_3,Total excluding foreign-controlled finance and holding companies,All / Total,CHF Millions,-3440.4
2022,Swiss FDI abroad (Outward),Capital transactions (flows),Equity capital excluding reinvested earnings,D1_4,Total excluding special purpose entities,All / Total,CHF Millions,-18038.3
2022,Swiss FDI abroad (Outward),Capital transactions (flows),Equity capital excluding reinvested earnings,D1_6,Total foreign-controlled enterprises,All / Total,CHF Millions,-38041.2
2022,Swiss FDI abroad (Outward),Capital transactions (flows),Equity capital excluding reinvested earnings,H,Trade,Services,CHF Millions,-2150.0
2022,Swiss FDI abroad (Outward),Capital transactions (flows),Equity capital excluding reinvested earnings,TUK,Transportation and communications,Services,CHF Millions,334.4
2022,Swiss FDI abroad (Outward),Capital transactions (flows),Equity capital excluding reinvested earnings,DSPE0,of which special purpose entities,Services,CHF Millions,-11627.7
2022,Swiss FDI abroad (Outward),Capital transactions (flows),Equity capital excluding reinvested earnings,DSPE,of which special purpose entities,Services,CHF Millions,-11624.8
2022,Swiss FDI abroad (Outward),Capital transactions (flows),Reinvested earnings,B,Banks,Services,CHF Millions,-17513.6
2022,Swiss FDI abroad (Outward),Capital transactions (flows),Reinvested earnings,CUK,Chemicals and plastics,Manufacturing,CHF Millions,10841.0
2022,Swiss FDI abroad (Outward),Capital transactions (flows),Reinvested earnings,SB,Domestically controlled,Services,CHF Millions,-1552.6
2022,Swiss FDI abroad (Outward),Capital transactions (flows),Reinvested earnings,EEOU,"Electronics, energy, optical and watchmaking",Manufacturing,CHF Millions,4866.5
2022,Swiss FDI abroad (Outward),Capital transactions (flows),Reinvested earnings,V,Insurance companies,Services,CHF Millions,-325.0
2022,Swiss FDI abroad (Outward),Capital transactions (flows),Reinvested earnings,MUM,Metals and machinery,Manufacturing,CHF Millions,1165.5
2022,Swiss FDI abroad (Outward),Capital transactions (flows),Reinvested earnings,UIB,Other manufacturing and construction,Manufacturing,CHF Millions,5104.9
2022,Swiss FDI abroad (Outward),Capital transactions (flows),Reinvested earnings,DU,Other services,Services,CHF Millions,220.6
2022,Swiss FDI abroad (Outward),Capital transactions (flows),Reinvested earnings,T0,Total,Manufacturing,CHF Millions,21977.9
2022,Swiss FDI abroad (Outward),Capital transactions (flows),Reinvested earnings,T1,Total,Services,CHF Millions,5361.2
2022,Swiss FDI abroad (Outward),Capital transactions (flows),Reinvested earnings,T2,Total,Services,CHF Millions,7077.5
2022,Swiss FDI abroad (Outward),Capital transactions (flows),Reinvested earnings,T3,Total,Services,CHF Millions,8630.0
2022,Swiss FDI abroad (Outward),Capital transactions (flows),Reinvested earnings,D1_2,Total,All / Total,CHF Millions,27339.1
2022,Swiss FDI abroad (Outward),Capital transactions (flows),Reinvested earnings,D1_5,Total excluding foreign-controlled enterprises,All / Total,CHF Millions,6139.1
2022,Swiss FDI abroad (Outward),Capital transactions (flows),Reinvested earnings,D1_3,Total excluding foreign-controlled finance and holding companies,All / Total,CHF Millions,18709.0
2022,Swiss FDI abroad (Outward),Capital transactions (flows),Reinvested earnings,D1_4,Total excluding special purpose entities,All / Total,CHF Millions,25077.6
2022,Swiss FDI abroad (Outward),Capital transactions (flows),Reinvested earnings,D1_6,Total foreign-controlled enterprises,All / Total,CHF Millions,21200.0
2022,Swiss FDI abroad (Outward),Capital transactions (flows),Reinvested earnings,H,Trade,Services,CHF Millions,11804.4
2022,Swiss FDI abroad (Outward),Capital transactions (flows),Reinvested earnings,TUK,Transportation and communications,Services,CHF Millions,4097.2
2022,Swiss FDI abroad (Outward),Capital transactions (flows),Reinvested earnings,DSPE0,of which special purpose entities,Services,CHF Millions,2261.5
2022,Swiss FDI abroad (Outward),Capital transactions (flows),Reinvested earnings,DSPE,of which special purpose entities,Services,CHF Millions,2274.6
2022,Swiss FDI abroad (Outward),Capital transactions (flows),Total,B,Banks,Services,CHF Millions,-19219.2
2022,Swiss FDI abroad (Outward),Capital transactions (flows),Total,CUK,Chemicals and plastics,Manufacturing,CHF Millions,-7820.1
2022,Swiss FDI abroad (Outward),Capital transactions (flows),Total,SB,Domestically controlled,Services,CHF Millions,-6594.0
2022,Swiss FDI abroad (Outward),Capital transactions (flows),Total,EEOU,"Electronics, energy, optical and watchmaking",Manufacturing,CHF Millions,1029.1
2022,Swiss FDI abroad (Outward),Capital transactions (flows),Total,V,Insurance companies,Services,CHF Millions,5883.9
2022,Swiss FDI abroad (Outward),Capital transactions (flows),Total,PMG,Memorandum item: Real estate activities,All / Total,CHF Millions,1412.7
2022,Swiss FDI abroad (Outward),Capital transactions (flows),Total,PMT,Memorandum item: Total including real estate activities,All / Total,CHF Millions,-76215.9
2022,Swiss FDI abroad (Outward),Capital transactions (flows),Total,MUM,Metals and machinery,Manufacturing,CHF Millions,4632.3
2022,Swiss FDI abroad (Outward),Capital transactions (flows),Total,UIB,Other manufacturing and construction,Manufacturing,CHF Millions,-4709.2
2022,Swiss FDI abroad (Outward),Capital transactions (flows),Total,DU,Other services,Services,CHF Millions,-3464.6
2022,Swiss FDI abroad (Outward),Capital transactions (flows),Total,T0,Total,Manufacturing,CHF Millions,-6867.9
2022,Swiss FDI abroad (Outward),Capital transactions (flows),Total,T1,Total,Services,CHF Millions,-70760.7
2022,Swiss FDI abroad (Outward),Capital transactions (flows),Total,T2,Total,Services,CHF Millions,-29278.8
2022,Swiss FDI abroad (Outward),Capital transactions (flows),Total,T3,Total,Services,CHF Millions,-22684.8
2022,Swiss FDI abroad (Outward),Capital transactions (flows),Total,D1_2,Total,All / Total,CHF Millions,-77628.5
2022,Swiss FDI abroad (Outward),Capital transactions (flows),Total,D1_5,Total excluding foreign-controlled enterprises,All / Total,CHF Millions,-38459.9
2022,Swiss FDI abroad (Outward),Capital transactions (flows),Total,D1_3,Total excluding foreign-controlled finance and holding companies,All / Total,CHF Millions,-54943.8
2022,Swiss FDI abroad (Outward),Capital transactions (flows),Total,D1_4,Total excluding special purpose entities,All / Total,CHF Millions,-68209.7
2022,Swiss FDI abroad (Outward),Capital transactions (flows),Total,D1_6,Total foreign-controlled enterprises,All / Total,CHF Millions,-39168.7
2022,Swiss FDI abroad (Outward),Capital transactions (flows),Total,H,Trade,Services,CHF Millions,-2760.2
2022,Swiss FDI abroad (Outward),Capital transactions (flows),Total,TUK,Transportation and communications,Services,CHF Millions,-21921.8
2022,Swiss FDI abroad (Outward),Capital transactions (flows),Total,DSPE0,of which special purpose entities,Services,CHF Millions,-9418.9
2022,Swiss FDI abroad (Outward),Capital transactions (flows),Total,DSPE,of which special purpose entities,Services,CHF Millions,-9468.3
2022,Swiss FDI abroad (Outward),Investment income,Debt instruments: net interest,B,Banks,Services,CHF Millions,
2022,Swiss FDI abroad (Outward),Investment income,Debt instruments: net interest,CUK,Chemicals and plastics,Manufacturing,CHF Millions,1051.6
2022,Swiss FDI abroad (Outward),Investment income,Debt instruments: net interest,SB,Domestically controlled,Services,CHF Millions,499.7
2022,Swiss FDI abroad (Outward),Investment income,Debt instruments: net interest,EEOU,"Electronics, energy, optical and watchmaking",Manufacturing,CHF Millions,-587.7
2022,Swiss FDI abroad (Outward),Investment income,Debt instruments: net interest,V,Insurance companies,Services,CHF Millions,-6.2
2022,Swiss FDI abroad (Outward),Investment income,Debt instruments: net interest,MUM,Metals and machinery,Manufacturing,CHF Millions,367.3
2022,Swiss FDI abroad (Outward),Investment income,Debt instruments: net interest,UIB,Other manufacturing and construction,Manufacturing,CHF Millions,898.8
2022,Swiss FDI abroad (Outward),Investment income,Debt instruments: net interest,DU,Other services,Services,CHF Millions,112.0
2022,Swiss FDI abroad (Outward),Investment income,Debt instruments: net interest,T0,Total,Manufacturing,CHF Millions,1729.9
2022,Swiss FDI abroad (Outward),Investment income,Debt instruments: net interest,T1,Total,Services,CHF Millions,1157.3
2022,Swiss FDI abroad (Outward),Investment income,Debt instruments: net interest,T2,Total,Services,CHF Millions,1283.3
2022,Swiss FDI abroad (Outward),Investment income,Debt instruments: net interest,T3,Total,Services,CHF Millions,783.5
2022,Swiss FDI abroad (Outward),Investment income,Debt instruments: net interest,D1_2,Total,All / Total,CHF Millions,2887.2
2022,Swiss FDI abroad (Outward),Investment income,Debt instruments: net interest,D1_5,Total excluding foreign-controlled enterprises,All / Total,CHF Millions,2389.1
2022,Swiss FDI abroad (Outward),Investment income,Debt instruments: net interest,D1_3,Total excluding foreign-controlled finance and holding companies,All / Total,CHF Millions,2103.7
2022,Swiss FDI abroad (Outward),Investment income,Debt instruments: net interest,D1_4,Total excluding special purpose entities,All / Total,CHF Millions,2857.7
2022,Swiss FDI abroad (Outward),Investment income,Debt instruments: net interest,D1_6,Total foreign-controlled enterprises,All / Total,CHF Millions,498.1
2022,Swiss FDI abroad (Outward),Investment income,Debt instruments: net interest,H,Trade,Services,CHF Millions,-247.0
2022,Swiss FDI abroad (Outward),Investment income,Debt instruments: net interest,TUK,Transportation and communications,Services,CHF Millions,15.2
2022,Swiss FDI abroad (Outward),Investment income,Debt instruments: net interest,DSPE0,of which special purpose entities,Services,CHF Millions,29.5
2022,Swiss FDI abroad (Outward),Investment income,Debt instruments: net interest,DSPE,of which special purpose entities,Services,CHF Millions,26.9
2022,Swiss FDI abroad (Outward),Investment income,Dividends,B,Banks,Services,CHF Millions,9563.1
2022,Swiss FDI abroad (Outward),Investment income,Dividends,CUK,Chemicals and plastics,Manufacturing,CHF Millions,4345.5
2022,Swiss FDI abroad (Outward),Investment income,Dividends,SB,Domestically controlled,Services,CHF Millions,3914.9
2022,Swiss FDI abroad (Outward),Investment income,Dividends,EEOU,"Electronics, energy, optical and watchmaking",Manufacturing,CHF Millions,4943.1
2022,Swiss FDI abroad (Outward),Investment income,Dividends,V,Insurance companies,Services,CHF Millions,9842.6
2022,Swiss FDI abroad (Outward),Investment income,Dividends,MUM,Metals and machinery,Manufacturing,CHF Millions,3152.5
2022,Swiss FDI abroad (Outward),Investment income,Dividends,UIB,Other manufacturing and construction,Manufacturing,CHF Millions,7227.0
2022,Swiss FDI abroad (Outward),Investment income,Dividends,DU,Other services,Services,CHF Millions,2659.8
2022,Swiss FDI abroad (Outward),Investment income,Dividends,T0,Total,Manufacturing,CHF Millions,19668.1
2022,Swiss FDI abroad (Outward),Investment income,Dividends,T1,Total,Services,CHF Millions,55815.3
2022,Swiss FDI abroad (Outward),Investment income,Dividends,T2,Total,Services,CHF Millions,25497.6
2022,Swiss FDI abroad (Outward),Investment income,Dividends,T3,Total,Services,CHF Millions,21582.7
2022,Swiss FDI abroad (Outward),Investment income,Dividends,D1_2,Total,All / Total,CHF Millions,75483.4
2022,Swiss FDI abroad (Outward),Investment income,Dividends,D1_5,Total excluding foreign-controlled enterprises,All / Total,CHF Millions,43292.3
2022,Swiss FDI abroad (Outward),Investment income,Dividends,D1_3,Total excluding foreign-controlled finance and holding companies,All / Total,CHF Millions,53900.6
2022,Swiss FDI abroad (Outward),Investment income,Dividends,D1_4,Total excluding special purpose entities,All / Total,CHF Millions,73050.9
2022,Swiss FDI abroad (Outward),Investment income,Dividends,D1_6,Total foreign-controlled enterprises,All / Total,CHF Millions,32191.1
2022,Swiss FDI abroad (Outward),Investment income,Dividends,H,Trade,Services,CHF Millions,6902.1
2022,Swiss FDI abroad (Outward),Investment income,Dividends,TUK,Transportation and communications,Services,CHF Millions,1350.0
2022,Swiss FDI abroad (Outward),Investment income,Dividends,DSPE0,of which special purpose entities,Services,CHF Millions,2432.5
2022,Swiss FDI abroad (Outward),Investment income,Dividends,DSPE,of which special purpose entities,Services,CHF Millions,2337.0
2022,Swiss FDI abroad (Outward),Investment income,Reinvested earnings,B,Banks,Services,CHF Millions,-17513.6
2022,Swiss FDI abroad (Outward),Investment income,Reinvested earnings,CUK,Chemicals and plastics,Manufacturing,CHF Millions,10841.0
2022,Swiss FDI abroad (Outward),Investment income,Reinvested earnings,SB,Domestically controlled,Services,CHF Millions,-1552.6
2022,Swiss FDI abroad (Outward),Investment income,Reinvested earnings,EEOU,"Electronics, energy, optical and watchmaking",Manufacturing,CHF Millions,4866.5
2022,Swiss FDI abroad (Outward),Investment income,Reinvested earnings,V,Insurance companies,Services,CHF Millions,-325.0
2022,Swiss FDI abroad (Outward),Investment income,Reinvested earnings,MUM,Metals and machinery,Manufacturing,CHF Millions,1165.5
2022,Swiss FDI abroad (Outward),Investment income,Reinvested earnings,UIB,Other manufacturing and construction,Manufacturing,CHF Millions,5104.9
2022,Swiss FDI abroad (Outward),Investment income,Reinvested earnings,DU,Other services,Services,CHF Millions,220.6
2022,Swiss FDI abroad (Outward),Investment income,Reinvested earnings,T0,Total,Manufacturing,CHF Millions,21977.9
2022,Swiss FDI abroad (Outward),Investment income,Reinvested earnings,T1,Total,Services,CHF Millions,5361.2
2022,Swiss FDI abroad (Outward),Investment income,Reinvested earnings,T2,Total,Services,CHF Millions,7077.5
2022,Swiss FDI abroad (Outward),Investment income,Reinvested earnings,T3,Total,Services,CHF Millions,8630.0
2022,Swiss FDI abroad (Outward),Investment income,Reinvested earnings,D1_2,Total,All / Total,CHF Millions,27339.1
2022,Swiss FDI abroad (Outward),Investment income,Reinvested earnings,D1_5,Total excluding foreign-controlled enterprises,All / Total,CHF Millions,6139.1
2022,Swiss FDI abroad (Outward),Investment income,Reinvested earnings,D1_3,Total excluding foreign-controlled finance and holding companies,All / Total,CHF Millions,18709.0
2022,Swiss FDI abroad (Outward),Investment income,Reinvested earnings,D1_4,Total excluding special purpose entities,All / Total,CHF Millions,25077.6
2022,Swiss FDI abroad (Outward),Investment income,Reinvested earnings,D1_6,Total foreign-controlled enterprises,All / Total,CHF Millions,21200.0
2022,Swiss FDI abroad (Outward),Investment income,Reinvested earnings,H,Trade,Services,CHF Millions,11804.4
2022,Swiss FDI abroad (Outward),Investment income,Reinvested earnings,TUK,Transportation and communications,Services,CHF Millions,4097.2
2022,Swiss FDI abroad (Outward),Investment income,Reinvested earnings,DSPE0,of which special purpose entities,Services,CHF Millions,2261.5
2022,Swiss FDI abroad (Outward),Investment income,Reinvested earnings,DSPE,of which special purpose entities,Services,CHF Millions,2274.6
2022,Swiss FDI abroad (Outward),Investment income,Total,B,Banks,Services,CHF Millions,-7950.5
2022,Swiss FDI abroad (Outward),Investment income,Total,CUK,Chemicals and plastics,Manufacturing,CHF Millions,16238.1
2022,Swiss FDI abroad (Outward),Investment income,Total,SB,Domestically controlled,Services,CHF Millions,2862.1
2022,Swiss FDI abroad (Outward),Investment income,Total,EEOU,"Electronics, energy, optical and watchmaking",Manufacturing,CHF Millions,9221.9
2022,Swiss FDI abroad (Outward),Investment income,Total,V,Insurance companies,Services,CHF Millions,9511.4
2022,Swiss FDI abroad (Outward),Investment income,Total,MUM,Metals and machinery,Manufacturing,CHF Millions,4685.4
2022,Swiss FDI abroad (Outward),Investment income,Total,UIB,Other manufacturing and construction,Manufacturing,CHF Millions,13230.6
2022,Swiss FDI abroad (Outward),Investment income,Total,DU,Other services,Services,CHF Millions,2992.5
2022,Swiss FDI abroad (Outward),Investment income,Total,T0,Total,Manufacturing,CHF Millions,43376.0
2022,Swiss FDI abroad (Outward),Investment income,Total,T1,Total,Services,CHF Millions,62333.7
2022,Swiss FDI abroad (Outward),Investment income,Total,T2,Total,Services,CHF Millions,33858.4
2022,Swiss FDI abroad (Outward),Investment income,Total,T3,Total,Services,CHF Millions,30996.3
2022,Swiss FDI abroad (Outward),Investment income,Total,D1_2,Total,All / Total,CHF Millions,105709.7
2022,Swiss FDI abroad (Outward),Investment income,Total,D1_5,Total excluding foreign-controlled enterprises,All / Total,CHF Millions,51820.5
2022,Swiss FDI abroad (Outward),Investment income,Total,D1_3,Total excluding foreign-controlled finance and holding companies,All / Total,CHF Millions,74713.4
2022,Swiss FDI abroad (Outward),Investment income,Total,D1_4,Total excluding special purpose entities,All / Total,CHF Millions,100986.2
2022,Swiss FDI abroad (Outward),Investment income,Total,D1_6,Total foreign-controlled enterprises,All / Total,CHF Millions,53889.1
2022,Swiss FDI abroad (Outward),Investment income,Total,H,Trade,Services,CHF Millions,18459.5
2022,Swiss FDI abroad (Outward),Investment income,Total,TUK,Transportation and communications,Services,CHF Millions,5462.5
2022,Swiss FDI abroad (Outward),Investment income,Total,DSPE0,of which special purpose entities,Services,CHF Millions,4723.5
2022,Swiss FDI abroad (Outward),Investment income,Total,DSPE,of which special purpose entities,Services,CHF Millions,4638.4
2023,FDI in Switzerland (Inward),Capital stocks,Debt instruments,B,Banks,Services,CHF Millions,
2023,FDI in Switzerland (Inward),Capital stocks,Debt instruments,CUK,Chemicals and plastics,Manufacturing,CHF Millions,32040.9
2023,FDI in Switzerland (Inward),Capital stocks,Debt instruments,EEOU,"Electronics, energy, optical and watchmaking",Manufacturing,CHF Millions,-1732.2
2023,FDI in Switzerland (Inward),Capital stocks,Debt instruments,V,Insurance companies,Services,CHF Millions,-10263.4
2023,FDI in Switzerland (Inward),Capital stocks,Debt instruments,MUM,Metals and machinery,Manufacturing,CHF Millions,4286.7
2023,FDI in Switzerland (Inward),Capital stocks,Debt instruments,UIB,Other manufacturing and construction,Manufacturing,CHF Millions,-196.0
2023,FDI in Switzerland (Inward),Capital stocks,Debt instruments,DU,Other services,Services,CHF Millions,2706.6
2023,FDI in Switzerland (Inward),Capital stocks,Debt instruments,T0,Total,Manufacturing,CHF Millions,34399.3
2023,FDI in Switzerland (Inward),Capital stocks,Debt instruments,T1,Total,Services,CHF Millions,-3639.0
2023,FDI in Switzerland (Inward),Capital stocks,Debt instruments,T2,Total,Services,CHF Millions,-626.4
2023,FDI in Switzerland (Inward),Capital stocks,Debt instruments,D1_2,Total,All / Total,CHF Millions,30760.3
2023,FDI in Switzerland (Inward),Capital stocks,Debt instruments,D1_3,Total excluding special purpose entities,All / Total,CHF Millions,32372.4
2023,FDI in Switzerland (Inward),Capital stocks,Debt instruments,H,Trade,Services,CHF Millions,-7751.9
2023,FDI in Switzerland (Inward),Capital stocks,Debt instruments,TUK,Transportation and communications,Services,CHF Millions,12296.1
2023,FDI in Switzerland (Inward),Capital stocks,Debt instruments,DSPE0,of which special purpose entities,Services,CHF Millions,-1612.1
2023,FDI in Switzerland (Inward),Capital stocks,Debt instruments,DSPE,of which special purpose entities,Services,CHF Millions,787.4
2023,FDI in Switzerland (Inward),Capital stocks,Equity capital,B,Banks,Services,CHF Millions,21402.9
2023,FDI in Switzerland (Inward),Capital stocks,Equity capital,CUK,Chemicals and plastics,Manufacturing,CHF Millions,67751.8
2023,FDI in Switzerland (Inward),Capital stocks,Equity capital,EEOU,"Electronics, energy, optical and watchmaking",Manufacturing,CHF Millions,52268.5
2023,FDI in Switzerland (Inward),Capital stocks,Equity capital,V,Insurance companies,Services,CHF Millions,28658.5
2023,FDI in Switzerland (Inward),Capital stocks,Equity capital,PMG,Memorandum item: Real estate activities,All / Total,CHF Millions,39420.7
2023,FDI in Switzerland (Inward),Capital stocks,Equity capital,PMT,Memorandum item: Total including real estate activities,All / Total,CHF Millions,944932.8
2023,FDI in Switzerland (Inward),Capital stocks,Equity capital,MUM,Metals and machinery,Manufacturing,CHF Millions,19584.9
2023,FDI in Switzerland (Inward),Capital stocks,Equity capital,UIB,Other manufacturing and construction,Manufacturing,CHF Millions,19753.2
2023,FDI in Switzerland (Inward),Capital stocks,Equity capital,DU,Other services,Services,CHF Millions,49039.1
2023,FDI in Switzerland (Inward),Capital stocks,Equity capital,T0,Total,Manufacturing,CHF Millions,159358.4
2023,FDI in Switzerland (Inward),Capital stocks,Equity capital,T1,Total,Services,CHF Millions,746153.7
2023,FDI in Switzerland (Inward),Capital stocks,Equity capital,T2,Total,Services,CHF Millions,394599.6
2023,FDI in Switzerland (Inward),Capital stocks,Equity capital,D1_2,Total,All / Total,CHF Millions,905512.2
2023,FDI in Switzerland (Inward),Capital stocks,Equity capital,D1_3,Total excluding special purpose entities,All / Total,CHF Millions,791059.4
2023,FDI in Switzerland (Inward),Capital stocks,Equity capital,H,Trade,Services,CHF Millions,246462.1
2023,FDI in Switzerland (Inward),Capital stocks,Equity capital,TUK,Transportation and communications,Services,CHF Millions,5991.6
2023,FDI in Switzerland (Inward),Capital stocks,Equity capital,DSPE0,of which special purpose entities,Services,CHF Millions,114452.7
2023,FDI in Switzerland (Inward),Capital stocks,Equity capital,DSPE,of which special purpose entities,Services,CHF Millions,110709.1
2023,FDI in Switzerland (Inward),Capital stocks,Total,B,Banks,Services,CHF Millions,21402.9
2023,FDI in Switzerland (Inward),Capital stocks,Total,CUK,Chemicals and plastics,Manufacturing,CHF Millions,99792.7
2023,FDI in Switzerland (Inward),Capital stocks,Total,EEOU,"Electronics, energy, optical and watchmaking",Manufacturing,CHF Millions,50536.3
2023,FDI in Switzerland (Inward),Capital stocks,Total,V,Insurance companies,Services,CHF Millions,18395.1
2023,FDI in Switzerland (Inward),Capital stocks,Total,PMG,Memorandum item: Real estate activities,All / Total,CHF Millions,39420.7
2023,FDI in Switzerland (Inward),Capital stocks,Total,PMT,Memorandum item: Total including real estate activities,All / Total,CHF Millions,975693.1
2023,FDI in Switzerland (Inward),Capital stocks,Total,MUM,Metals and machinery,Manufacturing,CHF Millions,23871.5
2023,FDI in Switzerland (Inward),Capital stocks,Total,UIB,Other manufacturing and construction,Manufacturing,CHF Millions,19557.2
2023,FDI in Switzerland (Inward),Capital stocks,Total,DU,Other services,Services,CHF Millions,51745.8
2023,FDI in Switzerland (Inward),Capital stocks,Total,T0,Total,Manufacturing,CHF Millions,193757.7
2023,FDI in Switzerland (Inward),Capital stocks,Total,T1,Total,Services,CHF Millions,742514.7
2023,FDI in Switzerland (Inward),Capital stocks,Total,T2,Total,Services,CHF Millions,393973.2
2023,FDI in Switzerland (Inward),Capital stocks,Total,D1_2,Total,All / Total,CHF Millions,936272.4
2023,FDI in Switzerland (Inward),Capital stocks,Total,D1_3,Total excluding special purpose entities,All / Total,CHF Millions,823431.8
2023,FDI in Switzerland (Inward),Capital stocks,Total,H,Trade,Services,CHF Millions,238710.1
2023,FDI in Switzerland (Inward),Capital stocks,Total,TUK,Transportation and communications,Services,CHF Millions,18287.7
2023,FDI in Switzerland (Inward),Capital stocks,Total,DSPE0,of which special purpose entities,Services,CHF Millions,112840.6
2023,FDI in Switzerland (Inward),Capital stocks,Total,DSPE,of which special purpose entities,Services,CHF Millions,111496.4
2023,FDI in Switzerland (Inward),Capital transactions (flows),Debt instruments,B,Banks,Services,CHF Millions,
2023,FDI in Switzerland (Inward),Capital transactions (flows),Debt instruments,CUK,Chemicals and plastics,Manufacturing,CHF Millions,7374.5
2023,FDI in Switzerland (Inward),Capital transactions (flows),Debt instruments,EEOU,"Electronics, energy, optical and watchmaking",Manufacturing,CHF Millions,-564.2
2023,FDI in Switzerland (Inward),Capital transactions (flows),Debt instruments,V,Insurance companies,Services,CHF Millions,3931.2
2023,FDI in Switzerland (Inward),Capital transactions (flows),Debt instruments,MUM,Metals and machinery,Manufacturing,CHF Millions,593.8
2023,FDI in Switzerland (Inward),Capital transactions (flows),Debt instruments,UIB,Other manufacturing and construction,Manufacturing,CHF Millions,-433.1
2023,FDI in Switzerland (Inward),Capital transactions (flows),Debt instruments,DU,Other services,Services,CHF Millions,9474.4
2023,FDI in Switzerland (Inward),Capital transactions (flows),Debt instruments,T0,Total,Manufacturing,CHF Millions,6971.0
2023,FDI in Switzerland (Inward),Capital transactions (flows),Debt instruments,T1,Total,Services,CHF Millions,1552.7
2023,FDI in Switzerland (Inward),Capital transactions (flows),Debt instruments,T2,Total,Services,CHF Millions,-2417.0
2023,FDI in Switzerland (Inward),Capital transactions (flows),Debt instruments,D1_2,Total,All / Total,CHF Millions,8523.7
2023,FDI in Switzerland (Inward),Capital transactions (flows),Debt instruments,D1_3,Total excluding special purpose entities,All / Total,CHF Millions,14580.7
2023,FDI in Switzerland (Inward),Capital transactions (flows),Debt instruments,H,Trade,Services,CHF Millions,-11234.5
2023,FDI in Switzerland (Inward),Capital transactions (flows),Debt instruments,TUK,Transportation and communications,Services,CHF Millions,1798.7
2023,FDI in Switzerland (Inward),Capital transactions (flows),Debt instruments,DSPE0,of which special purpose entities,Services,CHF Millions,-6057.0
2023,FDI in Switzerland (Inward),Capital transactions (flows),Debt instruments,DSPE,of which special purpose entities,Services,CHF Millions,-6852.4
2023,FDI in Switzerland (Inward),Capital transactions (flows),Equity capital excluding reinvested earnings,B,Banks,Services,CHF Millions,-355.0
2023,FDI in Switzerland (Inward),Capital transactions (flows),Equity capital excluding reinvested earnings,CUK,Chemicals and plastics,Manufacturing,CHF Millions,-8056
2023,FDI in Switzerland (Inward),Capital transactions (flows),Equity capital excluding reinvested earnings,EEOU,"Electronics, energy, optical and watchmaking",Manufacturing,CHF Millions,-1129.0
2023,FDI in Switzerland (Inward),Capital transactions (flows),Equity capital excluding reinvested earnings,V,Insurance companies,Services,CHF Millions,-1909.4
2023,FDI in Switzerland (Inward),Capital transactions (flows),Equity capital excluding reinvested earnings,PMG,Memorandum item: Real estate activities,All / Total,CHF Millions,452.8
2023,FDI in Switzerland (Inward),Capital transactions (flows),Equity capital excluding reinvested earnings,PMT,Memorandum item: Total including real estate activities,All / Total,CHF Millions,-77369.2
2023,FDI in Switzerland (Inward),Capital transactions (flows),Equity capital excluding reinvested earnings,MUM,Metals and machinery,Manufacturing,CHF Millions,10.7
2023,FDI in Switzerland (Inward),Capital transactions (flows),Equity capital excluding reinvested earnings,UIB,Other manufacturing and construction,Manufacturing,CHF Millions,-5542.9
2023,FDI in Switzerland (Inward),Capital transactions (flows),Equity capital excluding reinvested earnings,DU,Other services,Services,CHF Millions,-12938.0
2023,FDI in Switzerland (Inward),Capital transactions (flows),Equity capital excluding reinvested earnings,T0,Total,Manufacturing,CHF Millions,-14717.2
2023,FDI in Switzerland (Inward),Capital transactions (flows),Equity capital excluding reinvested earnings,T1,Total,Services,CHF Millions,-63104.9
2023,FDI in Switzerland (Inward),Capital transactions (flows),Equity capital excluding reinvested earnings,T2,Total,Services,CHF Millions,-48004.1
2023,FDI in Switzerland (Inward),Capital transactions (flows),Equity capital excluding reinvested earnings,D1_2,Total,All / Total,CHF Millions,-77822.0
2023,FDI in Switzerland (Inward),Capital transactions (flows),Equity capital excluding reinvested earnings,D1_3,Total excluding special purpose entities,All / Total,CHF Millions,-53336.5
2023,FDI in Switzerland (Inward),Capital transactions (flows),Equity capital excluding reinvested earnings,H,Trade,Services,CHF Millions,101.6
2023,FDI in Switzerland (Inward),Capital transactions (flows),Equity capital excluding reinvested earnings,TUK,Transportation and communications,Services,CHF Millions,
2023,FDI in Switzerland (Inward),Capital transactions (flows),Equity capital excluding reinvested earnings,DSPE0,of which special purpose entities,Services,CHF Millions,-24485.5
2023,FDI in Switzerland (Inward),Capital transactions (flows),Equity capital excluding reinvested earnings,DSPE,of which special purpose entities,Services,CHF Millions,-24025.9
2023,FDI in Switzerland (Inward),Capital transactions (flows),Reinvested earnings,B,Banks,Services,CHF Millions,916.9
2023,FDI in Switzerland (Inward),Capital transactions (flows),Reinvested earnings,CUK,Chemicals and plastics,Manufacturing,CHF Millions,2455.4
2023,FDI in Switzerland (Inward),Capital transactions (flows),Reinvested earnings,EEOU,"Electronics, energy, optical and watchmaking",Manufacturing,CHF Millions,539.1
2023,FDI in Switzerland (Inward),Capital transactions (flows),Reinvested earnings,V,Insurance companies,Services,CHF Millions,877.3
2023,FDI in Switzerland (Inward),Capital transactions (flows),Reinvested earnings,MUM,Metals and machinery,Manufacturing,CHF Millions,-1785.0
2023,FDI in Switzerland (Inward),Capital transactions (flows),Reinvested earnings,UIB,Other manufacturing and construction,Manufacturing,CHF Millions,717.7
2023,FDI in Switzerland (Inward),Capital transactions (flows),Reinvested earnings,DU,Other services,Services,CHF Millions,612.8
2023,FDI in Switzerland (Inward),Capital transactions (flows),Reinvested earnings,T0,Total,Manufacturing,CHF Millions,1927.2
2023,FDI in Switzerland (Inward),Capital transactions (flows),Reinvested earnings,T1,Total,Services,CHF Millions,-2490.6
2023,FDI in Switzerland (Inward),Capital transactions (flows),Reinvested earnings,T2,Total,Services,CHF Millions,-6795.8
2023,FDI in Switzerland (Inward),Capital transactions (flows),Reinvested earnings,D1_2,Total,All / Total,CHF Millions,-563.4
2023,FDI in Switzerland (Inward),Capital transactions (flows),Reinvested earnings,D1_3,Total excluding special purpose entities,All / Total,CHF Millions,258.6
2023,FDI in Switzerland (Inward),Capital transactions (flows),Reinvested earnings,H,Trade,Services,CHF Millions,222.3
2023,FDI in Switzerland (Inward),Capital transactions (flows),Reinvested earnings,TUK,Transportation and communications,Services,CHF Millions,612.8
2023,FDI in Switzerland (Inward),Capital transactions (flows),Reinvested earnings,DSPE0,of which special purpose entities,Services,CHF Millions,-822.1
2023,FDI in Switzerland (Inward),Capital transactions (flows),Reinvested earnings,DSPE,of which special purpose entities,Services,CHF Millions,-443.3
2023,FDI in Switzerland (Inward),Capital transactions (flows),Total,B,Banks,Services,CHF Millions,561.9
2023,FDI in Switzerland (Inward),Capital transactions (flows),Total,CUK,Chemicals and plastics,Manufacturing,CHF Millions,1773.9
2023,FDI in Switzerland (Inward),Capital transactions (flows),Total,EEOU,"Electronics, energy, optical and watchmaking",Manufacturing,CHF Millions,-1154.1
2023,FDI in Switzerland (Inward),Capital transactions (flows),Total,V,Insurance companies,Services,CHF Millions,2899.1
2023,FDI in Switzerland (Inward),Capital transactions (flows),Total,PMG,Memorandum item: Real estate activities,All / Total,CHF Millions,452.8
2023,FDI in Switzerland (Inward),Capital transactions (flows),Total,PMT,Memorandum item: Total including real estate activities,All / Total,CHF Millions,-69408.9
2023,FDI in Switzerland (Inward),Capital transactions (flows),Total,MUM,Metals and machinery,Manufacturing,CHF Millions,-1180.4
2023,FDI in Switzerland (Inward),Capital transactions (flows),Total,UIB,Other manufacturing and construction,Manufacturing,CHF Millions,-5258.3
2023,FDI in Switzerland (Inward),Capital transactions (flows),Total,DU,Other services,Services,CHF Millions,-1787.8
2023,FDI in Switzerland (Inward),Capital transactions (flows),Total,T0,Total,Manufacturing,CHF Millions,-5818.9
2023,FDI in Switzerland (Inward),Capital transactions (flows),Total,T1,Total,Services,CHF Millions,-64042.8
2023,FDI in Switzerland (Inward),Capital transactions (flows),Total,T2,Total,Services,CHF Millions,-57216.9
2023,FDI in Switzerland (Inward),Capital transactions (flows),Total,D1_2,Total,All / Total,CHF Millions,-69861.7
2023,FDI in Switzerland (Inward),Capital transactions (flows),Total,D1_3,Total excluding special purpose entities,All / Total,CHF Millions,-38497.2
2023,FDI in Switzerland (Inward),Capital transactions (flows),Total,H,Trade,Services,CHF Millions,-10910.6
2023,FDI in Switzerland (Inward),Capital transactions (flows),Total,TUK,Transportation and communications,Services,CHF Millions,2411.5
2023,FDI in Switzerland (Inward),Capital transactions (flows),Total,DSPE0,of which special purpose entities,Services,CHF Millions,-31364.6
2023,FDI in Switzerland (Inward),Capital transactions (flows),Total,DSPE,of which special purpose entities,Services,CHF Millions,-31321.6
2023,FDI in Switzerland (Inward),Investment income,Debt instruments: net interest,B,Banks,Services,CHF Millions,
2023,FDI in Switzerland (Inward),Investment income,Debt instruments: net interest,CUK,Chemicals and plastics,Manufacturing,CHF Millions,1100.0
2023,FDI in Switzerland (Inward),Investment income,Debt instruments: net interest,EEOU,"Electronics, energy, optical and watchmaking",Manufacturing,CHF Millions,63.0
2023,FDI in Switzerland (Inward),Investment income,Debt instruments: net interest,V,Insurance companies,Services,CHF Millions,-52.2
2023,FDI in Switzerland (Inward),Investment income,Debt instruments: net interest,MUM,Metals and machinery,Manufacturing,CHF Millions,79.4
2023,FDI in Switzerland (Inward),Investment income,Debt instruments: net interest,UIB,Other manufacturing and construction,Manufacturing,CHF Millions,18.2
2023,FDI in Switzerland (Inward),Investment income,Debt instruments: net interest,DU,Other services,Services,CHF Millions,85.8
2023,FDI in Switzerland (Inward),Investment income,Debt instruments: net interest,T0,Total,Manufacturing,CHF Millions,1260.6
2023,FDI in Switzerland (Inward),Investment income,Debt instruments: net interest,T1,Total,Services,CHF Millions,109.3
2023,FDI in Switzerland (Inward),Investment income,Debt instruments: net interest,T2,Total,Services,CHF Millions,-310.2
2023,FDI in Switzerland (Inward),Investment income,Debt instruments: net interest,D1_2,Total,All / Total,CHF Millions,1369.9
2023,FDI in Switzerland (Inward),Investment income,Debt instruments: net interest,D1_3,Total excluding special purpose entities,All / Total,CHF Millions,1192.5
2023,FDI in Switzerland (Inward),Investment income,Debt instruments: net interest,H,Trade,Services,CHF Millions,96.1
2023,FDI in Switzerland (Inward),Investment income,Debt instruments: net interest,TUK,Transportation and communications,Services,CHF Millions,289.9
2023,FDI in Switzerland (Inward),Investment income,Debt instruments: net interest,DSPE0,of which special purpose entities,Services,CHF Millions,177.5
2023,FDI in Switzerland (Inward),Investment income,Debt instruments: net interest,DSPE,of which special purpose entities,Services,CHF Millions,318.7
2023,FDI in Switzerland (Inward),Investment income,Dividends,B,Banks,Services,CHF Millions,801.5
2023,FDI in Switzerland (Inward),Investment income,Dividends,CUK,Chemicals and plastics,Manufacturing,CHF Millions,8845.8
2023,FDI in Switzerland (Inward),Investment income,Dividends,EEOU,"Electronics, energy, optical and watchmaking",Manufacturing,CHF Millions,2847.2
2023,FDI in Switzerland (Inward),Investment income,Dividends,V,Insurance companies,Services,CHF Millions,3291.3
2023,FDI in Switzerland (Inward),Investment income,Dividends,MUM,Metals and machinery,Manufacturing,CHF Millions,3386.3
2023,FDI in Switzerland (Inward),Investment income,Dividends,UIB,Other manufacturing and construction,Manufacturing,CHF Millions,804.5
2023,FDI in Switzerland (Inward),Investment income,Dividends,DU,Other services,Services,CHF Millions,4964.2
2023,FDI in Switzerland (Inward),Investment income,Dividends,T0,Total,Manufacturing,CHF Millions,15883.8
2023,FDI in Switzerland (Inward),Investment income,Dividends,T1,Total,Services,CHF Millions,84586.5
2023,FDI in Switzerland (Inward),Investment income,Dividends,T2,Total,Services,CHF Millions,41157.1
2023,FDI in Switzerland (Inward),Investment income,Dividends,D1_2,Total,All / Total,CHF Millions,100470.3
2023,FDI in Switzerland (Inward),Investment income,Dividends,D1_3,Total excluding special purpose entities,All / Total,CHF Millions,95322.5
2023,FDI in Switzerland (Inward),Investment income,Dividends,H,Trade,Services,CHF Millions,33258.3
2023,FDI in Switzerland (Inward),Investment income,Dividends,TUK,Transportation and communications,Services,CHF Millions,1113.9
2023,FDI in Switzerland (Inward),Investment income,Dividends,DSPE0,of which special purpose entities,Services,CHF Millions,5147.8
2023,FDI in Switzerland (Inward),Investment income,Dividends,DSPE,of which special purpose entities,Services,CHF Millions,5103.9
2023,FDI in Switzerland (Inward),Investment income,Reinvested earnings,B,Banks,Services,CHF Millions,916.9
2023,FDI in Switzerland (Inward),Investment income,Reinvested earnings,CUK,Chemicals and plastics,Manufacturing,CHF Millions,2455.4
2023,FDI in Switzerland (Inward),Investment income,Reinvested earnings,EEOU,"Electronics, energy, optical and watchmaking",Manufacturing,CHF Millions,539.1
2023,FDI in Switzerland (Inward),Investment income,Reinvested earnings,V,Insurance companies,Services,CHF Millions,877.3
2023,FDI in Switzerland (Inward),Investment income,Reinvested earnings,MUM,Metals and machinery,Manufacturing,CHF Millions,-1785.0
2023,FDI in Switzerland (Inward),Investment income,Reinvested earnings,UIB,Other manufacturing and construction,Manufacturing,CHF Millions,717.7
2023,FDI in Switzerland (Inward),Investment income,Reinvested earnings,DU,Other services,Services,CHF Millions,1675.8
2023,FDI in Switzerland (Inward),Investment income,Reinvested earnings,T0,Total,Manufacturing,CHF Millions,1927.2
2023,FDI in Switzerland (Inward),Investment income,Reinvested earnings,T1,Total,Services,CHF Millions,-2490.6
2023,FDI in Switzerland (Inward),Investment income,Reinvested earnings,T2,Total,Services,CHF Millions,-6795.8
2023,FDI in Switzerland (Inward),Investment income,Reinvested earnings,D1_2,Total,All / Total,CHF Millions,-563.4
2023,FDI in Switzerland (Inward),Investment income,Reinvested earnings,D1_3,Total excluding special purpose entities,All / Total,CHF Millions,258.6
2023,FDI in Switzerland (Inward),Investment income,Reinvested earnings,H,Trade,Services,CHF Millions,222.3
2023,FDI in Switzerland (Inward),Investment income,Reinvested earnings,TUK,Transportation and communications,Services,CHF Millions,612.8
2023,FDI in Switzerland (Inward),Investment income,Reinvested earnings,DSPE0,of which special purpose entities,Services,CHF Millions,-822.1
2023,FDI in Switzerland (Inward),Investment income,Reinvested earnings,DSPE,of which special purpose entities,Services,CHF Millions,-443.3
2023,FDI in Switzerland (Inward),Investment income,Total,B,Banks,Services,CHF Millions,1718.5
2023,FDI in Switzerland (Inward),Investment income,Total,CUK,Chemicals and plastics,Manufacturing,CHF Millions,12401.2
2023,FDI in Switzerland (Inward),Investment income,Total,EEOU,"Electronics, energy, optical and watchmaking",Manufacturing,CHF Millions,3449.2
2023,FDI in Switzerland (Inward),Investment income,Total,V,Insurance companies,Services,CHF Millions,4116.4
2023,FDI in Switzerland (Inward),Investment income,Total,MUM,Metals and machinery,Manufacturing,CHF Millions,1680.8
2023,FDI in Switzerland (Inward),Investment income,Total,UIB,Other manufacturing and construction,Manufacturing,CHF Millions,1540.4
2023,FDI in Switzerland (Inward),Investment income,Total,DU,Other services,Services,CHF Millions,6725.8
2023,FDI in Switzerland (Inward),Investment income,Total,T0,Total,Manufacturing,CHF Millions,19071.6
2023,FDI in Switzerland (Inward),Investment income,Total,T1,Total,Services,CHF Millions,82205.1
2023,FDI in Switzerland (Inward),Investment income,Total,T2,Total,Services,CHF Millions,34051.0
2023,FDI in Switzerland (Inward),Investment income,Total,D1_2,Total,All / Total,CHF Millions,101276.7
2023,FDI in Switzerland (Inward),Investment income,Total,D1_3,Total excluding special purpose entities,All / Total,CHF Millions,96773.6
2023,FDI in Switzerland (Inward),Investment income,Total,H,Trade,Services,CHF Millions,33576.7
2023,FDI in Switzerland (Inward),Investment income,Total,TUK,Transportation and communications,Services,CHF Millions,2016.6
2023,FDI in Switzerland (Inward),Investment income,Total,DSPE0,of which special purpose entities,Services,CHF Millions,4503.2
2023,FDI in Switzerland (Inward),Investment income,Total,DSPE,of which special purpose entities,Services,CHF Millions,4979.2
2023,Swiss FDI abroad (Outward),Capital stocks,Debt instruments,B,Banks,Services,CHF Millions,
2023,Swiss FDI abroad (Outward),Capital stocks,Debt instruments,CUK,Chemicals and plastics,Manufacturing,CHF Millions,32480.7
2023,Swiss FDI abroad (Outward),Capital stocks,Debt instruments,SB,Domestically controlled,Services,CHF Millions,9918.5
2023,Swiss FDI abroad (Outward),Capital stocks,Debt instruments,EEOU,"Electronics, energy, optical and watchmaking",Manufacturing,CHF Millions,-5631.5
2023,Swiss FDI abroad (Outward),Capital stocks,Debt instruments,V,Insurance companies,Services,CHF Millions,-19986.6
2023,Swiss FDI abroad (Outward),Capital stocks,Debt instruments,MUM,Metals and machinery,Manufacturing,CHF Millions,13086.8
2023,Swiss FDI abroad (Outward),Capital stocks,Debt instruments,UIB,Other manufacturing and construction,Manufacturing,CHF Millions,5283.8
2023,Swiss FDI abroad (Outward),Capital stocks,Debt instruments,DU,Other services,Services,CHF Millions,5503.3
2023,Swiss FDI abroad (Outward),Capital stocks,Debt instruments,T0,Total,Manufacturing,CHF Millions,45219.8
2023,Swiss FDI abroad (Outward),Capital stocks,Debt instruments,T1,Total,Services,CHF Millions,5162.6
2023,Swiss FDI abroad (Outward),Capital stocks,Debt instruments,T2,Total,Services,CHF Millions,35497.6
2023,Swiss FDI abroad (Outward),Capital stocks,Debt instruments,T3,Total,Services,CHF Millions,25579.2
2023,Swiss FDI abroad (Outward),Capital stocks,Debt instruments,D1_2,Total,All / Total,CHF Millions,50382.4
2023,Swiss FDI abroad (Outward),Capital stocks,Debt instruments,D1_5,Total excluding foreign-controlled enterprises,All / Total,CHF Millions,31799.6
2023,Swiss FDI abroad (Outward),Capital stocks,Debt instruments,D1_3,Total excluding foreign-controlled finance and holding companies,All / Total,CHF Millions,24803.2
2023,Swiss FDI abroad (Outward),Capital stocks,Debt instruments,D1_4,Total excluding special purpose entities,All / Total,CHF Millions,47559.9
2023,Swiss FDI abroad (Outward),Capital stocks,Debt instruments,D1_6,Total foreign-controlled enterprises,All / Total,CHF Millions,18582.8
2023,Swiss FDI abroad (Outward),Capital stocks,Debt instruments,H,Trade,Services,CHF Millions,-17321.3
2023,Swiss FDI abroad (Outward),Capital stocks,Debt instruments,TUK,Transportation and communications,Services,CHF Millions,1469.5
2023,Swiss FDI abroad (Outward),Capital stocks,Debt instruments,DSPE0,of which special purpose entities,Services,CHF Millions,2822.5
2023,Swiss FDI abroad (Outward),Capital stocks,Debt instruments,DSPE,of which special purpose entities,Services,CHF Millions,2642.1
2023,Swiss FDI abroad (Outward),Capital stocks,Equity capital,B,Banks,Services,CHF Millions,38794.6
2023,Swiss FDI abroad (Outward),Capital stocks,Equity capital,CUK,Chemicals and plastics,Manufacturing,CHF Millions,155385.7
2023,Swiss FDI abroad (Outward),Capital stocks,Equity capital,SB,Domestically controlled,Services,CHF Millions,107569.3
2023,Swiss FDI abroad (Outward),Capital stocks,Equity capital,EEOU,"Electronics, energy, optical and watchmaking",Manufacturing,CHF Millions,93611.2
2023,Swiss FDI abroad (Outward),Capital stocks,Equity capital,V,Insurance companies,Services,CHF Millions,124126.7
2023,Swiss FDI abroad (Outward),Capital stocks,Equity capital,PMG,Memorandum item: Real estate activities,All / Total,CHF Millions,7458.6
2023,Swiss FDI abroad (Outward),Capital stocks,Equity capital,PMT,Memorandum item: Total including real estate activities,All / Total,CHF Millions,1265089.4
2023,Swiss FDI abroad (Outward),Capital stocks,Equity capital,MUM,Metals and machinery,Manufacturing,CHF Millions,45849.1
2023,Swiss FDI abroad (Outward),Capital stocks,Equity capital,UIB,Other manufacturing and construction,Manufacturing,CHF Millions,122641.6
2023,Swiss FDI abroad (Outward),Capital stocks,Equity capital,DU,Other services,Services,CHF Millions,26362.9
2023,Swiss FDI abroad (Outward),Capital stocks,Equity capital,T0,Total,Manufacturing,CHF Millions,417487.6
2023,Swiss FDI abroad (Outward),Capital stocks,Equity capital,T1,Total,Services,CHF Millions,840143.3
2023,Swiss FDI abroad (Outward),Capital stocks,Equity capital,T2,Total,Services,CHF Millions,432288.2
2023,Swiss FDI abroad (Outward),Capital stocks,Equity capital,T3,Total,Services,CHF Millions,324718.9
2023,Swiss FDI abroad (Outward),Capital stocks,Equity capital,D1_2,Total,All / Total,CHF Millions,1257630.8
2023,Swiss FDI abroad (Outward),Capital stocks,Equity capital,D1_5,Total excluding foreign-controlled enterprises,All / Total,CHF Millions,694038.3
2023,Swiss FDI abroad (Outward),Capital stocks,Equity capital,D1_3,Total excluding foreign-controlled finance and holding companies,All / Total,CHF Millions,932912.0
2023,Swiss FDI abroad (Outward),Capital stocks,Equity capital,D1_4,Total excluding special purpose entities,All / Total,CHF Millions,1174683.5
2023,Swiss FDI abroad (Outward),Capital stocks,Equity capital,D1_6,Total foreign-controlled enterprises,All / Total,CHF Millions,563592.5
2023,Swiss FDI abroad (Outward),Capital stocks,Equity capital,H,Trade,Services,CHF Millions,193699.5
2023,Swiss FDI abroad (Outward),Capital stocks,Equity capital,TUK,Transportation and communications,Services,CHF Millions,24871.4
2023,Swiss FDI abroad (Outward),Capital stocks,Equity capital,DSPE0,of which special purpose entities,Services,CHF Millions,82947.3
2023,Swiss FDI abroad (Outward),Capital stocks,Equity capital,DSPE,of which special purpose entities,Services,CHF Millions,82062.3
2023,Swiss FDI abroad (Outward),Capital stocks,Total,B,Banks,Services,CHF Millions,38794.6
2023,Swiss FDI abroad (Outward),Capital stocks,Total,CUK,Chemicals and plastics,Manufacturing,CHF Millions,187866.4
2023,Swiss FDI abroad (Outward),Capital stocks,Total,SB,Domestically controlled,Services,CHF Millions,117487.8
2023,Swiss FDI abroad (Outward),Capital stocks,Total,EEOU,"Electronics, energy, optical and watchmaking",Manufacturing,CHF Millions,87979.7
2023,Swiss FDI abroad (Outward),Capital stocks,Total,V,Insurance companies,Services,CHF Millions,104140.1
2023,Swiss FDI abroad (Outward),Capital stocks,Total,PMG,Memorandum item: Real estate activities,All / Total,CHF Millions,7458.6
2023,Swiss FDI abroad (Outward),Capital stocks,Total,PMT,Memorandum item: Total including real estate activities,All / Total,CHF Millions,1315471.8
2023,Swiss FDI abroad (Outward),Capital stocks,Total,MUM,Metals and machinery,Manufacturing,CHF Millions,58935.9
2023,Swiss FDI abroad (Outward),Capital stocks,Total,UIB,Other manufacturing and construction,Manufacturing,CHF Millions,127925.3
2023,Swiss FDI abroad (Outward),Capital stocks,Total,DU,Other services,Services,CHF Millions,31866.2
2023,Swiss FDI abroad (Outward),Capital stocks,Total,T0,Total,Manufacturing,CHF Millions,462707.3
2023,Swiss FDI abroad (Outward),Capital stocks,Total,T1,Total,Services,CHF Millions,845305.9
2023,Swiss FDI abroad (Outward),Capital stocks,Total,T2,Total,Services,CHF Millions,467785.8
2023,Swiss FDI abroad (Outward),Capital stocks,Total,T3,Total,Services,CHF Millions,350298.1
2023,Swiss FDI abroad (Outward),Capital stocks,Total,D1_2,Total,All / Total,CHF Millions,1308013.2
2023,Swiss FDI abroad (Outward),Capital stocks,Total,D1_5,Total excluding foreign-controlled enterprises,All / Total,CHF Millions,725837.9
2023,Swiss FDI abroad (Outward),Capital stocks,Total,D1_3,Total excluding foreign-controlled finance and holding companies,All / Total,CHF Millions,957715.2
2023,Swiss FDI abroad (Outward),Capital stocks,Total,D1_4,Total excluding special purpose entities,All / Total,CHF Millions,1222243.4
2023,Swiss FDI abroad (Outward),Capital stocks,Total,D1_6,Total foreign-controlled enterprises,All / Total,CHF Millions,582175.3
2023,Swiss FDI abroad (Outward),Capital stocks,Total,H,Trade,Services,CHF Millions,176378.2
2023,Swiss FDI abroad (Outward),Capital stocks,Total,TUK,Transportation and communications,Services,CHF Millions,26340.9
2023,Swiss FDI abroad (Outward),Capital stocks,Total,DSPE0,of which special purpose entities,Services,CHF Millions,85769.8
2023,Swiss FDI abroad (Outward),Capital stocks,Total,DSPE,of which special purpose entities,Services,CHF Millions,84704.4
2023,Swiss FDI abroad (Outward),Capital transactions (flows),Debt instruments,B,Banks,Services,CHF Millions,
2023,Swiss FDI abroad (Outward),Capital transactions (flows),Debt instruments,CUK,Chemicals and plastics,Manufacturing,CHF Millions,-6230.0
2023,Swiss FDI abroad (Outward),Capital transactions (flows),Debt instruments,SB,Domestically controlled,Services,CHF Millions,-2911.5
2023,Swiss FDI abroad (Outward),Capital transactions (flows),Debt instruments,EEOU,"Electronics, energy, optical and watchmaking",Manufacturing,CHF Millions,594.0
2023,Swiss FDI abroad (Outward),Capital transactions (flows),Debt instruments,V,Insurance companies,Services,CHF Millions,-1742.1
2023,Swiss FDI abroad (Outward),Capital transactions (flows),Debt instruments,MUM,Metals and machinery,Manufacturing,CHF Millions,-109.4
2023,Swiss FDI abroad (Outward),Capital transactions (flows),Debt instruments,UIB,Other manufacturing and construction,Manufacturing,CHF Millions,1032.5
2023,Swiss FDI abroad (Outward),Capital transactions (flows),Debt instruments,DU,Other services,Services,CHF Millions,-1145.0
2023,Swiss FDI abroad (Outward),Capital transactions (flows),Debt instruments,T0,Total,Manufacturing,CHF Millions,-4712.9
2023,Swiss FDI abroad (Outward),Capital transactions (flows),Debt instruments,T1,Total,Services,CHF Millions,29829.3
2023,Swiss FDI abroad (Outward),Capital transactions (flows),Debt instruments,T2,Total,Services,CHF Millions,-3479.2
2023,Swiss FDI abroad (Outward),Capital transactions (flows),Debt instruments,T3,Total,Services,CHF Millions,-567.7
2023,Swiss FDI abroad (Outward),Capital transactions (flows),Debt instruments,D1_2,Total,All / Total,CHF Millions,25116.4
2023,Swiss FDI abroad (Outward),Capital transactions (flows),Debt instruments,D1_5,Total excluding foreign-controlled enterprises,All / Total,CHF Millions,24312.4
2023,Swiss FDI abroad (Outward),Capital transactions (flows),Debt instruments,D1_3,Total excluding foreign-controlled finance and holding companies,All / Total,CHF Millions,25684.1
2023,Swiss FDI abroad (Outward),Capital transactions (flows),Debt instruments,D1_4,Total excluding special purpose entities,All / Total,CHF Millions,22963.0
2023,Swiss FDI abroad (Outward),Capital transactions (flows),Debt instruments,D1_6,Total foreign-controlled enterprises,All / Total,CHF Millions,804.1
2023,Swiss FDI abroad (Outward),Capital transactions (flows),Debt instruments,H,Trade,Services,CHF Millions,941.9
2023,Swiss FDI abroad (Outward),Capital transactions (flows),Debt instruments,TUK,Transportation and communications,Services,CHF Millions,35253.7
2023,Swiss FDI abroad (Outward),Capital transactions (flows),Debt instruments,DSPE0,of which special purpose entities,Services,CHF Millions,2153.5
2023,Swiss FDI abroad (Outward),Capital transactions (flows),Debt instruments,DSPE,of which special purpose entities,Services,CHF Millions,2112.0
2023,Swiss FDI abroad (Outward),Capital transactions (flows),Equity capital excluding reinvested earnings,B,Banks,Services,CHF Millions,-483.4
2023,Swiss FDI abroad (Outward),Capital transactions (flows),Equity capital excluding reinvested earnings,CUK,Chemicals and plastics,Manufacturing,CHF Millions,7354.2
2023,Swiss FDI abroad (Outward),Capital transactions (flows),Equity capital excluding reinvested earnings,SB,Domestically controlled,Services,CHF Millions,20139.6
2023,Swiss FDI abroad (Outward),Capital transactions (flows),Equity capital excluding reinvested earnings,EEOU,"Electronics, energy, optical and watchmaking",Manufacturing,CHF Millions,3313.3
2023,Swiss FDI abroad (Outward),Capital transactions (flows),Equity capital excluding reinvested earnings,V,Insurance companies,Services,CHF Millions,61.1
2023,Swiss FDI abroad (Outward),Capital transactions (flows),Equity capital excluding reinvested earnings,PMG,Memorandum item: Real estate activities,All / Total,CHF Millions,-397.3
2023,Swiss FDI abroad (Outward),Capital transactions (flows),Equity capital excluding reinvested earnings,PMT,Memorandum item: Total including real estate activities,All / Total,CHF Millions,-6851.9
2023,Swiss FDI abroad (Outward),Capital transactions (flows),Equity capital excluding reinvested earnings,MUM,Metals and machinery,Manufacturing,CHF Millions,2839.0
2023,Swiss FDI abroad (Outward),Capital transactions (flows),Equity capital excluding reinvested earnings,UIB,Other manufacturing and construction,Manufacturing,CHF Millions,671.4
2023,Swiss FDI abroad (Outward),Capital transactions (flows),Equity capital excluding reinvested earnings,DU,Other services,Services,CHF Millions,-2635.2
2023,Swiss FDI abroad (Outward),Capital transactions (flows),Equity capital excluding reinvested earnings,T0,Total,Manufacturing,CHF Millions,14177.9
2023,Swiss FDI abroad (Outward),Capital transactions (flows),Equity capital excluding reinvested earnings,T1,Total,Services,CHF Millions,-20632.5
2023,Swiss FDI abroad (Outward),Capital transactions (flows),Equity capital excluding reinvested earnings,T2,Total,Services,CHF Millions,-30809.8
2023,Swiss FDI abroad (Outward),Capital transactions (flows),Equity capital excluding reinvested earnings,T3,Total,Services,CHF Millions,-50949.5
2023,Swiss FDI abroad (Outward),Capital transactions (flows),Equity capital excluding reinvested earnings,D1_2,Total,All / Total,CHF Millions,-6454.6
2023,Swiss FDI abroad (Outward),Capital transactions (flows),Equity capital excluding reinvested earnings,D1_5,Total excluding foreign-controlled enterprises,All / Total,CHF Millions,47329.1
2023,Swiss FDI abroad (Outward),Capital transactions (flows),Equity capital excluding reinvested earnings,D1_3,Total excluding foreign-controlled finance and holding companies,All / Total,CHF Millions,44494.9
2023,Swiss FDI abroad (Outward),Capital transactions (flows),Equity capital excluding reinvested earnings,D1_4,Total excluding special purpose entities,All / Total,CHF Millions,25610.4
2023,Swiss FDI abroad (Outward),Capital transactions (flows),Equity capital excluding reinvested earnings,D1_6,Total foreign-controlled enterprises,All / Total,CHF Millions,-53783.7
2023,Swiss FDI abroad (Outward),Capital transactions (flows),Equity capital excluding reinvested earnings,H,Trade,Services,CHF Millions,14680.6
2023,Swiss FDI abroad (Outward),Capital transactions (flows),Equity capital excluding reinvested earnings,TUK,Transportation and communications,Services,CHF Millions,-1445.8
2023,Swiss FDI abroad (Outward),Capital transactions (flows),Equity capital excluding reinvested earnings,DSPE0,of which special purpose entities,Services,CHF Millions,-32065.0
2023,Swiss FDI abroad (Outward),Capital transactions (flows),Equity capital excluding reinvested earnings,DSPE,of which special purpose entities,Services,CHF Millions,-32065.0
2023,Swiss FDI abroad (Outward),Capital transactions (flows),Reinvested earnings,B,Banks,Services,CHF Millions,-2930.1
2023,Swiss FDI abroad (Outward),Capital transactions (flows),Reinvested earnings,CUK,Chemicals and plastics,Manufacturing,CHF Millions,7502.3
2023,Swiss FDI abroad (Outward),Capital transactions (flows),Reinvested earnings,SB,Domestically controlled,Services,CHF Millions,-6276.7
2023,Swiss FDI abroad (Outward),Capital transactions (flows),Reinvested earnings,EEOU,"Electronics, energy, optical and watchmaking",Manufacturing,CHF Millions,5008.5
2023,Swiss FDI abroad (Outward),Capital transactions (flows),Reinvested earnings,V,Insurance companies,Services,CHF Millions,7953.6
2023,Swiss FDI abroad (Outward),Capital transactions (flows),Reinvested earnings,MUM,Metals and machinery,Manufacturing,CHF Millions,648.8
2023,Swiss FDI abroad (Outward),Capital transactions (flows),Reinvested earnings,UIB,Other manufacturing and construction,Manufacturing,CHF Millions,1497.5
2023,Swiss FDI abroad (Outward),Capital transactions (flows),Reinvested earnings,DU,Other services,Services,CHF Millions,97.6
2023,Swiss FDI abroad (Outward),Capital transactions (flows),Reinvested earnings,T0,Total,Manufacturing,CHF Millions,14657.1
2023,Swiss FDI abroad (Outward),Capital transactions (flows),Reinvested earnings,T1,Total,Services,CHF Millions,8777.5
2023,Swiss FDI abroad (Outward),Capital transactions (flows),Reinvested earnings,T2,Total,Services,CHF Millions,-4485.9
2023,Swiss FDI abroad (Outward),Capital transactions (flows),Reinvested earnings,T3,Total,Services,CHF Millions,1790.8
2023,Swiss FDI abroad (Outward),Capital transactions (flows),Reinvested earnings,D1_2,Total,All / Total,CHF Millions,23434.6
2023,Swiss FDI abroad (Outward),Capital transactions (flows),Reinvested earnings,D1_5,Total excluding foreign-controlled enterprises,All / Total,CHF Millions,17193.0
2023,Swiss FDI abroad (Outward),Capital transactions (flows),Reinvested earnings,D1_3,Total excluding foreign-controlled finance and holding companies,All / Total,CHF Millions,21643.8
2023,Swiss FDI abroad (Outward),Capital transactions (flows),Reinvested earnings,D1_4,Total excluding special purpose entities,All / Total,CHF Millions,23097.9
2023,Swiss FDI abroad (Outward),Capital transactions (flows),Reinvested earnings,D1_6,Total foreign-controlled enterprises,All / Total,CHF Millions,6241.5
2023,Swiss FDI abroad (Outward),Capital transactions (flows),Reinvested earnings,H,Trade,Services,CHF Millions,2805.6
2023,Swiss FDI abroad (Outward),Capital transactions (flows),Reinvested earnings,TUK,Transportation and communications,Services,CHF Millions,5336.7
2023,Swiss FDI abroad (Outward),Capital transactions (flows),Reinvested earnings,DSPE0,of which special purpose entities,Services,CHF Millions,336.7
2023,Swiss FDI abroad (Outward),Capital transactions (flows),Reinvested earnings,DSPE,of which special purpose entities,Services,CHF Millions,252.7
2023,Swiss FDI abroad (Outward),Capital transactions (flows),Total,B,Banks,Services,CHF Millions,-3413.5
2023,Swiss FDI abroad (Outward),Capital transactions (flows),Total,CUK,Chemicals and plastics,Manufacturing,CHF Millions,8626.5
2023,Swiss FDI abroad (Outward),Capital transactions (flows),Total,SB,Domestically controlled,Services,CHF Millions,10951.5
2023,Swiss FDI abroad (Outward),Capital transactions (flows),Total,EEOU,"Electronics, energy, optical and watchmaking",Manufacturing,CHF Millions,8915.8
2023,Swiss FDI abroad (Outward),Capital transactions (flows),Total,V,Insurance companies,Services,CHF Millions,6272.6
2023,Swiss FDI abroad (Outward),Capital transactions (flows),Total,PMG,Memorandum item: Real estate activities,All / Total,CHF Millions,-397.3
2023,Swiss FDI abroad (Outward),Capital transactions (flows),Total,PMT,Memorandum item: Total including real estate activities,All / Total,CHF Millions,41699.1
2023,Swiss FDI abroad (Outward),Capital transactions (flows),Total,MUM,Metals and machinery,Manufacturing,CHF Millions,3378.5
2023,Swiss FDI abroad (Outward),Capital transactions (flows),Total,UIB,Other manufacturing and construction,Manufacturing,CHF Millions,3201.4
2023,Swiss FDI abroad (Outward),Capital transactions (flows),Total,DU,Other services,Services,CHF Millions,-3682.6
2023,Swiss FDI abroad (Outward),Capital transactions (flows),Total,T0,Total,Manufacturing,CHF Millions,24122.1
2023,Swiss FDI abroad (Outward),Capital transactions (flows),Total,T1,Total,Services,CHF Millions,17974.3
2023,Swiss FDI abroad (Outward),Capital transactions (flows),Total,T2,Total,Services,CHF Millions,-38774.9
2023,Swiss FDI abroad (Outward),Capital transactions (flows),Total,T3,Total,Services,CHF Millions,-49726.4
2023,Swiss FDI abroad (Outward),Capital transactions (flows),Total,D1_2,Total,All / Total,CHF Millions,42096.4
2023,Swiss FDI abroad (Outward),Capital transactions (flows),Total,D1_5,Total excluding foreign-controlled enterprises,All / Total,CHF Millions,88834.5
2023,Swiss FDI abroad (Outward),Capital transactions (flows),Total,D1_3,Total excluding foreign-controlled finance and holding companies,All / Total,CHF Millions,91822.9
2023,Swiss FDI abroad (Outward),Capital transactions (flows),Total,D1_4,Total excluding special purpose entities,All / Total,CHF Millions,71671.3
2023,Swiss FDI abroad (Outward),Capital transactions (flows),Total,D1_6,Total foreign-controlled enterprises,All / Total,CHF Millions,-46738.1
2023,Swiss FDI abroad (Outward),Capital transactions (flows),Total,H,Trade,Services,CHF Millions,18428.1
2023,Swiss FDI abroad (Outward),Capital transactions (flows),Total,TUK,Transportation and communications,Services,CHF Millions,39144.6
2023,Swiss FDI abroad (Outward),Capital transactions (flows),Total,DSPE0,of which special purpose entities,Services,CHF Millions,-29574.8
2023,Swiss FDI abroad (Outward),Capital transactions (flows),Total,DSPE,of which special purpose entities,Services,CHF Millions,-29700.3
2023,Swiss FDI abroad (Outward),Investment income,Debt instruments: net interest,B,Banks,Services,CHF Millions,
2023,Swiss FDI abroad (Outward),Investment income,Debt instruments: net interest,CUK,Chemicals and plastics,Manufacturing,CHF Millions,1310.8
2023,Swiss FDI abroad (Outward),Investment income,Debt instruments: net interest,SB,Domestically controlled,Services,CHF Millions,804.7
2023,Swiss FDI abroad (Outward),Investment income,Debt instruments: net interest,EEOU,"Electronics, energy, optical and watchmaking",Manufacturing,CHF Millions,-965.8
2023,Swiss FDI abroad (Outward),Investment income,Debt instruments: net interest,V,Insurance companies,Services,CHF Millions,302.2
2023,Swiss FDI abroad (Outward),Investment income,Debt instruments: net interest,MUM,Metals and machinery,Manufacturing,CHF Millions,613.7
2023,Swiss FDI abroad (Outward),Investment income,Debt instruments: net interest,UIB,Other manufacturing and construction,Manufacturing,CHF Millions,157.5
2023,Swiss FDI abroad (Outward),Investment income,Debt instruments: net interest,DU,Other services,Services,CHF Millions,326.1
2023,Swiss FDI abroad (Outward),Investment income,Debt instruments: net interest,T0,Total,Manufacturing,CHF Millions,1116.2
2023,Swiss FDI abroad (Outward),Investment income,Debt instruments: net interest,T1,Total,Services,CHF Millions,39.8
2023,Swiss FDI abroad (Outward),Investment income,Debt instruments: net interest,T2,Total,Services,CHF Millions,1086.2
2023,Swiss FDI abroad (Outward),Investment income,Debt instruments: net interest,T3,Total,Services,CHF Millions,281.5
2023,Swiss FDI abroad (Outward),Investment income,Debt instruments: net interest,D1_2,Total,All / Total,CHF Millions,1156.0
2023,Swiss FDI abroad (Outward),Investment income,Debt instruments: net interest,D1_5,Total excluding foreign-controlled enterprises,All / Total,CHF Millions,1852.5
2023,Swiss FDI abroad (Outward),Investment income,Debt instruments: net interest,D1_3,Total excluding foreign-controlled finance and holding companies,All / Total,CHF Millions,874.5
2023,Swiss FDI abroad (Outward),Investment income,Debt instruments: net interest,D1_4,Total excluding special purpose entities,All / Total,CHF Millions,996.2
2023,Swiss FDI abroad (Outward),Investment income,Debt instruments: net interest,D1_6,Total foreign-controlled enterprises,All / Total,CHF Millions,-696.5
2023,Swiss FDI abroad (Outward),Investment income,Debt instruments: net interest,H,Trade,Services,CHF Millions,-1495.2
2023,Swiss FDI abroad (Outward),Investment income,Debt instruments: net interest,TUK,Transportation and communications,Services,CHF Millions,-179.5
2023,Swiss FDI abroad (Outward),Investment income,Debt instruments: net interest,DSPE0,of which special purpose entities,Services,CHF Millions,159.8
2023,Swiss FDI abroad (Outward),Investment income,Debt instruments: net interest,DSPE,of which special purpose entities,Services,CHF Millions,134.1
2023,Swiss FDI abroad (Outward),Investment income,Dividends,B,Banks,Services,CHF Millions,4941.0
2023,Swiss FDI abroad (Outward),Investment income,Dividends,CUK,Chemicals and plastics,Manufacturing,CHF Millions,4831.4
2023,Swiss FDI abroad (Outward),Investment income,Dividends,SB,Domestically controlled,Services,CHF Millions,6654.5
2023,Swiss FDI abroad (Outward),Investment income,Dividends,EEOU,"Electronics, energy, optical and watchmaking",Manufacturing,CHF Millions,4862.8
2023,Swiss FDI abroad (Outward),Investment income,Dividends,V,Insurance companies,Services,CHF Millions,5941.1
2023,Swiss FDI abroad (Outward),Investment income,Dividends,MUM,Metals and machinery,Manufacturing,CHF Millions,3616.1
2023,Swiss FDI abroad (Outward),Investment income,Dividends,UIB,Other manufacturing and construction,Manufacturing,CHF Millions,9588.9
2023,Swiss FDI abroad (Outward),Investment income,Dividends,DU,Other services,Services,CHF Millions,1301.7
2023,Swiss FDI abroad (Outward),Investment income,Dividends,T0,Total,Manufacturing,CHF Millions,22899.1
2023,Swiss FDI abroad (Outward),Investment income,Dividends,T1,Total,Services,CHF Millions,49092.3
2023,Swiss FDI abroad (Outward),Investment income,Dividends,T2,Total,Services,CHF Millions,20637.5
2023,Swiss FDI abroad (Outward),Investment income,Dividends,T3,Total,Services,CHF Millions,13983.0
2023,Swiss FDI abroad (Outward),Investment income,Dividends,D1_2,Total,All / Total,CHF Millions,71991.5
2023,Swiss FDI abroad (Outward),Investment income,Dividends,D1_5,Total excluding foreign-controlled enterprises,All / Total,CHF Millions,43398.6
2023,Swiss FDI abroad (Outward),Investment income,Dividends,D1_3,Total excluding foreign-controlled finance and holding companies,All / Total,CHF Millions,58008.5
2023,Swiss FDI abroad (Outward),Investment income,Dividends,D1_4,Total excluding special purpose entities,All / Total,CHF Millions,67852.6
2023,Swiss FDI abroad (Outward),Investment income,Dividends,D1_6,Total foreign-controlled enterprises,All / Total,CHF Millions,28592.8
2023,Swiss FDI abroad (Outward),Investment income,Dividends,H,Trade,Services,CHF Millions,14178.7
2023,Swiss FDI abroad (Outward),Investment income,Dividends,TUK,Transportation and communications,Services,CHF Millions,2092.3
2023,Swiss FDI abroad (Outward),Investment income,Dividends,DSPE0,of which special purpose entities,Services,CHF Millions,4138.8
2023,Swiss FDI abroad (Outward),Investment income,Dividends,DSPE,of which special purpose entities,Services,CHF Millions,4128.2
2023,Swiss FDI abroad (Outward),Investment income,Reinvested earnings,B,Banks,Services,CHF Millions,-2930.1
2023,Swiss FDI abroad (Outward),Investment income,Reinvested earnings,CUK,Chemicals and plastics,Manufacturing,CHF Millions,7502.3
2023,Swiss FDI abroad (Outward),Investment income,Reinvested earnings,SB,Domestically controlled,Services,CHF Millions,-6276.7
2023,Swiss FDI abroad (Outward),Investment income,Reinvested earnings,EEOU,"Electronics, energy, optical and watchmaking",Manufacturing,CHF Millions,5008.5
2023,Swiss FDI abroad (Outward),Investment income,Reinvested earnings,V,Insurance companies,Services,CHF Millions,7953.6
2023,Swiss FDI abroad (Outward),Investment income,Reinvested earnings,MUM,Metals and machinery,Manufacturing,CHF Millions,648.8
2023,Swiss FDI abroad (Outward),Investment income,Reinvested earnings,UIB,Other manufacturing and construction,Manufacturing,CHF Millions,1497.5
2023,Swiss FDI abroad (Outward),Investment income,Reinvested earnings,DU,Other services,Services,CHF Millions,97.6
2023,Swiss FDI abroad (Outward),Investment income,Reinvested earnings,T0,Total,Manufacturing,CHF Millions,14657.1
2023,Swiss FDI abroad (Outward),Investment income,Reinvested earnings,T1,Total,Services,CHF Millions,8777.5
2023,Swiss FDI abroad (Outward),Investment income,Reinvested earnings,T2,Total,Services,CHF Millions,-4485.9
2023,Swiss FDI abroad (Outward),Investment income,Reinvested earnings,T3,Total,Services,CHF Millions,1790.8
2023,Swiss FDI abroad (Outward),Investment income,Reinvested earnings,D1_2,Total,All / Total,CHF Millions,23434.6
2023,Swiss FDI abroad (Outward),Investment income,Reinvested earnings,D1_5,Total excluding foreign-controlled enterprises,All / Total,CHF Millions,17193.0
2023,Swiss FDI abroad (Outward),Investment income,Reinvested earnings,D1_3,Total excluding foreign-controlled finance and holding companies,All / Total,CHF Millions,21643.8
2023,Swiss FDI abroad (Outward),Investment income,Reinvested earnings,D1_4,Total excluding special purpose entities,All / Total,CHF Millions,23097.9
2023,Swiss FDI abroad (Outward),Investment income,Reinvested earnings,D1_6,Total foreign-controlled enterprises,All / Total,CHF Millions,6241.5
2023,Swiss FDI abroad (Outward),Investment income,Reinvested earnings,H,Trade,Services,CHF Millions,2805.6
2023,Swiss FDI abroad (Outward),Investment income,Reinvested earnings,TUK,Transportation and communications,Services,CHF Millions,5336.7
2023,Swiss FDI abroad (Outward),Investment income,Reinvested earnings,DSPE0,of which special purpose entities,Services,CHF Millions,336.7
2023,Swiss FDI abroad (Outward),Investment income,Reinvested earnings,DSPE,of which special purpose entities,Services,CHF Millions,252.7
2023,Swiss FDI abroad (Outward),Investment income,Total,B,Banks,Services,CHF Millions,2010.9
2023,Swiss FDI abroad (Outward),Investment income,Total,CUK,Chemicals and plastics,Manufacturing,CHF Millions,13644.5
2023,Swiss FDI abroad (Outward),Investment income,Total,SB,Domestically controlled,Services,CHF Millions,1182.5
2023,Swiss FDI abroad (Outward),Investment income,Total,EEOU,"Electronics, energy, optical and watchmaking",Manufacturing,CHF Millions,8905.6
2023,Swiss FDI abroad (Outward),Investment income,Total,V,Insurance companies,Services,CHF Millions,14196.9
2023,Swiss FDI abroad (Outward),Investment income,Total,MUM,Metals and machinery,Manufacturing,CHF Millions,4878.6
2023,Swiss FDI abroad (Outward),Investment income,Total,UIB,Other manufacturing and construction,Manufacturing,CHF Millions,11243.9
2023,Swiss FDI abroad (Outward),Investment income,Total,DU,Other services,Services,CHF Millions,1725.4
2023,Swiss FDI abroad (Outward),Investment income,Total,T0,Total,Manufacturing,CHF Millions,38672.5
2023,Swiss FDI abroad (Outward),Investment income,Total,T1,Total,Services,CHF Millions,57909.5
2023,Swiss FDI abroad (Outward),Investment income,Total,T2,Total,Services,CHF Millions,17237.7
2023,Swiss FDI abroad (Outward),Investment income,Total,T3,Total,Services,CHF Millions,16055.2
2023,Swiss FDI abroad (Outward),Investment income,Total,D1_2,Total,All / Total,CHF Millions,96582.0
2023,Swiss FDI abroad (Outward),Investment income,Total,D1_5,Total excluding foreign-controlled enterprises,All / Total,CHF Millions,62444.2
2023,Swiss FDI abroad (Outward),Investment income,Total,D1_3,Total excluding foreign-controlled finance and holding companies,All / Total,CHF Millions,80526.8
2023,Swiss FDI abroad (Outward),Investment income,Total,D1_4,Total excluding special purpose entities,All / Total,CHF Millions,91946.7
2023,Swiss FDI abroad (Outward),Investment income,Total,D1_6,Total foreign-controlled enterprises,All / Total,CHF Millions,34137.8
2023,Swiss FDI abroad (Outward),Investment income,Total,H,Trade,Services,CHF Millions,15489.1
2023,Swiss FDI abroad (Outward),Investment income,Total,TUK,Transportation and communications,Services,CHF Millions,7249.5
2023,Swiss FDI abroad (Outward),Investment income,Total,DSPE0,of which special purpose entities,Services,CHF Millions,4635.3
2023,Swiss FDI abroad (Outward),Investment income,Total,DSPE,of which special purpose entities,Services,CHF Millions,4515.0
2024,FDI in Switzerland (Inward),Capital stocks,Debt instruments,B,Banks,Services,CHF Millions,
2024,FDI in Switzerland (Inward),Capital stocks,Debt instruments,CUK,Chemicals and plastics,Manufacturing,CHF Millions,36583.9
2024,FDI in Switzerland (Inward),Capital stocks,Debt instruments,EEOU,"Electronics, energy, optical and watchmaking",Manufacturing,CHF Millions,2569.0
2024,FDI in Switzerland (Inward),Capital stocks,Debt instruments,V,Insurance companies,Services,CHF Millions,-9212.9
2024,FDI in Switzerland (Inward),Capital stocks,Debt instruments,MUM,Metals and machinery,Manufacturing,CHF Millions,4136.4
2024,FDI in Switzerland (Inward),Capital stocks,Debt instruments,UIB,Other manufacturing and construction,Manufacturing,CHF Millions,-469.2
2024,FDI in Switzerland (Inward),Capital stocks,Debt instruments,DU,Other services,Services,CHF Millions,1833.6
2024,FDI in Switzerland (Inward),Capital stocks,Debt instruments,T0,Total,Manufacturing,CHF Millions,42820.2
2024,FDI in Switzerland (Inward),Capital stocks,Debt instruments,T1,Total,Services,CHF Millions,-3841.9
2024,FDI in Switzerland (Inward),Capital stocks,Debt instruments,T2,Total,Services,CHF Millions,5488.9
2024,FDI in Switzerland (Inward),Capital stocks,Debt instruments,D1_2,Total,All / Total,CHF Millions,38978.3
2024,FDI in Switzerland (Inward),Capital stocks,Debt instruments,D1_3,Total excluding special purpose entities,All / Total,CHF Millions,38538.5
2024,FDI in Switzerland (Inward),Capital stocks,Debt instruments,H,Trade,Services,CHF Millions,-11435.3
2024,FDI in Switzerland (Inward),Capital stocks,Debt instruments,TUK,Transportation and communications,Services,CHF Millions,9483.9
2024,FDI in Switzerland (Inward),Capital stocks,Debt instruments,DSPE0,of which special purpose entities,Services,CHF Millions,439.8
2024,FDI in Switzerland (Inward),Capital stocks,Debt instruments,DSPE,of which special purpose entities,Services,CHF Millions,1757.1
2024,FDI in Switzerland (Inward),Capital stocks,Equity capital,B,Banks,Services,CHF Millions,21326.2
2024,FDI in Switzerland (Inward),Capital stocks,Equity capital,CUK,Chemicals and plastics,Manufacturing,CHF Millions,73275.7
2024,FDI in Switzerland (Inward),Capital stocks,Equity capital,EEOU,"Electronics, energy, optical and watchmaking",Manufacturing,CHF Millions,50109.7
2024,FDI in Switzerland (Inward),Capital stocks,Equity capital,V,Insurance companies,Services,CHF Millions,27280.9
2024,FDI in Switzerland (Inward),Capital stocks,Equity capital,PMG,Memorandum item: Real estate activities,All / Total,CHF Millions,39873.3
2024,FDI in Switzerland (Inward),Capital stocks,Equity capital,PMT,Memorandum item: Total including real estate activities,All / Total,CHF Millions,926605.6
2024,FDI in Switzerland (Inward),Capital stocks,Equity capital,MUM,Metals and machinery,Manufacturing,CHF Millions,20757.9
2024,FDI in Switzerland (Inward),Capital stocks,Equity capital,UIB,Other manufacturing and construction,Manufacturing,CHF Millions,20806.7
2024,FDI in Switzerland (Inward),Capital stocks,Equity capital,DU,Other services,Services,CHF Millions,50460.8
2024,FDI in Switzerland (Inward),Capital stocks,Equity capital,T0,Total,Manufacturing,CHF Millions,164950.0
2024,FDI in Switzerland (Inward),Capital stocks,Equity capital,T1,Total,Services,CHF Millions,721782.3
2024,FDI in Switzerland (Inward),Capital stocks,Equity capital,T2,Total,Services,CHF Millions,368004.9
2024,FDI in Switzerland (Inward),Capital stocks,Equity capital,D1_2,Total,All / Total,CHF Millions,886732.3
2024,FDI in Switzerland (Inward),Capital stocks,Equity capital,D1_3,Total excluding special purpose entities,All / Total,CHF Millions,793986.6
2024,FDI in Switzerland (Inward),Capital stocks,Equity capital,H,Trade,Services,CHF Millions,246606.9
2024,FDI in Switzerland (Inward),Capital stocks,Equity capital,TUK,Transportation and communications,Services,CHF Millions,8102.7
2024,FDI in Switzerland (Inward),Capital stocks,Equity capital,DSPE0,of which special purpose entities,Services,CHF Millions,92745.7
2024,FDI in Switzerland (Inward),Capital stocks,Equity capital,DSPE,of which special purpose entities,Services,CHF Millions,88199.4
2024,FDI in Switzerland (Inward),Capital stocks,Total,B,Banks,Services,CHF Millions,21326.2
2024,FDI in Switzerland (Inward),Capital stocks,Total,CUK,Chemicals and plastics,Manufacturing,CHF Millions,109859.6
2024,FDI in Switzerland (Inward),Capital stocks,Total,EEOU,"Electronics, energy, optical and watchmaking",Manufacturing,CHF Millions,52678.7
2024,FDI in Switzerland (Inward),Capital stocks,Total,V,Insurance companies,Services,CHF Millions,18068.0
2024,FDI in Switzerland (Inward),Capital stocks,Total,PMG,Memorandum item: Real estate activities,All / Total,CHF Millions,39873.3
2024,FDI in Switzerland (Inward),Capital stocks,Total,PMT,Memorandum item: Total including real estate activities,All / Total,CHF Millions,965583.9
2024,FDI in Switzerland (Inward),Capital stocks,Total,MUM,Metals and machinery,Manufacturing,CHF Millions,24894.3
2024,FDI in Switzerland (Inward),Capital stocks,Total,UIB,Other manufacturing and construction,Manufacturing,CHF Millions,20337.5
2024,FDI in Switzerland (Inward),Capital stocks,Total,DU,Other services,Services,CHF Millions,52294.4
2024,FDI in Switzerland (Inward),Capital stocks,Total,T0,Total,Manufacturing,CHF Millions,207770.1
2024,FDI in Switzerland (Inward),Capital stocks,Total,T1,Total,Services,CHF Millions,717940.4
2024,FDI in Switzerland (Inward),Capital stocks,Total,T2,Total,Services,CHF Millions,373493.8
2024,FDI in Switzerland (Inward),Capital stocks,Total,D1_2,Total,All / Total,CHF Millions,925710.6
2024,FDI in Switzerland (Inward),Capital stocks,Total,D1_3,Total excluding special purpose entities,All / Total,CHF Millions,832525.1
2024,FDI in Switzerland (Inward),Capital stocks,Total,H,Trade,Services,CHF Millions,235171.6
2024,FDI in Switzerland (Inward),Capital stocks,Total,TUK,Transportation and communications,Services,CHF Millions,17586.5
2024,FDI in Switzerland (Inward),Capital stocks,Total,DSPE0,of which special purpose entities,Services,CHF Millions,93185.5
2024,FDI in Switzerland (Inward),Capital stocks,Total,DSPE,of which special purpose entities,Services,CHF Millions,89956.6
2024,FDI in Switzerland (Inward),Capital transactions (flows),Debt instruments,B,Banks,Services,CHF Millions,
2024,FDI in Switzerland (Inward),Capital transactions (flows),Debt instruments,CUK,Chemicals and plastics,Manufacturing,CHF Millions,1409.4
2024,FDI in Switzerland (Inward),Capital transactions (flows),Debt instruments,EEOU,"Electronics, energy, optical and watchmaking",Manufacturing,CHF Millions,4371.8
2024,FDI in Switzerland (Inward),Capital transactions (flows),Debt instruments,V,Insurance companies,Services,CHF Millions,1236.7
2024,FDI in Switzerland (Inward),Capital transactions (flows),Debt instruments,MUM,Metals and machinery,Manufacturing,CHF Millions,-170.7
2024,FDI in Switzerland (Inward),Capital transactions (flows),Debt instruments,UIB,Other manufacturing and construction,Manufacturing,CHF Millions,-249.8
2024,FDI in Switzerland (Inward),Capital transactions (flows),Debt instruments,DU,Other services,Services,CHF Millions,-763.1
2024,FDI in Switzerland (Inward),Capital transactions (flows),Debt instruments,T0,Total,Manufacturing,CHF Millions,5360.7
2024,FDI in Switzerland (Inward),Capital transactions (flows),Debt instruments,T1,Total,Services,CHF Millions,-7734.3
2024,FDI in Switzerland (Inward),Capital transactions (flows),Debt instruments,T2,Total,Services,CHF Millions,-2727.1
2024,FDI in Switzerland (Inward),Capital transactions (flows),Debt instruments,D1_2,Total,All / Total,CHF Millions,-2373.6
2024,FDI in Switzerland (Inward),Capital transactions (flows),Debt instruments,D1_3,Total excluding special purpose entities,All / Total,CHF Millions,-4579.1
2024,FDI in Switzerland (Inward),Capital transactions (flows),Debt instruments,H,Trade,Services,CHF Millions,-2626.4
2024,FDI in Switzerland (Inward),Capital transactions (flows),Debt instruments,TUK,Transportation and communications,Services,CHF Millions,-2854.4
2024,FDI in Switzerland (Inward),Capital transactions (flows),Debt instruments,DSPE0,of which special purpose entities,Services,CHF Millions,2205.6
2024,FDI in Switzerland (Inward),Capital transactions (flows),Debt instruments,DSPE,of which special purpose entities,Services,CHF Millions,1016.0
2024,FDI in Switzerland (Inward),Capital transactions (flows),Equity capital excluding reinvested earnings,B,Banks,Services,CHF Millions,494.2
2024,FDI in Switzerland (Inward),Capital transactions (flows),Equity capital excluding reinvested earnings,CUK,Chemicals and plastics,Manufacturing,CHF Millions,-2351.3
2024,FDI in Switzerland (Inward),Capital transactions (flows),Equity capital excluding reinvested earnings,EEOU,"Electronics, energy, optical and watchmaking",Manufacturing,CHF Millions,-2475.2
2024,FDI in Switzerland (Inward),Capital transactions (flows),Equity capital excluding reinvested earnings,V,Insurance companies,Services,CHF Millions,-719.7
2024,FDI in Switzerland (Inward),Capital transactions (flows),Equity capital excluding reinvested earnings,PMG,Memorandum item: Real estate activities,All / Total,CHF Millions,452.6
2024,FDI in Switzerland (Inward),Capital transactions (flows),Equity capital excluding reinvested earnings,PMT,Memorandum item: Total including real estate activities,All / Total,CHF Millions,-74463.8
2024,FDI in Switzerland (Inward),Capital transactions (flows),Equity capital excluding reinvested earnings,MUM,Metals and machinery,Manufacturing,CHF Millions,-225.9
2024,FDI in Switzerland (Inward),Capital transactions (flows),Equity capital excluding reinvested earnings,UIB,Other manufacturing and construction,Manufacturing,CHF Millions,703.1
2024,FDI in Switzerland (Inward),Capital transactions (flows),Equity capital excluding reinvested earnings,DU,Other services,Services,CHF Millions,1447
2024,FDI in Switzerland (Inward),Capital transactions (flows),Equity capital excluding reinvested earnings,T0,Total,Manufacturing,CHF Millions,-4349.3
2024,FDI in Switzerland (Inward),Capital transactions (flows),Equity capital excluding reinvested earnings,T1,Total,Services,CHF Millions,-70567.1
2024,FDI in Switzerland (Inward),Capital transactions (flows),Equity capital excluding reinvested earnings,T2,Total,Services,CHF Millions,-73196.3
2024,FDI in Switzerland (Inward),Capital transactions (flows),Equity capital excluding reinvested earnings,D1_2,Total,All / Total,CHF Millions,-74916.4
2024,FDI in Switzerland (Inward),Capital transactions (flows),Equity capital excluding reinvested earnings,D1_3,Total excluding special purpose entities,All / Total,CHF Millions,-50365.9
2024,FDI in Switzerland (Inward),Capital transactions (flows),Equity capital excluding reinvested earnings,H,Trade,Services,CHF Millions,3477.8
2024,FDI in Switzerland (Inward),Capital transactions (flows),Equity capital excluding reinvested earnings,TUK,Transportation and communications,Services,CHF Millions,-2070.1
2024,FDI in Switzerland (Inward),Capital transactions (flows),Equity capital excluding reinvested earnings,DSPE0,of which special purpose entities,Services,CHF Millions,-24550.5
2024,FDI in Switzerland (Inward),Capital transactions (flows),Equity capital excluding reinvested earnings,DSPE,of which special purpose entities,Services,CHF Millions,-24377.2
2024,FDI in Switzerland (Inward),Capital transactions (flows),Reinvested earnings,B,Banks,Services,CHF Millions,-426.1
2024,FDI in Switzerland (Inward),Capital transactions (flows),Reinvested earnings,CUK,Chemicals and plastics,Manufacturing,CHF Millions,4341.6
2024,FDI in Switzerland (Inward),Capital transactions (flows),Reinvested earnings,EEOU,"Electronics, energy, optical and watchmaking",Manufacturing,CHF Millions,-1500.7
2024,FDI in Switzerland (Inward),Capital transactions (flows),Reinvested earnings,V,Insurance companies,Services,CHF Millions,298.2
2024,FDI in Switzerland (Inward),Capital transactions (flows),Reinvested earnings,MUM,Metals and machinery,Manufacturing,CHF Millions,520.3
2024,FDI in Switzerland (Inward),Capital transactions (flows),Reinvested earnings,UIB,Other manufacturing and construction,Manufacturing,CHF Millions,301.9
2024,FDI in Switzerland (Inward),Capital transactions (flows),Reinvested earnings,DU,Other services,Services,CHF Millions,115.4
2024,FDI in Switzerland (Inward),Capital transactions (flows),Reinvested earnings,T0,Total,Manufacturing,CHF Millions,3663.1
2024,FDI in Switzerland (Inward),Capital transactions (flows),Reinvested earnings,T1,Total,Services,CHF Millions,-9774.2
2024,FDI in Switzerland (Inward),Capital transactions (flows),Reinvested earnings,T2,Total,Services,CHF Millions,-5495.0
2024,FDI in Switzerland (Inward),Capital transactions (flows),Reinvested earnings,D1_2,Total,All / Total,CHF Millions,-6111.0
2024,FDI in Switzerland (Inward),Capital transactions (flows),Reinvested earnings,D1_3,Total excluding special purpose entities,All / Total,CHF Millions,-6167.1
2024,FDI in Switzerland (Inward),Capital transactions (flows),Reinvested earnings,H,Trade,Services,CHF Millions,-2128.4
2024,FDI in Switzerland (Inward),Capital transactions (flows),Reinvested earnings,TUK,Transportation and communications,Services,CHF Millions,115.4
2024,FDI in Switzerland (Inward),Capital transactions (flows),Reinvested earnings,DSPE0,of which special purpose entities,Services,CHF Millions,56.1
2024,FDI in Switzerland (Inward),Capital transactions (flows),Reinvested earnings,DSPE,of which special purpose entities,Services,CHF Millions,77.6
2024,FDI in Switzerland (Inward),Capital transactions (flows),Total,B,Banks,Services,CHF Millions,68.1
2024,FDI in Switzerland (Inward),Capital transactions (flows),Total,CUK,Chemicals and plastics,Manufacturing,CHF Millions,3399.6
2024,FDI in Switzerland (Inward),Capital transactions (flows),Total,EEOU,"Electronics, energy, optical and watchmaking",Manufacturing,CHF Millions,395.9
2024,FDI in Switzerland (Inward),Capital transactions (flows),Total,V,Insurance companies,Services,CHF Millions,815.2
2024,FDI in Switzerland (Inward),Capital transactions (flows),Total,PMG,Memorandum item: Real estate activities,All / Total,CHF Millions,452.6
2024,FDI in Switzerland (Inward),Capital transactions (flows),Total,PMT,Memorandum item: Total including real estate activities,All / Total,CHF Millions,-82948.4
2024,FDI in Switzerland (Inward),Capital transactions (flows),Total,MUM,Metals and machinery,Manufacturing,CHF Millions,123.8
2024,FDI in Switzerland (Inward),Capital transactions (flows),Total,UIB,Other manufacturing and construction,Manufacturing,CHF Millions,755.2
2024,FDI in Switzerland (Inward),Capital transactions (flows),Total,DU,Other services,Services,CHF Millions,-1454.4
2024,FDI in Switzerland (Inward),Capital transactions (flows),Total,T0,Total,Manufacturing,CHF Millions,4674.5
2024,FDI in Switzerland (Inward),Capital transactions (flows),Total,T1,Total,Services,CHF Millions,-88075.5
2024,FDI in Switzerland (Inward),Capital transactions (flows),Total,T2,Total,Services,CHF Millions,-81418.4
2024,FDI in Switzerland (Inward),Capital transactions (flows),Total,D1_2,Total,All / Total,CHF Millions,-83401.0
2024,FDI in Switzerland (Inward),Capital transactions (flows),Total,D1_3,Total excluding special purpose entities,All / Total,CHF Millions,-61112.1
2024,FDI in Switzerland (Inward),Capital transactions (flows),Total,H,Trade,Services,CHF Millions,-1277.0
2024,FDI in Switzerland (Inward),Capital transactions (flows),Total,TUK,Transportation and communications,Services,CHF Millions,-4809.1
2024,FDI in Switzerland (Inward),Capital transactions (flows),Total,DSPE0,of which special purpose entities,Services,CHF Millions,-22288.9
2024,FDI in Switzerland (Inward),Capital transactions (flows),Total,DSPE,of which special purpose entities,Services,CHF Millions,-23283.5
2024,FDI in Switzerland (Inward),Investment income,Debt instruments: net interest,B,Banks,Services,CHF Millions,
2024,FDI in Switzerland (Inward),Investment income,Debt instruments: net interest,CUK,Chemicals and plastics,Manufacturing,CHF Millions,1398.4
2024,FDI in Switzerland (Inward),Investment income,Debt instruments: net interest,EEOU,"Electronics, energy, optical and watchmaking",Manufacturing,CHF Millions,160.5
2024,FDI in Switzerland (Inward),Investment income,Debt instruments: net interest,V,Insurance companies,Services,CHF Millions,-24.7
2024,FDI in Switzerland (Inward),Investment income,Debt instruments: net interest,MUM,Metals and machinery,Manufacturing,CHF Millions,161.3
2024,FDI in Switzerland (Inward),Investment income,Debt instruments: net interest,UIB,Other manufacturing and construction,Manufacturing,CHF Millions,29.0
2024,FDI in Switzerland (Inward),Investment income,Debt instruments: net interest,DU,Other services,Services,CHF Millions,-105.0
2024,FDI in Switzerland (Inward),Investment income,Debt instruments: net interest,T0,Total,Manufacturing,CHF Millions,1749.2
2024,FDI in Switzerland (Inward),Investment income,Debt instruments: net interest,T1,Total,Services,CHF Millions,-883.1
2024,FDI in Switzerland (Inward),Investment income,Debt instruments: net interest,T2,Total,Services,CHF Millions,-509.1
2024,FDI in Switzerland (Inward),Investment income,Debt instruments: net interest,D1_2,Total,All / Total,CHF Millions,866.1
2024,FDI in Switzerland (Inward),Investment income,Debt instruments: net interest,D1_3,Total excluding special purpose entities,All / Total,CHF Millions,1115.1
2024,FDI in Switzerland (Inward),Investment income,Debt instruments: net interest,H,Trade,Services,CHF Millions,-513.5
2024,FDI in Switzerland (Inward),Investment income,Debt instruments: net interest,TUK,Transportation and communications,Services,CHF Millions,269.2
2024,FDI in Switzerland (Inward),Investment income,Debt instruments: net interest,DSPE0,of which special purpose entities,Services,CHF Millions,-249.0
2024,FDI in Switzerland (Inward),Investment income,Debt instruments: net interest,DSPE,of which special purpose entities,Services,CHF Millions,-145.6
2024,FDI in Switzerland (Inward),Investment income,Dividends,B,Banks,Services,CHF Millions,1328.1
2024,FDI in Switzerland (Inward),Investment income,Dividends,CUK,Chemicals and plastics,Manufacturing,CHF Millions,8710.5
2024,FDI in Switzerland (Inward),Investment income,Dividends,EEOU,"Electronics, energy, optical and watchmaking",Manufacturing,CHF Millions,3279.2
2024,FDI in Switzerland (Inward),Investment income,Dividends,V,Insurance companies,Services,CHF Millions,3878.7
2024,FDI in Switzerland (Inward),Investment income,Dividends,MUM,Metals and machinery,Manufacturing,CHF Millions,1122.9
2024,FDI in Switzerland (Inward),Investment income,Dividends,UIB,Other manufacturing and construction,Manufacturing,CHF Millions,997.1
2024,FDI in Switzerland (Inward),Investment income,Dividends,DU,Other services,Services,CHF Millions,8949.5
2024,FDI in Switzerland (Inward),Investment income,Dividends,T0,Total,Manufacturing,CHF Millions,14109.6
2024,FDI in Switzerland (Inward),Investment income,Dividends,T1,Total,Services,CHF Millions,82852.8
2024,FDI in Switzerland (Inward),Investment income,Dividends,T2,Total,Services,CHF Millions,32063.7
2024,FDI in Switzerland (Inward),Investment income,Dividends,D1_2,Total,All / Total,CHF Millions,96962.4
2024,FDI in Switzerland (Inward),Investment income,Dividends,D1_3,Total excluding special purpose entities,All / Total,CHF Millions,90567.7
2024,FDI in Switzerland (Inward),Investment income,Dividends,H,Trade,Services,CHF Millions,35341.3
2024,FDI in Switzerland (Inward),Investment income,Dividends,TUK,Transportation and communications,Services,CHF Millions,1291.6
2024,FDI in Switzerland (Inward),Investment income,Dividends,DSPE0,of which special purpose entities,Services,CHF Millions,6394.7
2024,FDI in Switzerland (Inward),Investment income,Dividends,DSPE,of which special purpose entities,Services,CHF Millions,6261.4
2024,FDI in Switzerland (Inward),Investment income,Reinvested earnings,B,Banks,Services,CHF Millions,-426.1
2024,FDI in Switzerland (Inward),Investment income,Reinvested earnings,CUK,Chemicals and plastics,Manufacturing,CHF Millions,4341.6
2024,FDI in Switzerland (Inward),Investment income,Reinvested earnings,EEOU,"Electronics, energy, optical and watchmaking",Manufacturing,CHF Millions,-1500.7
2024,FDI in Switzerland (Inward),Investment income,Reinvested earnings,V,Insurance companies,Services,CHF Millions,298.2
2024,FDI in Switzerland (Inward),Investment income,Reinvested earnings,MUM,Metals and machinery,Manufacturing,CHF Millions,520.3
2024,FDI in Switzerland (Inward),Investment income,Reinvested earnings,UIB,Other manufacturing and construction,Manufacturing,CHF Millions,301.9
2024,FDI in Switzerland (Inward),Investment income,Reinvested earnings,DU,Other services,Services,CHF Millions,-2138.3
2024,FDI in Switzerland (Inward),Investment income,Reinvested earnings,T0,Total,Manufacturing,CHF Millions,3663.1
2024,FDI in Switzerland (Inward),Investment income,Reinvested earnings,T1,Total,Services,CHF Millions,-9774.2
2024,FDI in Switzerland (Inward),Investment income,Reinvested earnings,T2,Total,Services,CHF Millions,-5495.0
2024,FDI in Switzerland (Inward),Investment income,Reinvested earnings,D1_2,Total,All / Total,CHF Millions,-6111.0
2024,FDI in Switzerland (Inward),Investment income,Reinvested earnings,D1_3,Total excluding special purpose entities,All / Total,CHF Millions,-6167.1
2024,FDI in Switzerland (Inward),Investment income,Reinvested earnings,H,Trade,Services,CHF Millions,-2128.4
2024,FDI in Switzerland (Inward),Investment income,Reinvested earnings,TUK,Transportation and communications,Services,CHF Millions,115.4
2024,FDI in Switzerland (Inward),Investment income,Reinvested earnings,DSPE0,of which special purpose entities,Services,CHF Millions,56.1
2024,FDI in Switzerland (Inward),Investment income,Reinvested earnings,DSPE,of which special purpose entities,Services,CHF Millions,77.6
2024,FDI in Switzerland (Inward),Investment income,Total,B,Banks,Services,CHF Millions,902.0
2024,FDI in Switzerland (Inward),Investment income,Total,CUK,Chemicals and plastics,Manufacturing,CHF Millions,14450.5
2024,FDI in Switzerland (Inward),Investment income,Total,EEOU,"Electronics, energy, optical and watchmaking",Manufacturing,CHF Millions,1939.0
2024,FDI in Switzerland (Inward),Investment income,Total,V,Insurance companies,Services,CHF Millions,4152.2
2024,FDI in Switzerland (Inward),Investment income,Total,MUM,Metals and machinery,Manufacturing,CHF Millions,1804.5
2024,FDI in Switzerland (Inward),Investment income,Total,UIB,Other manufacturing and construction,Manufacturing,CHF Millions,1327.9
2024,FDI in Switzerland (Inward),Investment income,Total,DU,Other services,Services,CHF Millions,6706.2
2024,FDI in Switzerland (Inward),Investment income,Total,T0,Total,Manufacturing,CHF Millions,19521.9
2024,FDI in Switzerland (Inward),Investment income,Total,T1,Total,Services,CHF Millions,72195.6
2024,FDI in Switzerland (Inward),Investment income,Total,T2,Total,Services,CHF Millions,26059.7
2024,FDI in Switzerland (Inward),Investment income,Total,D1_2,Total,All / Total,CHF Millions,91717.5
2024,FDI in Switzerland (Inward),Investment income,Total,D1_3,Total excluding special purpose entities,All / Total,CHF Millions,85515.7
2024,FDI in Switzerland (Inward),Investment income,Total,H,Trade,Services,CHF Millions,32699.4
2024,FDI in Switzerland (Inward),Investment income,Total,TUK,Transportation and communications,Services,CHF Millions,1676.2
2024,FDI in Switzerland (Inward),Investment income,Total,DSPE0,of which special purpose entities,Services,CHF Millions,6201.8
2024,FDI in Switzerland (Inward),Investment income,Total,DSPE,of which special purpose entities,Services,CHF Millions,6193.4
2024,Swiss FDI abroad (Outward),Capital stocks,Debt instruments,B,Banks,Services,CHF Millions,
2024,Swiss FDI abroad (Outward),Capital stocks,Debt instruments,CUK,Chemicals and plastics,Manufacturing,CHF Millions,29148.4
2024,Swiss FDI abroad (Outward),Capital stocks,Debt instruments,SB,Domestically controlled,Services,CHF Millions,9062.8
2024,Swiss FDI abroad (Outward),Capital stocks,Debt instruments,EEOU,"Electronics, energy, optical and watchmaking",Manufacturing,CHF Millions,-10016.9
2024,Swiss FDI abroad (Outward),Capital stocks,Debt instruments,V,Insurance companies,Services,CHF Millions,-30670.4
2024,Swiss FDI abroad (Outward),Capital stocks,Debt instruments,MUM,Metals and machinery,Manufacturing,CHF Millions,12341.2
2024,Swiss FDI abroad (Outward),Capital stocks,Debt instruments,UIB,Other manufacturing and construction,Manufacturing,CHF Millions,12124.0
2024,Swiss FDI abroad (Outward),Capital stocks,Debt instruments,DU,Other services,Services,CHF Millions,7971.4
2024,Swiss FDI abroad (Outward),Capital stocks,Debt instruments,T0,Total,Manufacturing,CHF Millions,43596.7
2024,Swiss FDI abroad (Outward),Capital stocks,Debt instruments,T1,Total,Services,CHF Millions,-6422.8
2024,Swiss FDI abroad (Outward),Capital stocks,Debt instruments,T2,Total,Services,CHF Millions,27527.7
2024,Swiss FDI abroad (Outward),Capital stocks,Debt instruments,T3,Total,Services,CHF Millions,18464.9
2024,Swiss FDI abroad (Outward),Capital stocks,Debt instruments,D1_2,Total,All / Total,CHF Millions,37173.9
2024,Swiss FDI abroad (Outward),Capital stocks,Debt instruments,D1_5,Total excluding foreign-controlled enterprises,All / Total,CHF Millions,26427.8
2024,Swiss FDI abroad (Outward),Capital stocks,Debt instruments,D1_3,Total excluding foreign-controlled finance and holding companies,All / Total,CHF Millions,18709.0
2024,Swiss FDI abroad (Outward),Capital stocks,Debt instruments,D1_4,Total excluding special purpose entities,All / Total,CHF Millions,35142.0
2024,Swiss FDI abroad (Outward),Capital stocks,Debt instruments,D1_6,Total foreign-controlled enterprises,All / Total,CHF Millions,10746.2
2024,Swiss FDI abroad (Outward),Capital stocks,Debt instruments,H,Trade,Services,CHF Millions,-16002.3
2024,Swiss FDI abroad (Outward),Capital stocks,Debt instruments,TUK,Transportation and communications,Services,CHF Millions,4750.8
2024,Swiss FDI abroad (Outward),Capital stocks,Debt instruments,DSPE0,of which special purpose entities,Services,CHF Millions,2031.9
2024,Swiss FDI abroad (Outward),Capital stocks,Debt instruments,DSPE,of which special purpose entities,Services,CHF Millions,1951.6
2024,Swiss FDI abroad (Outward),Capital stocks,Equity capital,B,Banks,Services,CHF Millions,65649.3
2024,Swiss FDI abroad (Outward),Capital stocks,Equity capital,CUK,Chemicals and plastics,Manufacturing,CHF Millions,161068.3
2024,Swiss FDI abroad (Outward),Capital stocks,Equity capital,SB,Domestically controlled,Services,CHF Millions,71715.3
2024,Swiss FDI abroad (Outward),Capital stocks,Equity capital,EEOU,"Electronics, energy, optical and watchmaking",Manufacturing,CHF Millions,96880.8
2024,Swiss FDI abroad (Outward),Capital stocks,Equity capital,V,Insurance companies,Services,CHF Millions,140480.8
2024,Swiss FDI abroad (Outward),Capital stocks,Equity capital,PMG,Memorandum item: Real estate activities,All / Total,CHF Millions,7030.5
2024,Swiss FDI abroad (Outward),Capital stocks,Equity capital,PMT,Memorandum item: Total including real estate activities,All / Total,CHF Millions,1309997.5
2024,Swiss FDI abroad (Outward),Capital stocks,Equity capital,MUM,Metals and machinery,Manufacturing,CHF Millions,48907.2
2024,Swiss FDI abroad (Outward),Capital stocks,Equity capital,UIB,Other manufacturing and construction,Manufacturing,CHF Millions,157545.8
2024,Swiss FDI abroad (Outward),Capital stocks,Equity capital,DU,Other services,Services,CHF Millions,23541.6
2024,Swiss FDI abroad (Outward),Capital stocks,Equity capital,T0,Total,Manufacturing,CHF Millions,464402.2
2024,Swiss FDI abroad (Outward),Capital stocks,Equity capital,T1,Total,Services,CHF Millions,838564.8
2024,Swiss FDI abroad (Outward),Capital stocks,Equity capital,T2,Total,Services,CHF Millions,384577.7
2024,Swiss FDI abroad (Outward),Capital stocks,Equity capital,T3,Total,Services,CHF Millions,312862.4
2024,Swiss FDI abroad (Outward),Capital stocks,Equity capital,D1_2,Total,All / Total,CHF Millions,1302967.0
2024,Swiss FDI abroad (Outward),Capital stocks,Equity capital,D1_5,Total excluding foreign-controlled enterprises,All / Total,CHF Millions,745749.9
2024,Swiss FDI abroad (Outward),Capital stocks,Equity capital,D1_3,Total excluding foreign-controlled finance and holding companies,All / Total,CHF Millions,990104.6
2024,Swiss FDI abroad (Outward),Capital stocks,Equity capital,D1_4,Total excluding special purpose entities,All / Total,CHF Millions,1229764.7
2024,Swiss FDI abroad (Outward),Capital stocks,Equity capital,D1_6,Total foreign-controlled enterprises,All / Total,CHF Millions,557217.1
2024,Swiss FDI abroad (Outward),Capital stocks,Equity capital,H,Trade,Services,CHF Millions,203148.5
2024,Swiss FDI abroad (Outward),Capital stocks,Equity capital,TUK,Transportation and communications,Services,CHF Millions,21166.9
2024,Swiss FDI abroad (Outward),Capital stocks,Equity capital,DSPE0,of which special purpose entities,Services,CHF Millions,73202.3
2024,Swiss FDI abroad (Outward),Capital stocks,Equity capital,DSPE,of which special purpose entities,Services,CHF Millions,72028.0
2024,Swiss FDI abroad (Outward),Capital stocks,Total,B,Banks,Services,CHF Millions,65649.3
2024,Swiss FDI abroad (Outward),Capital stocks,Total,CUK,Chemicals and plastics,Manufacturing,CHF Millions,190216.7
2024,Swiss FDI abroad (Outward),Capital stocks,Total,SB,Domestically controlled,Services,CHF Millions,80778.0
2024,Swiss FDI abroad (Outward),Capital stocks,Total,EEOU,"Electronics, energy, optical and watchmaking",Manufacturing,CHF Millions,86864.0
2024,Swiss FDI abroad (Outward),Capital stocks,Total,V,Insurance companies,Services,CHF Millions,109810.4
2024,Swiss FDI abroad (Outward),Capital stocks,Total,PMG,Memorandum item: Real estate activities,All / Total,CHF Millions,7030.5
2024,Swiss FDI abroad (Outward),Capital stocks,Total,PMT,Memorandum item: Total including real estate activities,All / Total,CHF Millions,1347171.5
2024,Swiss FDI abroad (Outward),Capital stocks,Total,MUM,Metals and machinery,Manufacturing,CHF Millions,61248.5
2024,Swiss FDI abroad (Outward),Capital stocks,Total,UIB,Other manufacturing and construction,Manufacturing,CHF Millions,169669.8
2024,Swiss FDI abroad (Outward),Capital stocks,Total,DU,Other services,Services,CHF Millions,31513.0
2024,Swiss FDI abroad (Outward),Capital stocks,Total,T0,Total,Manufacturing,CHF Millions,507998.9
2024,Swiss FDI abroad (Outward),Capital stocks,Total,T1,Total,Services,CHF Millions,832142.0
2024,Swiss FDI abroad (Outward),Capital stocks,Total,T2,Total,Services,CHF Millions,412105.4
2024,Swiss FDI abroad (Outward),Capital stocks,Total,T3,Total,Services,CHF Millions,331327.3
2024,Swiss FDI abroad (Outward),Capital stocks,Total,D1_2,Total,All / Total,CHF Millions,1340140.9
2024,Swiss FDI abroad (Outward),Capital stocks,Total,D1_5,Total excluding foreign-controlled enterprises,All / Total,CHF Millions,772177.6
2024,Swiss FDI abroad (Outward),Capital stocks,Total,D1_3,Total excluding foreign-controlled finance and holding companies,All / Total,CHF Millions,1008813.6
2024,Swiss FDI abroad (Outward),Capital stocks,Total,D1_4,Total excluding special purpose entities,All / Total,CHF Millions,1264906.7
2024,Swiss FDI abroad (Outward),Capital stocks,Total,D1_6,Total foreign-controlled enterprises,All / Total,CHF Millions,567963.3
2024,Swiss FDI abroad (Outward),Capital stocks,Total,H,Trade,Services,CHF Millions,187146.2
2024,Swiss FDI abroad (Outward),Capital stocks,Total,TUK,Transportation and communications,Services,CHF Millions,25917.7
2024,Swiss FDI abroad (Outward),Capital stocks,Total,DSPE0,of which special purpose entities,Services,CHF Millions,75234.2
2024,Swiss FDI abroad (Outward),Capital stocks,Total,DSPE,of which special purpose entities,Services,CHF Millions,73979.6
2024,Swiss FDI abroad (Outward),Capital transactions (flows),Debt instruments,B,Banks,Services,CHF Millions,
2024,Swiss FDI abroad (Outward),Capital transactions (flows),Debt instruments,CUK,Chemicals and plastics,Manufacturing,CHF Millions,-671.6
2024,Swiss FDI abroad (Outward),Capital transactions (flows),Debt instruments,SB,Domestically controlled,Services,CHF Millions,-7248.2
2024,Swiss FDI abroad (Outward),Capital transactions (flows),Debt instruments,EEOU,"Electronics, energy, optical and watchmaking",Manufacturing,CHF Millions,-4758.6
2024,Swiss FDI abroad (Outward),Capital transactions (flows),Debt instruments,V,Insurance companies,Services,CHF Millions,-9627.9
2024,Swiss FDI abroad (Outward),Capital transactions (flows),Debt instruments,MUM,Metals and machinery,Manufacturing,CHF Millions,-1003.4
2024,Swiss FDI abroad (Outward),Capital transactions (flows),Debt instruments,UIB,Other manufacturing and construction,Manufacturing,CHF Millions,2134.0
2024,Swiss FDI abroad (Outward),Capital transactions (flows),Debt instruments,DU,Other services,Services,CHF Millions,1848.0
2024,Swiss FDI abroad (Outward),Capital transactions (flows),Debt instruments,T0,Total,Manufacturing,CHF Millions,-4299.6
2024,Swiss FDI abroad (Outward),Capital transactions (flows),Debt instruments,T1,Total,Services,CHF Millions,-18012.4
2024,Swiss FDI abroad (Outward),Capital transactions (flows),Debt instruments,T2,Total,Services,CHF Millions,-15977.0
2024,Swiss FDI abroad (Outward),Capital transactions (flows),Debt instruments,T3,Total,Services,CHF Millions,-8728.8
2024,Swiss FDI abroad (Outward),Capital transactions (flows),Debt instruments,D1_2,Total,All / Total,CHF Millions,-22312.0
2024,Swiss FDI abroad (Outward),Capital transactions (flows),Debt instruments,D1_5,Total excluding foreign-controlled enterprises,All / Total,CHF Millions,-12979.5
2024,Swiss FDI abroad (Outward),Capital transactions (flows),Debt instruments,D1_3,Total excluding foreign-controlled finance and holding companies,All / Total,CHF Millions,-13583.2
2024,Swiss FDI abroad (Outward),Capital transactions (flows),Debt instruments,D1_4,Total excluding special purpose entities,All / Total,CHF Millions,-21506.4
2024,Swiss FDI abroad (Outward),Capital transactions (flows),Debt instruments,D1_6,Total foreign-controlled enterprises,All / Total,CHF Millions,-9332.4
2024,Swiss FDI abroad (Outward),Capital transactions (flows),Debt instruments,H,Trade,Services,CHF Millions,1891.6
2024,Swiss FDI abroad (Outward),Capital transactions (flows),Debt instruments,TUK,Transportation and communications,Services,CHF Millions,3852.8
2024,Swiss FDI abroad (Outward),Capital transactions (flows),Debt instruments,DSPE0,of which special purpose entities,Services,CHF Millions,-805.6
2024,Swiss FDI abroad (Outward),Capital transactions (flows),Debt instruments,DSPE,of which special purpose entities,Services,CHF Millions,-698.1
2024,Swiss FDI abroad (Outward),Capital transactions (flows),Equity capital excluding reinvested earnings,B,Banks,Services,CHF Millions,30749.3
2024,Swiss FDI abroad (Outward),Capital transactions (flows),Equity capital excluding reinvested earnings,CUK,Chemicals and plastics,Manufacturing,CHF Millions,-14053.6
2024,Swiss FDI abroad (Outward),Capital transactions (flows),Equity capital excluding reinvested earnings,SB,Domestically controlled,Services,CHF Millions,5607.0
2024,Swiss FDI abroad (Outward),Capital transactions (flows),Equity capital excluding reinvested earnings,EEOU,"Electronics, energy, optical and watchmaking",Manufacturing,CHF Millions,649.9
2024,Swiss FDI abroad (Outward),Capital transactions (flows),Equity capital excluding reinvested earnings,V,Insurance companies,Services,CHF Millions,-299.6
2024,Swiss FDI abroad (Outward),Capital transactions (flows),Equity capital excluding reinvested earnings,PMG,Memorandum item: Real estate activities,All / Total,CHF Millions,-166.7
2024,Swiss FDI abroad (Outward),Capital transactions (flows),Equity capital excluding reinvested earnings,PMT,Memorandum item: Total including real estate activities,All / Total,CHF Millions,-13307.4
2024,Swiss FDI abroad (Outward),Capital transactions (flows),Equity capital excluding reinvested earnings,MUM,Metals and machinery,Manufacturing,CHF Millions,1259.4
2024,Swiss FDI abroad (Outward),Capital transactions (flows),Equity capital excluding reinvested earnings,UIB,Other manufacturing and construction,Manufacturing,CHF Millions,2793.2
2024,Swiss FDI abroad (Outward),Capital transactions (flows),Equity capital excluding reinvested earnings,DU,Other services,Services,CHF Millions,982.7
2024,Swiss FDI abroad (Outward),Capital transactions (flows),Equity capital excluding reinvested earnings,T0,Total,Manufacturing,CHF Millions,-9351.1
2024,Swiss FDI abroad (Outward),Capital transactions (flows),Equity capital excluding reinvested earnings,T1,Total,Services,CHF Millions,-3789.5
2024,Swiss FDI abroad (Outward),Capital transactions (flows),Equity capital excluding reinvested earnings,T2,Total,Services,CHF Millions,-40450.2
2024,Swiss FDI abroad (Outward),Capital transactions (flows),Equity capital excluding reinvested earnings,T3,Total,Services,CHF Millions,-46057.2
2024,Swiss FDI abroad (Outward),Capital transactions (flows),Equity capital excluding reinvested earnings,D1_2,Total,All / Total,CHF Millions,-13140.7
2024,Swiss FDI abroad (Outward),Capital transactions (flows),Equity capital excluding reinvested earnings,D1_5,Total excluding foreign-controlled enterprises,All / Total,CHF Millions,28270.5
2024,Swiss FDI abroad (Outward),Capital transactions (flows),Equity capital excluding reinvested earnings,D1_3,Total excluding foreign-controlled finance and holding companies,All / Total,CHF Millions,32916.5
2024,Swiss FDI abroad (Outward),Capital transactions (flows),Equity capital excluding reinvested earnings,D1_4,Total excluding special purpose entities,All / Total,CHF Millions,-821.9
2024,Swiss FDI abroad (Outward),Capital transactions (flows),Equity capital excluding reinvested earnings,D1_6,Total foreign-controlled enterprises,All / Total,CHF Millions,-41411.2
2024,Swiss FDI abroad (Outward),Capital transactions (flows),Equity capital excluding reinvested earnings,H,Trade,Services,CHF Millions,4590.7
2024,Swiss FDI abroad (Outward),Capital transactions (flows),Equity capital excluding reinvested earnings,TUK,Transportation and communications,Services,CHF Millions,637.5
2024,Swiss FDI abroad (Outward),Capital transactions (flows),Equity capital excluding reinvested earnings,DSPE0,of which special purpose entities,Services,CHF Millions,-12318.8
2024,Swiss FDI abroad (Outward),Capital transactions (flows),Equity capital excluding reinvested earnings,DSPE,of which special purpose entities,Services,CHF Millions,-12318.8
2024,Swiss FDI abroad (Outward),Capital transactions (flows),Reinvested earnings,B,Banks,Services,CHF Millions,-8177.5
2024,Swiss FDI abroad (Outward),Capital transactions (flows),Reinvested earnings,CUK,Chemicals and plastics,Manufacturing,CHF Millions,11773.3
2024,Swiss FDI abroad (Outward),Capital transactions (flows),Reinvested earnings,SB,Domestically controlled,Services,CHF Millions,40.6
2024,Swiss FDI abroad (Outward),Capital transactions (flows),Reinvested earnings,EEOU,"Electronics, energy, optical and watchmaking",Manufacturing,CHF Millions,6493.8
2024,Swiss FDI abroad (Outward),Capital transactions (flows),Reinvested earnings,V,Insurance companies,Services,CHF Millions,11936.4
2024,Swiss FDI abroad (Outward),Capital transactions (flows),Reinvested earnings,MUM,Metals and machinery,Manufacturing,CHF Millions,1243.3
2024,Swiss FDI abroad (Outward),Capital transactions (flows),Reinvested earnings,UIB,Other manufacturing and construction,Manufacturing,CHF Millions,4344.9
2024,Swiss FDI abroad (Outward),Capital transactions (flows),Reinvested earnings,DU,Other services,Services,CHF Millions,-1256.8
2024,Swiss FDI abroad (Outward),Capital transactions (flows),Reinvested earnings,T0,Total,Manufacturing,CHF Millions,23855.3
2024,Swiss FDI abroad (Outward),Capital transactions (flows),Reinvested earnings,T1,Total,Services,CHF Millions,516.0
2024,Swiss FDI abroad (Outward),Capital transactions (flows),Reinvested earnings,T2,Total,Services,CHF Millions,2564.9
2024,Swiss FDI abroad (Outward),Capital transactions (flows),Reinvested earnings,T3,Total,Services,CHF Millions,2524.3
2024,Swiss FDI abroad (Outward),Capital transactions (flows),Reinvested earnings,D1_2,Total,All / Total,CHF Millions,24371.3
2024,Swiss FDI abroad (Outward),Capital transactions (flows),Reinvested earnings,D1_5,Total excluding foreign-controlled enterprises,All / Total,CHF Millions,22735.5
2024,Swiss FDI abroad (Outward),Capital transactions (flows),Reinvested earnings,D1_3,Total excluding foreign-controlled finance and holding companies,All / Total,CHF Millions,21847.0
2024,Swiss FDI abroad (Outward),Capital transactions (flows),Reinvested earnings,D1_4,Total excluding special purpose entities,All / Total,CHF Millions,26090.8
2024,Swiss FDI abroad (Outward),Capital transactions (flows),Reinvested earnings,D1_6,Total foreign-controlled enterprises,All / Total,CHF Millions,1635.8
2024,Swiss FDI abroad (Outward),Capital transactions (flows),Reinvested earnings,H,Trade,Services,CHF Millions,-5213.2
2024,Swiss FDI abroad (Outward),Capital transactions (flows),Reinvested earnings,TUK,Transportation and communications,Services,CHF Millions,662.1
2024,Swiss FDI abroad (Outward),Capital transactions (flows),Reinvested earnings,DSPE0,of which special purpose entities,Services,CHF Millions,-1719.5
2024,Swiss FDI abroad (Outward),Capital transactions (flows),Reinvested earnings,DSPE,of which special purpose entities,Services,CHF Millions,-1760.4
2024,Swiss FDI abroad (Outward),Capital transactions (flows),Total,B,Banks,Services,CHF Millions,22571.8
2024,Swiss FDI abroad (Outward),Capital transactions (flows),Total,CUK,Chemicals and plastics,Manufacturing,CHF Millions,-2951.9
2024,Swiss FDI abroad (Outward),Capital transactions (flows),Total,SB,Domestically controlled,Services,CHF Millions,-1600.7
2024,Swiss FDI abroad (Outward),Capital transactions (flows),Total,EEOU,"Electronics, energy, optical and watchmaking",Manufacturing,CHF Millions,2385.1
2024,Swiss FDI abroad (Outward),Capital transactions (flows),Total,V,Insurance companies,Services,CHF Millions,2008.9
2024,Swiss FDI abroad (Outward),Capital transactions (flows),Total,PMG,Memorandum item: Real estate activities,All / Total,CHF Millions,-166.7
2024,Swiss FDI abroad (Outward),Capital transactions (flows),Total,PMT,Memorandum item: Total including real estate activities,All / Total,CHF Millions,-11248.1
2024,Swiss FDI abroad (Outward),Capital transactions (flows),Total,MUM,Metals and machinery,Manufacturing,CHF Millions,1499.3
2024,Swiss FDI abroad (Outward),Capital transactions (flows),Total,UIB,Other manufacturing and construction,Manufacturing,CHF Millions,9272.1
2024,Swiss FDI abroad (Outward),Capital transactions (flows),Total,DU,Other services,Services,CHF Millions,1574.0
2024,Swiss FDI abroad (Outward),Capital transactions (flows),Total,T0,Total,Manufacturing,CHF Millions,10204.6
2024,Swiss FDI abroad (Outward),Capital transactions (flows),Total,T1,Total,Services,CHF Millions,-21286.0
2024,Swiss FDI abroad (Outward),Capital transactions (flows),Total,T2,Total,Services,CHF Millions,-53862.2
2024,Swiss FDI abroad (Outward),Capital transactions (flows),Total,T3,Total,Services,CHF Millions,-52261.6
2024,Swiss FDI abroad (Outward),Capital transactions (flows),Total,D1_2,Total,All / Total,CHF Millions,-11081.3
2024,Swiss FDI abroad (Outward),Capital transactions (flows),Total,D1_5,Total excluding foreign-controlled enterprises,All / Total,CHF Millions,38026.5
2024,Swiss FDI abroad (Outward),Capital transactions (flows),Total,D1_3,Total excluding foreign-controlled finance and holding companies,All / Total,CHF Millions,41180.3
2024,Swiss FDI abroad (Outward),Capital transactions (flows),Total,D1_4,Total excluding special purpose entities,All / Total,CHF Millions,3762.5
2024,Swiss FDI abroad (Outward),Capital transactions (flows),Total,D1_6,Total foreign-controlled enterprises,All / Total,CHF Millions,-49107.8
2024,Swiss FDI abroad (Outward),Capital transactions (flows),Total,H,Trade,Services,CHF Millions,1269.2
2024,Swiss FDI abroad (Outward),Capital transactions (flows),Total,TUK,Transportation and communications,Services,CHF Millions,5152.4
2024,Swiss FDI abroad (Outward),Capital transactions (flows),Total,DSPE0,of which special purpose entities,Services,CHF Millions,-14843.8
2024,Swiss FDI abroad (Outward),Capital transactions (flows),Total,DSPE,of which special purpose entities,Services,CHF Millions,-14777.3
2024,Swiss FDI abroad (Outward),Investment income,Debt instruments: net interest,B,Banks,Services,CHF Millions,
2024,Swiss FDI abroad (Outward),Investment income,Debt instruments: net interest,CUK,Chemicals and plastics,Manufacturing,CHF Millions,707.4
2024,Swiss FDI abroad (Outward),Investment income,Debt instruments: net interest,SB,Domestically controlled,Services,CHF Millions,541.5
2024,Swiss FDI abroad (Outward),Investment income,Debt instruments: net interest,EEOU,"Electronics, energy, optical and watchmaking",Manufacturing,CHF Millions,-605.4
2024,Swiss FDI abroad (Outward),Investment income,Debt instruments: net interest,V,Insurance companies,Services,CHF Millions,39.8
2024,Swiss FDI abroad (Outward),Investment income,Debt instruments: net interest,MUM,Metals and machinery,Manufacturing,CHF Millions,612.5
2024,Swiss FDI abroad (Outward),Investment income,Debt instruments: net interest,UIB,Other manufacturing and construction,Manufacturing,CHF Millions,1105.5
2024,Swiss FDI abroad (Outward),Investment income,Debt instruments: net interest,DU,Other services,Services,CHF Millions,136.6
2024,Swiss FDI abroad (Outward),Investment income,Debt instruments: net interest,T0,Total,Manufacturing,CHF Millions,1820.1
2024,Swiss FDI abroad (Outward),Investment income,Debt instruments: net interest,T1,Total,Services,CHF Millions,-810.3
2024,Swiss FDI abroad (Outward),Investment income,Debt instruments: net interest,T2,Total,Services,CHF Millions,844.1
2024,Swiss FDI abroad (Outward),Investment income,Debt instruments: net interest,T3,Total,Services,CHF Millions,302.6
2024,Swiss FDI abroad (Outward),Investment income,Debt instruments: net interest,D1_2,Total,All / Total,CHF Millions,1009.8
2024,Swiss FDI abroad (Outward),Investment income,Debt instruments: net interest,D1_5,Total excluding foreign-controlled enterprises,All / Total,CHF Millions,1680.7
2024,Swiss FDI abroad (Outward),Investment income,Debt instruments: net interest,D1_3,Total excluding foreign-controlled finance and holding companies,All / Total,CHF Millions,707.3
2024,Swiss FDI abroad (Outward),Investment income,Debt instruments: net interest,D1_4,Total excluding special purpose entities,All / Total,CHF Millions,685.7
2024,Swiss FDI abroad (Outward),Investment income,Debt instruments: net interest,D1_6,Total foreign-controlled enterprises,All / Total,CHF Millions,-670.9
2024,Swiss FDI abroad (Outward),Investment income,Debt instruments: net interest,H,Trade,Services,CHF Millions,-1161.2
2024,Swiss FDI abroad (Outward),Investment income,Debt instruments: net interest,TUK,Transportation and communications,Services,CHF Millions,-669.7
2024,Swiss FDI abroad (Outward),Investment income,Debt instruments: net interest,DSPE0,of which special purpose entities,Services,CHF Millions,324.1
2024,Swiss FDI abroad (Outward),Investment income,Debt instruments: net interest,DSPE,of which special purpose entities,Services,CHF Millions,296.0
2024,Swiss FDI abroad (Outward),Investment income,Dividends,B,Banks,Services,CHF Millions,11351.8
2024,Swiss FDI abroad (Outward),Investment income,Dividends,CUK,Chemicals and plastics,Manufacturing,CHF Millions,6052.5
2024,Swiss FDI abroad (Outward),Investment income,Dividends,SB,Domestically controlled,Services,CHF Millions,1735.3
2024,Swiss FDI abroad (Outward),Investment income,Dividends,EEOU,"Electronics, energy, optical and watchmaking",Manufacturing,CHF Millions,4719.8
2024,Swiss FDI abroad (Outward),Investment income,Dividends,V,Insurance companies,Services,CHF Millions,4733.5
2024,Swiss FDI abroad (Outward),Investment income,Dividends,MUM,Metals and machinery,Manufacturing,CHF Millions,3305.4
2024,Swiss FDI abroad (Outward),Investment income,Dividends,UIB,Other manufacturing and construction,Manufacturing,CHF Millions,6814.9
2024,Swiss FDI abroad (Outward),Investment income,Dividends,DU,Other services,Services,CHF Millions,2732.4
2024,Swiss FDI abroad (Outward),Investment income,Dividends,T0,Total,Manufacturing,CHF Millions,20892.5
2024,Swiss FDI abroad (Outward),Investment income,Dividends,T1,Total,Services,CHF Millions,61508.0
2024,Swiss FDI abroad (Outward),Investment income,Dividends,T2,Total,Services,CHF Millions,20019.7
2024,Swiss FDI abroad (Outward),Investment income,Dividends,T3,Total,Services,CHF Millions,18284.4
2024,Swiss FDI abroad (Outward),Investment income,Dividends,D1_2,Total,All / Total,CHF Millions,82400.5
2024,Swiss FDI abroad (Outward),Investment income,Dividends,D1_5,Total excluding foreign-controlled enterprises,All / Total,CHF Millions,46748.0
2024,Swiss FDI abroad (Outward),Investment income,Dividends,D1_3,Total excluding foreign-controlled finance and holding companies,All / Total,CHF Millions,64116.1
2024,Swiss FDI abroad (Outward),Investment income,Dividends,D1_4,Total excluding special purpose entities,All / Total,CHF Millions,74226.6
2024,Swiss FDI abroad (Outward),Investment income,Dividends,D1_6,Total foreign-controlled enterprises,All / Total,CHF Millions,35652.5
2024,Swiss FDI abroad (Outward),Investment income,Dividends,H,Trade,Services,CHF Millions,15913.0
2024,Swiss FDI abroad (Outward),Investment income,Dividends,TUK,Transportation and communications,Services,CHF Millions,6757.6
2024,Swiss FDI abroad (Outward),Investment income,Dividends,DSPE0,of which special purpose entities,Services,CHF Millions,8173.9
2024,Swiss FDI abroad (Outward),Investment income,Dividends,DSPE,of which special purpose entities,Services,CHF Millions,8135.8
2024,Swiss FDI abroad (Outward),Investment income,Reinvested earnings,B,Banks,Services,CHF Millions,-8177.5
2024,Swiss FDI abroad (Outward),Investment income,Reinvested earnings,CUK,Chemicals and plastics,Manufacturing,CHF Millions,11773.3
2024,Swiss FDI abroad (Outward),Investment income,Reinvested earnings,SB,Domestically controlled,Services,CHF Millions,40.6
2024,Swiss FDI abroad (Outward),Investment income,Reinvested earnings,EEOU,"Electronics, energy, optical and watchmaking",Manufacturing,CHF Millions,6493.8
2024,Swiss FDI abroad (Outward),Investment income,Reinvested earnings,V,Insurance companies,Services,CHF Millions,11936.4
2024,Swiss FDI abroad (Outward),Investment income,Reinvested earnings,MUM,Metals and machinery,Manufacturing,CHF Millions,1243.3
2024,Swiss FDI abroad (Outward),Investment income,Reinvested earnings,UIB,Other manufacturing and construction,Manufacturing,CHF Millions,4344.9
2024,Swiss FDI abroad (Outward),Investment income,Reinvested earnings,DU,Other services,Services,CHF Millions,-1256.8
2024,Swiss FDI abroad (Outward),Investment income,Reinvested earnings,T0,Total,Manufacturing,CHF Millions,23855.3
2024,Swiss FDI abroad (Outward),Investment income,Reinvested earnings,T1,Total,Services,CHF Millions,516.0
2024,Swiss FDI abroad (Outward),Investment income,Reinvested earnings,T2,Total,Services,CHF Millions,2564.9
2024,Swiss FDI abroad (Outward),Investment income,Reinvested earnings,T3,Total,Services,CHF Millions,2524.3
2024,Swiss FDI abroad (Outward),Investment income,Reinvested earnings,D1_2,Total,All / Total,CHF Millions,24371.3
2024,Swiss FDI abroad (Outward),Investment income,Reinvested earnings,D1_5,Total excluding foreign-controlled enterprises,All / Total,CHF Millions,22735.5
2024,Swiss FDI abroad (Outward),Investment income,Reinvested earnings,D1_3,Total excluding foreign-controlled finance and holding companies,All / Total,CHF Millions,21847.0
2024,Swiss FDI abroad (Outward),Investment income,Reinvested earnings,D1_4,Total excluding special purpose entities,All / Total,CHF Millions,26090.8
2024,Swiss FDI abroad (Outward),Investment income,Reinvested earnings,D1_6,Total foreign-controlled enterprises,All / Total,CHF Millions,1635.8
2024,Swiss FDI abroad (Outward),Investment income,Reinvested earnings,H,Trade,Services,CHF Millions,-5213.2
2024,Swiss FDI abroad (Outward),Investment income,Reinvested earnings,TUK,Transportation and communications,Services,CHF Millions,662.1
2024,Swiss FDI abroad (Outward),Investment income,Reinvested earnings,DSPE0,of which special purpose entities,Services,CHF Millions,-1719.5
2024,Swiss FDI abroad (Outward),Investment income,Reinvested earnings,DSPE,of which special purpose entities,Services,CHF Millions,-1760.4
2024,Swiss FDI abroad (Outward),Investment income,Total,B,Banks,Services,CHF Millions,3174.3
2024,Swiss FDI abroad (Outward),Investment income,Total,CUK,Chemicals and plastics,Manufacturing,CHF Millions,18533.2
2024,Swiss FDI abroad (Outward),Investment income,Total,SB,Domestically controlled,Services,CHF Millions,2317.4
2024,Swiss FDI abroad (Outward),Investment income,Total,EEOU,"Electronics, energy, optical and watchmaking",Manufacturing,CHF Millions,10608.2
2024,Swiss FDI abroad (Outward),Investment income,Total,V,Insurance companies,Services,CHF Millions,16709.8
2024,Swiss FDI abroad (Outward),Investment income,Total,MUM,Metals and machinery,Manufacturing,CHF Millions,5161.2
2024,Swiss FDI abroad (Outward),Investment income,Total,UIB,Other manufacturing and construction,Manufacturing,CHF Millions,12265.3
2024,Swiss FDI abroad (Outward),Investment income,Total,DU,Other services,Services,CHF Millions,1612.3
2024,Swiss FDI abroad (Outward),Investment income,Total,T0,Total,Manufacturing,CHF Millions,46567.9
2024,Swiss FDI abroad (Outward),Investment income,Total,T1,Total,Services,CHF Millions,61213.7
2024,Swiss FDI abroad (Outward),Investment income,Total,T2,Total,Services,CHF Millions,23428.7
2024,Swiss FDI abroad (Outward),Investment income,Total,T3,Total,Services,CHF Millions,21111.3
2024,Swiss FDI abroad (Outward),Investment income,Total,D1_2,Total,All / Total,CHF Millions,107781.6
2024,Swiss FDI abroad (Outward),Investment income,Total,D1_5,Total excluding foreign-controlled enterprises,All / Total,CHF Millions,71164.2
2024,Swiss FDI abroad (Outward),Investment income,Total,D1_3,Total excluding foreign-controlled finance and holding companies,All / Total,CHF Millions,86670.4
2024,Swiss FDI abroad (Outward),Investment income,Total,D1_4,Total excluding special purpose entities,All / Total,CHF Millions,101003.1
2024,Swiss FDI abroad (Outward),Investment income,Total,D1_6,Total foreign-controlled enterprises,All / Total,CHF Millions,36617.4
2024,Swiss FDI abroad (Outward),Investment income,Total,H,Trade,Services,CHF Millions,9538.6
2024,Swiss FDI abroad (Outward),Investment income,Total,TUK,Transportation and communications,Services,CHF Millions,6750.1
2024,Swiss FDI abroad (Outward),Investment income,Total,DSPE0,of which special purpose entities,Services,CHF Millions,6778.5
2024,Swiss FDI abroad (Outward),Investment income,Total,DSPE,of which special purpose entities,Services,CHF Millions,6671.4
